# Blender 4.0.0
# www.blender.org
mtllib vis.mtl
o Cube
v -14.399525 0.160108 15.142107
v -14.399525 5.828139 15.142107
v -14.399525 0.160108 6.063966
v -14.399525 5.828139 6.063966
v 96.408783 0.160108 15.142107
v 96.408783 5.828139 15.142107
v 96.408783 0.160108 6.063966
v 96.408783 5.828139 6.063966
vn -1.0000 -0.0000 -0.0000
vn -0.0000 -0.0000 -1.0000
vn 1.0000 -0.0000 -0.0000
vn -0.0000 -0.0000 1.0000
vn -0.0000 -1.0000 -0.0000
vn -0.0000 1.0000 -0.0000
vt 0.000000 0.000000
vt 1.000000 0.000000
vt 1.000000 1.000000
vt 0.000000 1.000000
vt 0.000000 -4.886743
vt 1.000000 -4.886743
vt 1.000000 5.886743
vt 0.000000 5.886743
vt 0.000000 -5.708642
vt 1.000000 -5.708642
vt 1.000000 6.708642
vt 0.000000 6.708642
vt -11.978818 -0.413834
vt 12.978818 -0.413834
vt 12.978818 1.413834
vt -11.978818 1.413834
s 0
usemtl Material.001
f 1/1/1 2/2/1 4/3/1 3/4/1
f 3/5/2 4/6/2 8/7/2 7/8/2
f 7/1/3 8/2/3 6/3/3 5/4/3
f 5/9/4 6/10/4 2/11/4 1/12/4
f 3/13/5 7/14/5 5/15/5 1/16/5
f 8/13/6 4/14/6 2/15/6 6/16/6
o node.001
v -12.804789 7.340806 -1.537308
v -12.804789 28.893099 -1.537312
v -9.927875 28.893099 -1.537312
v -12.804789 7.340806 -1.537308
v -9.927875 28.893099 -1.537312
v -9.927875 7.340806 -1.537308
v -9.927875 7.340806 1.339605
v -9.927875 28.893099 1.339602
v -12.804789 28.893099 1.339602
v -9.927875 7.340806 1.339605
v -12.804789 28.893099 1.339602
v -12.804789 7.340806 1.339605
v -9.927875 7.340806 -1.537308
v -9.927875 28.893099 1.339602
v -9.927875 7.340806 1.339605
v -9.927875 7.340806 -1.537308
v -9.927875 28.893099 -1.537312
v -9.927875 28.893099 1.339602
v -12.804789 7.340806 1.339605
v -12.804789 28.893099 1.339602
v -12.804789 28.893099 -1.537312
v -12.804789 7.340806 1.339605
v -12.804789 28.893099 -1.537312
v -12.804789 7.340806 -1.537308
v -9.927875 -1.640780 -1.537307
v -12.804789 -1.640780 -1.537307
v -12.804789 7.340806 -1.537308
v -9.927875 7.340806 -1.537308
v -9.927875 -1.640780 -1.537307
v -12.804789 7.340806 -1.537308
v -12.804789 7.340806 1.339605
v -12.804789 -1.640779 1.339607
v -9.927875 7.340806 1.339605
v -12.804789 -1.640779 1.339607
v -9.927875 -1.640779 1.339607
v -9.927875 7.340806 1.339605
v -9.927875 7.340806 1.339605
v -9.927875 -1.640779 1.339607
v -9.927875 7.340806 -1.537308
v -9.927875 -1.640779 1.339607
v -9.927875 -1.640780 -1.537307
v -9.927875 7.340806 -1.537308
v -12.804789 -1.640780 -1.537307
v -12.804789 -1.640779 1.339607
v -12.804789 7.340806 1.339605
v -12.804789 7.340806 -1.537308
v -12.804789 -1.640780 -1.537307
v -12.804789 7.340806 1.339605
v -12.443419 33.562820 0.978233
v -11.366331 39.313141 -0.098856
v -12.443419 33.562820 -1.175944
v -13.162648 32.485733 1.697461
v -10.289243 33.562820 0.978233
v -12.443419 33.562820 0.978233
v -13.162648 32.485733 1.697461
v -9.570015 32.485733 1.697461
v -10.289243 33.562820 0.978233
v -11.366331 39.313141 -0.098856
v -12.443419 33.562820 0.978233
v -10.289243 33.562820 0.978233
v -9.570015 32.485733 -1.895172
v -13.162648 32.485733 -1.895172
v -12.443419 33.562820 -1.175944
v -9.570015 32.485733 -1.895172
v -12.443419 33.562820 -1.175944
v -10.289243 33.562820 -1.175944
v -11.366331 39.313141 -0.098856
v -10.289243 33.562820 -1.175944
v -12.443419 33.562820 -1.175944
v -9.570015 32.485733 1.697461
v -9.570015 32.485733 -1.895172
v -10.289243 33.562820 0.978233
v -9.570015 32.485733 -1.895172
v -10.289243 33.562820 -1.175944
v -10.289243 33.562820 0.978233
v -12.443419 33.562820 0.978233
v -12.443419 33.562820 -1.175944
v -13.162648 32.485733 -1.895172
v -12.443419 33.562820 0.978233
v -13.162648 32.485733 -1.895172
v -13.162648 32.485733 1.697461
v -10.289243 33.562820 -1.175944
v -11.366331 39.313141 -0.098856
v -10.289243 33.562820 0.978233
v -13.162648 32.485733 -1.895172
v -9.570015 32.485733 -1.895172
v -9.570015 32.485733 1.697461
v -13.162648 32.485733 -1.895172
v -9.570015 32.485733 1.697461
v -13.162648 32.485733 1.697461
v -12.804789 28.893099 -1.537312
v -9.927875 32.485733 -1.537312
v -9.927875 28.893099 -1.537312
v -12.804789 28.893099 -1.537312
v -12.804789 32.485733 -1.537312
v -9.927875 28.893099 1.339602
v -12.804789 32.485733 1.339602
v -12.804789 28.893099 1.339602
v -9.927875 28.893099 1.339602
v -9.927875 32.485733 1.339602
v -12.804789 32.485733 1.339602
v -12.804789 28.893099 1.339602
v -12.804789 32.485733 -1.537312
v -12.804789 28.893099 -1.537312
v -12.804789 28.893099 1.339602
v -12.804789 32.485733 1.339602
v -9.927875 28.893099 -1.537312
v -9.927875 32.485733 1.339602
v -9.927875 28.893099 1.339602
v -9.927875 28.893099 -1.537312
v -9.927875 32.485733 -1.537312
v -9.927875 32.485733 1.339602
vn -0.0000 -0.0000 -1.0000
vn -0.0000 -0.0000 1.0000
vn 1.0000 -0.0000 -0.0000
vn -1.0000 -0.0000 -0.0000
vn -0.9829 0.1841 -0.0000
vn -0.0000 0.5553 0.8316
vn -0.0000 0.1841 0.9829
vn -0.0000 0.5553 -0.8316
vn -0.0000 0.1841 -0.9829
vn 0.8316 0.5553 -0.0000
vn -0.8316 0.5553 -0.0000
vn 0.9829 0.1841 -0.0000
vn -0.0000 -1.0000 -0.0000
vt 0.966797 -0.966797
vt 0.966797 6.517578
vt 0.000000 6.517578
vt 0.000000 -0.966797
vt 7.953125 -0.966797
vt 8.951172 6.519531
vt 8.951172 -0.966797
vt 7.953125 6.519531
vt 0.000000 2.152344
vt 0.966797 2.152344
vt 10.947266 2.152344
vt 10.947266 -0.966797
vt 9.949219 2.152344
vt 9.949219 -0.966797
vt 1.964844 -0.218750
vt 1.216797 3.773438
vt 0.468750 -0.218750
vt 0.466797 -0.218750
vt 2.464844 -0.966797
vt 2.462891 -0.966797
vt 0.134766 1.861328
vt 0.468750 1.861328
vt 0.468750 2.193359
vt 0.134766 2.193359
vt 0.966797 -0.982422
vt 0.000000 0.000000
vt 0.000000 -0.982422
vt 0.966797 0.000000
s 1
usemtl Material_0.001
f 9/17/7 10/18/7 11/19/7
f 12/17/7 13/19/7 14/20/7
f 15/20/8 16/19/8 17/18/8
f 18/20/8 19/18/8 20/17/8
f 21/21/9 22/22/9 23/23/9
f 24/21/9 25/24/9 26/22/9
f 27/23/10 28/22/10 29/24/10
f 30/23/10 31/24/10 32/21/10
f 33/17/7 34/20/7 35/25/7
f 36/26/7 37/17/7 38/25/7
f 39/25/8 40/20/8 41/26/8
f 42/20/8 43/17/8 44/26/8
f 45/27/9 46/28/9 47/29/9
f 48/28/9 49/30/9 50/29/9
f 51/30/10 52/28/10 53/27/10
f 54/29/10 55/30/10 56/27/10
usemtl Material_1.001
f 57/31/11 58/32/11 59/33/11
f 60/20/12 61/31/12 62/34/12
f 63/20/12 64/35/12 65/31/12
f 66/32/13 67/33/13 68/31/13
f 69/20/14 70/35/14 71/31/14
f 72/20/14 73/31/14 74/33/14
f 75/32/15 76/33/15 77/31/15
f 78/20/16 79/35/16 80/33/16
f 81/35/16 82/31/16 83/33/16
f 84/31/17 85/33/17 86/20/17
f 87/31/17 88/20/17 89/36/17
f 90/31/18 91/32/18 92/33/18
f 93/37/19 94/38/19 95/39/19
f 96/37/19 97/39/19 98/40/19
usemtl Material_3.001
f 99/41/7 100/42/7 101/43/7
f 102/41/7 103/44/7 100/42/7
f 104/43/8 105/44/8 106/41/8
f 107/43/8 108/42/8 109/44/8
f 110/41/10 111/42/10 112/43/10
f 113/41/10 114/44/10 111/42/10
f 115/43/9 116/44/9 117/41/9
f 118/43/9 119/42/9 120/44/9
o node.002
v 0.282706 7.340806 18.462692
v 0.282706 28.893099 18.462688
v 3.159621 28.893099 18.462688
v 0.282706 7.340806 18.462692
v 3.159621 28.893099 18.462688
v 3.159621 7.340806 18.462692
v 3.159621 7.340806 21.339605
v 3.159621 28.893099 21.339602
v 0.282706 28.893099 21.339602
v 3.159621 7.340806 21.339605
v 0.282706 28.893099 21.339602
v 0.282706 7.340806 21.339605
v 3.159621 7.340806 18.462692
v 3.159621 28.893099 21.339602
v 3.159621 7.340806 21.339605
v 3.159621 7.340806 18.462692
v 3.159621 28.893099 18.462688
v 3.159621 28.893099 21.339602
v 0.282706 7.340806 21.339605
v 0.282706 28.893099 21.339602
v 0.282706 28.893099 18.462688
v 0.282706 7.340806 21.339605
v 0.282706 28.893099 18.462688
v 0.282706 7.340806 18.462692
v 3.159621 -1.640780 18.462692
v 0.282706 -1.640780 18.462692
v 0.282706 7.340806 18.462692
v 3.159621 7.340806 18.462692
v 3.159621 -1.640780 18.462692
v 0.282706 7.340806 18.462692
v 0.282706 7.340806 21.339605
v 0.282706 -1.640779 21.339607
v 3.159621 7.340806 21.339605
v 0.282706 -1.640779 21.339607
v 3.159621 -1.640779 21.339607
v 3.159621 7.340806 21.339605
v 3.159621 7.340806 21.339605
v 3.159621 -1.640779 21.339607
v 3.159621 7.340806 18.462692
v 3.159621 -1.640779 21.339607
v 3.159621 -1.640780 18.462692
v 3.159621 7.340806 18.462692
v 0.282706 -1.640780 18.462692
v 0.282706 -1.640779 21.339607
v 0.282706 7.340806 21.339605
v 0.282706 7.340806 18.462692
v 0.282706 -1.640780 18.462692
v 0.282706 7.340806 21.339605
v 0.644075 33.562820 20.978233
v 1.721164 39.313141 19.901144
v 0.644075 33.562820 18.824057
v -0.075154 32.485733 21.697462
v 2.798252 33.562820 20.978233
v 0.644075 33.562820 20.978233
v -0.075154 32.485733 21.697462
v 3.517480 32.485733 21.697462
v 2.798252 33.562820 20.978233
v 1.721164 39.313141 19.901144
v 0.644075 33.562820 20.978233
v 2.798252 33.562820 20.978233
v 3.517480 32.485733 18.104828
v -0.075154 32.485733 18.104828
v 0.644075 33.562820 18.824057
v 3.517480 32.485733 18.104828
v 0.644075 33.562820 18.824057
v 2.798252 33.562820 18.824057
v 1.721164 39.313141 19.901144
v 2.798252 33.562820 18.824057
v 0.644075 33.562820 18.824057
v 3.517480 32.485733 21.697462
v 3.517480 32.485733 18.104828
v 2.798252 33.562820 20.978233
v 3.517480 32.485733 18.104828
v 2.798252 33.562820 18.824057
v 2.798252 33.562820 20.978233
v 0.644075 33.562820 20.978233
v 0.644075 33.562820 18.824057
v -0.075154 32.485733 18.104828
v 0.644075 33.562820 20.978233
v -0.075154 32.485733 18.104828
v -0.075154 32.485733 21.697462
v 2.798252 33.562820 18.824057
v 1.721164 39.313141 19.901144
v 2.798252 33.562820 20.978233
v -0.075154 32.485733 18.104828
v 3.517480 32.485733 18.104828
v 3.517480 32.485733 21.697462
v -0.075154 32.485733 18.104828
v 3.517480 32.485733 21.697462
v -0.075154 32.485733 21.697462
v 0.282706 28.893099 18.462688
v 3.159621 32.485733 18.462688
v 3.159621 28.893099 18.462688
v 0.282706 28.893099 18.462688
v 0.282706 32.485733 18.462688
v 3.159621 28.893099 21.339602
v 0.282706 32.485733 21.339602
v 0.282706 28.893099 21.339602
v 3.159621 28.893099 21.339602
v 3.159621 32.485733 21.339602
v 0.282706 32.485733 21.339602
v 0.282706 28.893099 21.339602
v 0.282706 32.485733 18.462688
v 0.282706 28.893099 18.462688
v 0.282706 28.893099 21.339602
v 0.282706 32.485733 21.339602
v 3.159621 28.893099 18.462688
v 3.159621 32.485733 21.339602
v 3.159621 28.893099 21.339602
v 3.159621 28.893099 18.462688
v 3.159621 32.485733 18.462688
v 3.159621 32.485733 21.339602
vn -0.0000 -0.0000 -1.0000
vn -0.0000 -0.0000 1.0000
vn 1.0000 -0.0000 -0.0000
vn -1.0000 -0.0000 -0.0000
vn -0.9829 0.1841 -0.0000
vn -0.0000 0.5553 0.8316
vn -0.0000 0.1841 0.9829
vn -0.0000 0.5553 -0.8316
vn -0.0000 0.1841 -0.9829
vn 0.8316 0.5553 -0.0000
vn -0.8316 0.5553 -0.0000
vn 0.9829 0.1841 -0.0000
vn -0.0000 -1.0000 -0.0000
vt 0.966797 -0.966797
vt 0.966797 6.517578
vt 0.000000 6.517578
vt 0.000000 -0.966797
vt 7.953125 -0.966797
vt 8.951172 6.519531
vt 8.951172 -0.966797
vt 7.953125 6.519531
vt 0.000000 2.152344
vt 0.966797 2.152344
vt 10.947266 2.152344
vt 10.947266 -0.966797
vt 9.949219 2.152344
vt 9.949219 -0.966797
vt 1.964844 -0.218750
vt 1.216797 3.773438
vt 0.468750 -0.218750
vt 0.466797 -0.218750
vt 2.464844 -0.966797
vt 2.462891 -0.966797
vt 0.134766 1.861328
vt 0.468750 1.861328
vt 0.468750 2.193359
vt 0.134766 2.193359
vt 0.966797 -0.982422
vt 0.000000 0.000000
vt 0.000000 -0.982422
vt 0.966797 0.000000
s 1
usemtl Material_0.002
f 121/45/20 122/46/20 123/47/20
f 124/45/20 125/47/20 126/48/20
f 127/48/21 128/47/21 129/46/21
f 130/48/21 131/46/21 132/45/21
f 133/49/22 134/50/22 135/51/22
f 136/49/22 137/52/22 138/50/22
f 139/51/23 140/50/23 141/52/23
f 142/51/23 143/52/23 144/49/23
f 145/45/20 146/48/20 147/53/20
f 148/54/20 149/45/20 150/53/20
f 151/53/21 152/48/21 153/54/21
f 154/48/21 155/45/21 156/54/21
f 157/55/22 158/56/22 159/57/22
f 160/56/22 161/58/22 162/57/22
f 163/58/23 164/56/23 165/55/23
f 166/57/23 167/58/23 168/55/23
usemtl Material_1.002
f 169/59/24 170/60/24 171/61/24
f 172/48/25 173/59/25 174/62/25
f 175/48/25 176/63/25 177/59/25
f 178/60/26 179/61/26 180/59/26
f 181/48/27 182/63/27 183/59/27
f 184/48/27 185/59/27 186/61/27
f 187/60/28 188/61/28 189/59/28
f 190/48/29 191/63/29 192/61/29
f 193/63/29 194/59/29 195/61/29
f 196/59/30 197/61/30 198/48/30
f 199/59/30 200/48/30 201/64/30
f 202/59/31 203/60/31 204/61/31
f 205/65/32 206/66/32 207/67/32
f 208/65/32 209/67/32 210/68/32
usemtl Material_3.002
f 211/69/20 212/70/20 213/71/20
f 214/69/20 215/72/20 212/70/20
f 216/71/21 217/72/21 218/69/21
f 219/71/21 220/70/21 221/72/21
f 222/69/23 223/70/23 224/71/23
f 225/69/23 226/72/23 223/70/23
f 227/71/22 228/72/22 229/69/22
f 230/71/22 231/70/22 232/72/22
o node.003
v -12.818797 7.340806 18.462692
v -12.818797 28.893099 18.462688
v -9.941883 28.893099 18.462688
v -12.818797 7.340806 18.462692
v -9.941883 28.893099 18.462688
v -9.941883 7.340806 18.462692
v -9.941883 7.340806 21.339605
v -9.941883 28.893099 21.339602
v -12.818797 28.893099 21.339602
v -9.941883 7.340806 21.339605
v -12.818797 28.893099 21.339602
v -12.818797 7.340806 21.339605
v -9.941883 7.340806 18.462692
v -9.941883 28.893099 21.339602
v -9.941883 7.340806 21.339605
v -9.941883 7.340806 18.462692
v -9.941883 28.893099 18.462688
v -9.941883 28.893099 21.339602
v -12.818797 7.340806 21.339605
v -12.818797 28.893099 21.339602
v -12.818797 28.893099 18.462688
v -12.818797 7.340806 21.339605
v -12.818797 28.893099 18.462688
v -12.818797 7.340806 18.462692
v -9.941883 -1.640780 18.462692
v -12.818797 -1.640780 18.462692
v -12.818797 7.340806 18.462692
v -9.941883 7.340806 18.462692
v -9.941883 -1.640780 18.462692
v -12.818797 7.340806 18.462692
v -12.818797 7.340806 21.339605
v -12.818797 -1.640779 21.339607
v -9.941883 7.340806 21.339605
v -12.818797 -1.640779 21.339607
v -9.941883 -1.640779 21.339607
v -9.941883 7.340806 21.339605
v -9.941883 7.340806 21.339605
v -9.941883 -1.640779 21.339607
v -9.941883 7.340806 18.462692
v -9.941883 -1.640779 21.339607
v -9.941883 -1.640780 18.462692
v -9.941883 7.340806 18.462692
v -12.818797 -1.640780 18.462692
v -12.818797 -1.640779 21.339607
v -12.818797 7.340806 21.339605
v -12.818797 7.340806 18.462692
v -12.818797 -1.640780 18.462692
v -12.818797 7.340806 21.339605
v -12.457428 33.562820 20.978233
v -11.380340 39.313141 19.901144
v -12.457428 33.562820 18.824057
v -13.176657 32.485733 21.697462
v -10.303251 33.562820 20.978233
v -12.457428 33.562820 20.978233
v -13.176657 32.485733 21.697462
v -9.584023 32.485733 21.697462
v -10.303251 33.562820 20.978233
v -11.380340 39.313141 19.901144
v -12.457428 33.562820 20.978233
v -10.303251 33.562820 20.978233
v -9.584023 32.485733 18.104828
v -13.176657 32.485733 18.104828
v -12.457428 33.562820 18.824057
v -9.584023 32.485733 18.104828
v -12.457428 33.562820 18.824057
v -10.303251 33.562820 18.824057
v -11.380340 39.313141 19.901144
v -10.303251 33.562820 18.824057
v -12.457428 33.562820 18.824057
v -9.584023 32.485733 21.697462
v -9.584023 32.485733 18.104828
v -10.303251 33.562820 20.978233
v -9.584023 32.485733 18.104828
v -10.303251 33.562820 18.824057
v -10.303251 33.562820 20.978233
v -12.457428 33.562820 20.978233
v -12.457428 33.562820 18.824057
v -13.176657 32.485733 18.104828
v -12.457428 33.562820 20.978233
v -13.176657 32.485733 18.104828
v -13.176657 32.485733 21.697462
v -10.303251 33.562820 18.824057
v -11.380340 39.313141 19.901144
v -10.303251 33.562820 20.978233
v -13.176657 32.485733 18.104828
v -9.584023 32.485733 18.104828
v -9.584023 32.485733 21.697462
v -13.176657 32.485733 18.104828
v -9.584023 32.485733 21.697462
v -13.176657 32.485733 21.697462
v -12.818797 28.893099 18.462688
v -9.941883 32.485733 18.462688
v -9.941883 28.893099 18.462688
v -12.818797 28.893099 18.462688
v -12.818797 32.485733 18.462688
v -9.941883 28.893099 21.339602
v -12.818797 32.485733 21.339602
v -12.818797 28.893099 21.339602
v -9.941883 28.893099 21.339602
v -9.941883 32.485733 21.339602
v -12.818797 32.485733 21.339602
v -12.818797 28.893099 21.339602
v -12.818797 32.485733 18.462688
v -12.818797 28.893099 18.462688
v -12.818797 28.893099 21.339602
v -12.818797 32.485733 21.339602
v -9.941883 28.893099 18.462688
v -9.941883 32.485733 21.339602
v -9.941883 28.893099 21.339602
v -9.941883 28.893099 18.462688
v -9.941883 32.485733 18.462688
v -9.941883 32.485733 21.339602
vn -0.0000 -0.0000 -1.0000
vn -0.0000 -0.0000 1.0000
vn 1.0000 -0.0000 -0.0000
vn -1.0000 -0.0000 -0.0000
vn -0.9829 0.1841 -0.0000
vn -0.0000 0.5553 0.8316
vn -0.0000 0.1841 0.9829
vn -0.0000 0.5553 -0.8316
vn -0.0000 0.1841 -0.9829
vn 0.8316 0.5553 -0.0000
vn -0.8316 0.5553 -0.0000
vn 0.9829 0.1841 -0.0000
vn -0.0000 -1.0000 -0.0000
vt 0.966797 -0.966797
vt 0.966797 6.517578
vt 0.000000 6.517578
vt 0.000000 -0.966797
vt 7.953125 -0.966797
vt 8.951172 6.519531
vt 8.951172 -0.966797
vt 7.953125 6.519531
vt 0.000000 2.152344
vt 0.966797 2.152344
vt 10.947266 2.152344
vt 10.947266 -0.966797
vt 9.949219 2.152344
vt 9.949219 -0.966797
vt 1.964844 -0.218750
vt 1.216797 3.773438
vt 0.468750 -0.218750
vt 0.466797 -0.218750
vt 2.464844 -0.966797
vt 2.462891 -0.966797
vt 0.134766 1.861328
vt 0.468750 1.861328
vt 0.468750 2.193359
vt 0.134766 2.193359
vt 0.966797 -0.982422
vt 0.000000 0.000000
vt 0.000000 -0.982422
vt 0.966797 0.000000
s 1
usemtl Material_0.003
f 233/73/33 234/74/33 235/75/33
f 236/73/33 237/75/33 238/76/33
f 239/76/34 240/75/34 241/74/34
f 242/76/34 243/74/34 244/73/34
f 245/77/35 246/78/35 247/79/35
f 248/77/35 249/80/35 250/78/35
f 251/79/36 252/78/36 253/80/36
f 254/79/36 255/80/36 256/77/36
f 257/73/33 258/76/33 259/81/33
f 260/82/33 261/73/33 262/81/33
f 263/81/34 264/76/34 265/82/34
f 266/76/34 267/73/34 268/82/34
f 269/83/35 270/84/35 271/85/35
f 272/84/35 273/86/35 274/85/35
f 275/86/36 276/84/36 277/83/36
f 278/85/36 279/86/36 280/83/36
usemtl Material_1.003
f 281/87/37 282/88/37 283/89/37
f 284/76/38 285/87/38 286/90/38
f 287/76/38 288/91/38 289/87/38
f 290/88/39 291/89/39 292/87/39
f 293/76/40 294/91/40 295/87/40
f 296/76/40 297/87/40 298/89/40
f 299/88/41 300/89/41 301/87/41
f 302/76/42 303/91/42 304/89/42
f 305/91/42 306/87/42 307/89/42
f 308/87/43 309/89/43 310/76/43
f 311/87/43 312/76/43 313/92/43
f 314/87/44 315/88/44 316/89/44
f 317/93/45 318/94/45 319/95/45
f 320/93/45 321/95/45 322/96/45
usemtl Material_3.003
f 323/97/33 324/98/33 325/99/33
f 326/97/33 327/100/33 324/98/33
f 328/99/34 329/100/34 330/97/34
f 331/99/34 332/98/34 333/100/34
f 334/97/36 335/98/36 336/99/36
f 337/97/36 338/100/36 335/98/36
f 339/99/35 340/100/35 341/97/35
f 342/99/35 343/98/35 344/100/35
o node.004
v 6.908393 7.340806 18.462692
v 6.908393 28.893099 18.462688
v 9.785307 28.893099 18.462688
v 6.908393 7.340806 18.462692
v 9.785307 28.893099 18.462688
v 9.785307 7.340806 18.462692
v 9.785307 7.340806 21.339605
v 9.785307 28.893099 21.339602
v 6.908393 28.893099 21.339602
v 9.785307 7.340806 21.339605
v 6.908393 28.893099 21.339602
v 6.908393 7.340806 21.339605
v 9.785307 7.340806 18.462692
v 9.785307 28.893099 21.339602
v 9.785307 7.340806 21.339605
v 9.785307 7.340806 18.462692
v 9.785307 28.893099 18.462688
v 9.785307 28.893099 21.339602
v 6.908393 7.340806 21.339605
v 6.908393 28.893099 21.339602
v 6.908393 28.893099 18.462688
v 6.908393 7.340806 21.339605
v 6.908393 28.893099 18.462688
v 6.908393 7.340806 18.462692
v 9.785307 -1.640780 18.462692
v 6.908393 -1.640780 18.462692
v 6.908393 7.340806 18.462692
v 9.785307 7.340806 18.462692
v 9.785307 -1.640780 18.462692
v 6.908393 7.340806 18.462692
v 6.908393 7.340806 21.339605
v 6.908393 -1.640779 21.339607
v 9.785307 7.340806 21.339605
v 6.908393 -1.640779 21.339607
v 9.785307 -1.640779 21.339607
v 9.785307 7.340806 21.339605
v 9.785307 7.340806 21.339605
v 9.785307 -1.640779 21.339607
v 9.785307 7.340806 18.462692
v 9.785307 -1.640779 21.339607
v 9.785307 -1.640780 18.462692
v 9.785307 7.340806 18.462692
v 6.908393 -1.640780 18.462692
v 6.908393 -1.640779 21.339607
v 6.908393 7.340806 21.339605
v 6.908393 7.340806 18.462692
v 6.908393 -1.640780 18.462692
v 6.908393 7.340806 21.339605
v 7.269762 33.562820 20.978233
v 8.346850 39.313141 19.901144
v 7.269762 33.562820 18.824057
v 6.550533 32.485733 21.697462
v 9.423939 33.562820 20.978233
v 7.269762 33.562820 20.978233
v 6.550533 32.485733 21.697462
v 10.143167 32.485733 21.697462
v 9.423939 33.562820 20.978233
v 8.346850 39.313141 19.901144
v 7.269762 33.562820 20.978233
v 9.423939 33.562820 20.978233
v 10.143167 32.485733 18.104828
v 6.550533 32.485733 18.104828
v 7.269762 33.562820 18.824057
v 10.143167 32.485733 18.104828
v 7.269762 33.562820 18.824057
v 9.423939 33.562820 18.824057
v 8.346850 39.313141 19.901144
v 9.423939 33.562820 18.824057
v 7.269762 33.562820 18.824057
v 10.143167 32.485733 21.697462
v 10.143167 32.485733 18.104828
v 9.423939 33.562820 20.978233
v 10.143167 32.485733 18.104828
v 9.423939 33.562820 18.824057
v 9.423939 33.562820 20.978233
v 7.269762 33.562820 20.978233
v 7.269762 33.562820 18.824057
v 6.550533 32.485733 18.104828
v 7.269762 33.562820 20.978233
v 6.550533 32.485733 18.104828
v 6.550533 32.485733 21.697462
v 9.423939 33.562820 18.824057
v 8.346850 39.313141 19.901144
v 9.423939 33.562820 20.978233
v 6.550533 32.485733 18.104828
v 10.143167 32.485733 18.104828
v 10.143167 32.485733 21.697462
v 6.550533 32.485733 18.104828
v 10.143167 32.485733 21.697462
v 6.550533 32.485733 21.697462
v 6.908393 28.893099 18.462688
v 9.785307 32.485733 18.462688
v 9.785307 28.893099 18.462688
v 6.908393 28.893099 18.462688
v 6.908393 32.485733 18.462688
v 9.785307 28.893099 21.339602
v 6.908393 32.485733 21.339602
v 6.908393 28.893099 21.339602
v 9.785307 28.893099 21.339602
v 9.785307 32.485733 21.339602
v 6.908393 32.485733 21.339602
v 6.908393 28.893099 21.339602
v 6.908393 32.485733 18.462688
v 6.908393 28.893099 18.462688
v 6.908393 28.893099 21.339602
v 6.908393 32.485733 21.339602
v 9.785307 28.893099 18.462688
v 9.785307 32.485733 21.339602
v 9.785307 28.893099 21.339602
v 9.785307 28.893099 18.462688
v 9.785307 32.485733 18.462688
v 9.785307 32.485733 21.339602
vn -0.0000 -0.0000 -1.0000
vn -0.0000 -0.0000 1.0000
vn 1.0000 -0.0000 -0.0000
vn -1.0000 -0.0000 -0.0000
vn -0.9829 0.1841 -0.0000
vn -0.0000 0.5553 0.8316
vn -0.0000 0.1841 0.9829
vn -0.0000 0.5553 -0.8316
vn -0.0000 0.1841 -0.9829
vn 0.8316 0.5553 -0.0000
vn -0.8316 0.5553 -0.0000
vn 0.9829 0.1841 -0.0000
vn -0.0000 -1.0000 -0.0000
vt 0.966797 -0.966797
vt 0.966797 6.517578
vt 0.000000 6.517578
vt 0.000000 -0.966797
vt 7.953125 -0.966797
vt 8.951172 6.519531
vt 8.951172 -0.966797
vt 7.953125 6.519531
vt 0.000000 2.152344
vt 0.966797 2.152344
vt 10.947266 2.152344
vt 10.947266 -0.966797
vt 9.949219 2.152344
vt 9.949219 -0.966797
vt 1.964844 -0.218750
vt 1.216797 3.773438
vt 0.468750 -0.218750
vt 0.466797 -0.218750
vt 2.464844 -0.966797
vt 2.462891 -0.966797
vt 0.134766 1.861328
vt 0.468750 1.861328
vt 0.468750 2.193359
vt 0.134766 2.193359
vt 0.966797 -0.982422
vt 0.000000 0.000000
vt 0.000000 -0.982422
vt 0.966797 0.000000
s 1
usemtl Material_0.004
f 345/101/46 346/102/46 347/103/46
f 348/101/46 349/103/46 350/104/46
f 351/104/47 352/103/47 353/102/47
f 354/104/47 355/102/47 356/101/47
f 357/105/48 358/106/48 359/107/48
f 360/105/48 361/108/48 362/106/48
f 363/107/49 364/106/49 365/108/49
f 366/107/49 367/108/49 368/105/49
f 369/101/46 370/104/46 371/109/46
f 372/110/46 373/101/46 374/109/46
f 375/109/47 376/104/47 377/110/47
f 378/104/47 379/101/47 380/110/47
f 381/111/48 382/112/48 383/113/48
f 384/112/48 385/114/48 386/113/48
f 387/114/49 388/112/49 389/111/49
f 390/113/49 391/114/49 392/111/49
usemtl Material_1.004
f 393/115/50 394/116/50 395/117/50
f 396/104/51 397/115/51 398/118/51
f 399/104/51 400/119/51 401/115/51
f 402/116/52 403/117/52 404/115/52
f 405/104/53 406/119/53 407/115/53
f 408/104/53 409/115/53 410/117/53
f 411/116/54 412/117/54 413/115/54
f 414/104/55 415/119/55 416/117/55
f 417/119/55 418/115/55 419/117/55
f 420/115/56 421/117/56 422/104/56
f 423/115/56 424/104/56 425/120/56
f 426/115/57 427/116/57 428/117/57
f 429/121/58 430/122/58 431/123/58
f 432/121/58 433/123/58 434/124/58
usemtl Material_3.004
f 435/125/46 436/126/46 437/127/46
f 438/125/46 439/128/46 436/126/46
f 440/127/47 441/128/47 442/125/47
f 443/127/47 444/126/47 445/128/47
f 446/125/49 447/126/49 448/127/49
f 449/125/49 450/128/49 447/126/49
f 451/127/48 452/128/48 453/125/48
f 454/127/48 455/126/48 456/128/48
o node.005
v 13.907773 7.340806 18.462692
v 13.907773 28.893099 18.462688
v 16.784687 28.893099 18.462688
v 13.907773 7.340806 18.462692
v 16.784687 28.893099 18.462688
v 16.784687 7.340806 18.462692
v 16.784687 7.340806 21.339605
v 16.784687 28.893099 21.339602
v 13.907773 28.893099 21.339602
v 16.784687 7.340806 21.339605
v 13.907773 28.893099 21.339602
v 13.907773 7.340806 21.339605
v 16.784687 7.340806 18.462692
v 16.784687 28.893099 21.339602
v 16.784687 7.340806 21.339605
v 16.784687 7.340806 18.462692
v 16.784687 28.893099 18.462688
v 16.784687 28.893099 21.339602
v 13.907773 7.340806 21.339605
v 13.907773 28.893099 21.339602
v 13.907773 28.893099 18.462688
v 13.907773 7.340806 21.339605
v 13.907773 28.893099 18.462688
v 13.907773 7.340806 18.462692
v 16.784687 -1.640780 18.462692
v 13.907773 -1.640780 18.462692
v 13.907773 7.340806 18.462692
v 16.784687 7.340806 18.462692
v 16.784687 -1.640780 18.462692
v 13.907773 7.340806 18.462692
v 13.907773 7.340806 21.339605
v 13.907773 -1.640779 21.339607
v 16.784687 7.340806 21.339605
v 13.907773 -1.640779 21.339607
v 16.784687 -1.640779 21.339607
v 16.784687 7.340806 21.339605
v 16.784687 7.340806 21.339605
v 16.784687 -1.640779 21.339607
v 16.784687 7.340806 18.462692
v 16.784687 -1.640779 21.339607
v 16.784687 -1.640780 18.462692
v 16.784687 7.340806 18.462692
v 13.907773 -1.640780 18.462692
v 13.907773 -1.640779 21.339607
v 13.907773 7.340806 21.339605
v 13.907773 7.340806 18.462692
v 13.907773 -1.640780 18.462692
v 13.907773 7.340806 21.339605
v 14.269142 33.562820 20.978233
v 15.346231 39.313141 19.901144
v 14.269142 33.562820 18.824057
v 13.549913 32.485733 21.697462
v 16.423319 33.562820 20.978233
v 14.269142 33.562820 20.978233
v 13.549913 32.485733 21.697462
v 17.142548 32.485733 21.697462
v 16.423319 33.562820 20.978233
v 15.346231 39.313141 19.901144
v 14.269142 33.562820 20.978233
v 16.423319 33.562820 20.978233
v 17.142548 32.485733 18.104828
v 13.549913 32.485733 18.104828
v 14.269142 33.562820 18.824057
v 17.142548 32.485733 18.104828
v 14.269142 33.562820 18.824057
v 16.423319 33.562820 18.824057
v 15.346231 39.313141 19.901144
v 16.423319 33.562820 18.824057
v 14.269142 33.562820 18.824057
v 17.142548 32.485733 21.697462
v 17.142548 32.485733 18.104828
v 16.423319 33.562820 20.978233
v 17.142548 32.485733 18.104828
v 16.423319 33.562820 18.824057
v 16.423319 33.562820 20.978233
v 14.269142 33.562820 20.978233
v 14.269142 33.562820 18.824057
v 13.549913 32.485733 18.104828
v 14.269142 33.562820 20.978233
v 13.549913 32.485733 18.104828
v 13.549913 32.485733 21.697462
v 16.423319 33.562820 18.824057
v 15.346231 39.313141 19.901144
v 16.423319 33.562820 20.978233
v 13.549913 32.485733 18.104828
v 17.142548 32.485733 18.104828
v 17.142548 32.485733 21.697462
v 13.549913 32.485733 18.104828
v 17.142548 32.485733 21.697462
v 13.549913 32.485733 21.697462
v 13.907773 28.893099 18.462688
v 16.784687 32.485733 18.462688
v 16.784687 28.893099 18.462688
v 13.907773 28.893099 18.462688
v 13.907773 32.485733 18.462688
v 16.784687 28.893099 21.339602
v 13.907773 32.485733 21.339602
v 13.907773 28.893099 21.339602
v 16.784687 28.893099 21.339602
v 16.784687 32.485733 21.339602
v 13.907773 32.485733 21.339602
v 13.907773 28.893099 21.339602
v 13.907773 32.485733 18.462688
v 13.907773 28.893099 18.462688
v 13.907773 28.893099 21.339602
v 13.907773 32.485733 21.339602
v 16.784687 28.893099 18.462688
v 16.784687 32.485733 21.339602
v 16.784687 28.893099 21.339602
v 16.784687 28.893099 18.462688
v 16.784687 32.485733 18.462688
v 16.784687 32.485733 21.339602
vn -0.0000 -0.0000 -1.0000
vn -0.0000 -0.0000 1.0000
vn 1.0000 -0.0000 -0.0000
vn -1.0000 -0.0000 -0.0000
vn -0.9829 0.1841 -0.0000
vn -0.0000 0.5553 0.8316
vn -0.0000 0.1841 0.9829
vn -0.0000 0.5553 -0.8316
vn -0.0000 0.1841 -0.9829
vn 0.8316 0.5553 -0.0000
vn -0.8316 0.5553 -0.0000
vn 0.9829 0.1841 -0.0000
vn -0.0000 -1.0000 -0.0000
vt 0.966797 -0.966797
vt 0.966797 6.517578
vt 0.000000 6.517578
vt 0.000000 -0.966797
vt 7.953125 -0.966797
vt 8.951172 6.519531
vt 8.951172 -0.966797
vt 7.953125 6.519531
vt 0.000000 2.152344
vt 0.966797 2.152344
vt 10.947266 2.152344
vt 10.947266 -0.966797
vt 9.949219 2.152344
vt 9.949219 -0.966797
vt 1.964844 -0.218750
vt 1.216797 3.773438
vt 0.468750 -0.218750
vt 0.466797 -0.218750
vt 2.464844 -0.966797
vt 2.462891 -0.966797
vt 0.134766 1.861328
vt 0.468750 1.861328
vt 0.468750 2.193359
vt 0.134766 2.193359
vt 0.966797 -0.982422
vt 0.000000 0.000000
vt 0.000000 -0.982422
vt 0.966797 0.000000
s 1
usemtl Material_0.005
f 457/129/59 458/130/59 459/131/59
f 460/129/59 461/131/59 462/132/59
f 463/132/60 464/131/60 465/130/60
f 466/132/60 467/130/60 468/129/60
f 469/133/61 470/134/61 471/135/61
f 472/133/61 473/136/61 474/134/61
f 475/135/62 476/134/62 477/136/62
f 478/135/62 479/136/62 480/133/62
f 481/129/59 482/132/59 483/137/59
f 484/138/59 485/129/59 486/137/59
f 487/137/60 488/132/60 489/138/60
f 490/132/60 491/129/60 492/138/60
f 493/139/61 494/140/61 495/141/61
f 496/140/61 497/142/61 498/141/61
f 499/142/62 500/140/62 501/139/62
f 502/141/62 503/142/62 504/139/62
usemtl Material_1.005
f 505/143/63 506/144/63 507/145/63
f 508/132/64 509/143/64 510/146/64
f 511/132/64 512/147/64 513/143/64
f 514/144/65 515/145/65 516/143/65
f 517/132/66 518/147/66 519/143/66
f 520/132/66 521/143/66 522/145/66
f 523/144/67 524/145/67 525/143/67
f 526/132/68 527/147/68 528/145/68
f 529/147/68 530/143/68 531/145/68
f 532/143/69 533/145/69 534/132/69
f 535/143/69 536/132/69 537/148/69
f 538/143/70 539/144/70 540/145/70
f 541/149/71 542/150/71 543/151/71
f 544/149/71 545/151/71 546/152/71
usemtl Material_3.005
f 547/153/59 548/154/59 549/155/59
f 550/153/59 551/156/59 548/154/59
f 552/155/60 553/156/60 554/153/60
f 555/155/60 556/154/60 557/156/60
f 558/153/62 559/154/62 560/155/62
f 561/153/62 562/156/62 559/154/62
f 563/155/61 564/156/61 565/153/61
f 566/155/61 567/154/61 568/156/61
o node.006
v 20.888741 7.340806 18.462692
v 20.888741 28.893099 18.462688
v 23.765654 28.893099 18.462688
v 20.888741 7.340806 18.462692
v 23.765654 28.893099 18.462688
v 23.765654 7.340806 18.462692
v 23.765654 7.340806 21.339605
v 23.765654 28.893099 21.339602
v 20.888741 28.893099 21.339602
v 23.765654 7.340806 21.339605
v 20.888741 28.893099 21.339602
v 20.888741 7.340806 21.339605
v 23.765654 7.340806 18.462692
v 23.765654 28.893099 21.339602
v 23.765654 7.340806 21.339605
v 23.765654 7.340806 18.462692
v 23.765654 28.893099 18.462688
v 23.765654 28.893099 21.339602
v 20.888741 7.340806 21.339605
v 20.888741 28.893099 21.339602
v 20.888741 28.893099 18.462688
v 20.888741 7.340806 21.339605
v 20.888741 28.893099 18.462688
v 20.888741 7.340806 18.462692
v 23.765654 -1.640780 18.462692
v 20.888741 -1.640780 18.462692
v 20.888741 7.340806 18.462692
v 23.765654 7.340806 18.462692
v 23.765654 -1.640780 18.462692
v 20.888741 7.340806 18.462692
v 20.888741 7.340806 21.339605
v 20.888741 -1.640779 21.339607
v 23.765654 7.340806 21.339605
v 20.888741 -1.640779 21.339607
v 23.765654 -1.640779 21.339607
v 23.765654 7.340806 21.339605
v 23.765654 7.340806 21.339605
v 23.765654 -1.640779 21.339607
v 23.765654 7.340806 18.462692
v 23.765654 -1.640779 21.339607
v 23.765654 -1.640780 18.462692
v 23.765654 7.340806 18.462692
v 20.888741 -1.640780 18.462692
v 20.888741 -1.640779 21.339607
v 20.888741 7.340806 21.339605
v 20.888741 7.340806 18.462692
v 20.888741 -1.640780 18.462692
v 20.888741 7.340806 21.339605
v 21.250109 33.562820 20.978233
v 22.327196 39.313141 19.901144
v 21.250109 33.562820 18.824057
v 20.530880 32.485733 21.697462
v 23.404285 33.562820 20.978233
v 21.250109 33.562820 20.978233
v 20.530880 32.485733 21.697462
v 24.123514 32.485733 21.697462
v 23.404285 33.562820 20.978233
v 22.327196 39.313141 19.901144
v 21.250109 33.562820 20.978233
v 23.404285 33.562820 20.978233
v 24.123514 32.485733 18.104828
v 20.530880 32.485733 18.104828
v 21.250109 33.562820 18.824057
v 24.123514 32.485733 18.104828
v 21.250109 33.562820 18.824057
v 23.404285 33.562820 18.824057
v 22.327196 39.313141 19.901144
v 23.404285 33.562820 18.824057
v 21.250109 33.562820 18.824057
v 24.123514 32.485733 21.697462
v 24.123514 32.485733 18.104828
v 23.404285 33.562820 20.978233
v 24.123514 32.485733 18.104828
v 23.404285 33.562820 18.824057
v 23.404285 33.562820 20.978233
v 21.250109 33.562820 20.978233
v 21.250109 33.562820 18.824057
v 20.530880 32.485733 18.104828
v 21.250109 33.562820 20.978233
v 20.530880 32.485733 18.104828
v 20.530880 32.485733 21.697462
v 23.404285 33.562820 18.824057
v 22.327196 39.313141 19.901144
v 23.404285 33.562820 20.978233
v 20.530880 32.485733 18.104828
v 24.123514 32.485733 18.104828
v 24.123514 32.485733 21.697462
v 20.530880 32.485733 18.104828
v 24.123514 32.485733 21.697462
v 20.530880 32.485733 21.697462
v 20.888741 28.893099 18.462688
v 23.765654 32.485733 18.462688
v 23.765654 28.893099 18.462688
v 20.888741 28.893099 18.462688
v 20.888741 32.485733 18.462688
v 23.765654 28.893099 21.339602
v 20.888741 32.485733 21.339602
v 20.888741 28.893099 21.339602
v 23.765654 28.893099 21.339602
v 23.765654 32.485733 21.339602
v 20.888741 32.485733 21.339602
v 20.888741 28.893099 21.339602
v 20.888741 32.485733 18.462688
v 20.888741 28.893099 18.462688
v 20.888741 28.893099 21.339602
v 20.888741 32.485733 21.339602
v 23.765654 28.893099 18.462688
v 23.765654 32.485733 21.339602
v 23.765654 28.893099 21.339602
v 23.765654 28.893099 18.462688
v 23.765654 32.485733 18.462688
v 23.765654 32.485733 21.339602
vn -0.0000 -0.0000 -1.0000
vn -0.0000 -0.0000 1.0000
vn 1.0000 -0.0000 -0.0000
vn -1.0000 -0.0000 -0.0000
vn -0.9829 0.1841 -0.0000
vn -0.0000 0.5553 0.8316
vn -0.0000 0.1841 0.9829
vn -0.0000 0.5553 -0.8316
vn -0.0000 0.1841 -0.9829
vn 0.8316 0.5553 -0.0000
vn -0.8316 0.5553 -0.0000
vn 0.9829 0.1841 -0.0000
vn -0.0000 -1.0000 -0.0000
vt 0.966797 -0.966797
vt 0.966797 6.517578
vt 0.000000 6.517578
vt 0.000000 -0.966797
vt 7.953125 -0.966797
vt 8.951172 6.519531
vt 8.951172 -0.966797
vt 7.953125 6.519531
vt 0.000000 2.152344
vt 0.966797 2.152344
vt 10.947266 2.152344
vt 10.947266 -0.966797
vt 9.949219 2.152344
vt 9.949219 -0.966797
vt 1.964844 -0.218750
vt 1.216797 3.773438
vt 0.468750 -0.218750
vt 0.466797 -0.218750
vt 2.464844 -0.966797
vt 2.462891 -0.966797
vt 0.134766 1.861328
vt 0.468750 1.861328
vt 0.468750 2.193359
vt 0.134766 2.193359
vt 0.966797 -0.982422
vt 0.000000 0.000000
vt 0.000000 -0.982422
vt 0.966797 0.000000
s 1
usemtl Material_0.006
f 569/157/72 570/158/72 571/159/72
f 572/157/72 573/159/72 574/160/72
f 575/160/73 576/159/73 577/158/73
f 578/160/73 579/158/73 580/157/73
f 581/161/74 582/162/74 583/163/74
f 584/161/74 585/164/74 586/162/74
f 587/163/75 588/162/75 589/164/75
f 590/163/75 591/164/75 592/161/75
f 593/157/72 594/160/72 595/165/72
f 596/166/72 597/157/72 598/165/72
f 599/165/73 600/160/73 601/166/73
f 602/160/73 603/157/73 604/166/73
f 605/167/74 606/168/74 607/169/74
f 608/168/74 609/170/74 610/169/74
f 611/170/75 612/168/75 613/167/75
f 614/169/75 615/170/75 616/167/75
usemtl Material_1.006
f 617/171/76 618/172/76 619/173/76
f 620/160/77 621/171/77 622/174/77
f 623/160/77 624/175/77 625/171/77
f 626/172/78 627/173/78 628/171/78
f 629/160/79 630/175/79 631/171/79
f 632/160/79 633/171/79 634/173/79
f 635/172/80 636/173/80 637/171/80
f 638/160/81 639/175/81 640/173/81
f 641/175/81 642/171/81 643/173/81
f 644/171/82 645/173/82 646/160/82
f 647/171/82 648/160/82 649/176/82
f 650/171/83 651/172/83 652/173/83
f 653/177/84 654/178/84 655/179/84
f 656/177/84 657/179/84 658/180/84
usemtl Material_3.006
f 659/181/72 660/182/72 661/183/72
f 662/181/72 663/184/72 660/182/72
f 664/183/73 665/184/73 666/181/73
f 667/183/73 668/182/73 669/184/73
f 670/181/75 671/182/75 672/183/75
f 673/181/75 674/184/75 671/182/75
f 675/183/74 676/184/74 677/181/74
f 678/183/74 679/182/74 680/184/74
o node.007
v 28.015623 7.340806 18.462692
v 28.015623 28.893099 18.462688
v 30.892536 28.893099 18.462688
v 28.015623 7.340806 18.462692
v 30.892536 28.893099 18.462688
v 30.892536 7.340806 18.462692
v 30.892536 7.340806 21.339605
v 30.892536 28.893099 21.339602
v 28.015623 28.893099 21.339602
v 30.892536 7.340806 21.339605
v 28.015623 28.893099 21.339602
v 28.015623 7.340806 21.339605
v 30.892536 7.340806 18.462692
v 30.892536 28.893099 21.339602
v 30.892536 7.340806 21.339605
v 30.892536 7.340806 18.462692
v 30.892536 28.893099 18.462688
v 30.892536 28.893099 21.339602
v 28.015623 7.340806 21.339605
v 28.015623 28.893099 21.339602
v 28.015623 28.893099 18.462688
v 28.015623 7.340806 21.339605
v 28.015623 28.893099 18.462688
v 28.015623 7.340806 18.462692
v 30.892536 -1.640780 18.462692
v 28.015623 -1.640780 18.462692
v 28.015623 7.340806 18.462692
v 30.892536 7.340806 18.462692
v 30.892536 -1.640780 18.462692
v 28.015623 7.340806 18.462692
v 28.015623 7.340806 21.339605
v 28.015623 -1.640779 21.339607
v 30.892536 7.340806 21.339605
v 28.015623 -1.640779 21.339607
v 30.892536 -1.640779 21.339607
v 30.892536 7.340806 21.339605
v 30.892536 7.340806 21.339605
v 30.892536 -1.640779 21.339607
v 30.892536 7.340806 18.462692
v 30.892536 -1.640779 21.339607
v 30.892536 -1.640780 18.462692
v 30.892536 7.340806 18.462692
v 28.015623 -1.640780 18.462692
v 28.015623 -1.640779 21.339607
v 28.015623 7.340806 21.339605
v 28.015623 7.340806 18.462692
v 28.015623 -1.640780 18.462692
v 28.015623 7.340806 21.339605
v 28.376991 33.562820 20.978233
v 29.454079 39.313141 19.901144
v 28.376991 33.562820 18.824057
v 27.657763 32.485733 21.697462
v 30.531168 33.562820 20.978233
v 28.376991 33.562820 20.978233
v 27.657763 32.485733 21.697462
v 31.250397 32.485733 21.697462
v 30.531168 33.562820 20.978233
v 29.454079 39.313141 19.901144
v 28.376991 33.562820 20.978233
v 30.531168 33.562820 20.978233
v 31.250397 32.485733 18.104828
v 27.657763 32.485733 18.104828
v 28.376991 33.562820 18.824057
v 31.250397 32.485733 18.104828
v 28.376991 33.562820 18.824057
v 30.531168 33.562820 18.824057
v 29.454079 39.313141 19.901144
v 30.531168 33.562820 18.824057
v 28.376991 33.562820 18.824057
v 31.250397 32.485733 21.697462
v 31.250397 32.485733 18.104828
v 30.531168 33.562820 20.978233
v 31.250397 32.485733 18.104828
v 30.531168 33.562820 18.824057
v 30.531168 33.562820 20.978233
v 28.376991 33.562820 20.978233
v 28.376991 33.562820 18.824057
v 27.657763 32.485733 18.104828
v 28.376991 33.562820 20.978233
v 27.657763 32.485733 18.104828
v 27.657763 32.485733 21.697462
v 30.531168 33.562820 18.824057
v 29.454079 39.313141 19.901144
v 30.531168 33.562820 20.978233
v 27.657763 32.485733 18.104828
v 31.250397 32.485733 18.104828
v 31.250397 32.485733 21.697462
v 27.657763 32.485733 18.104828
v 31.250397 32.485733 21.697462
v 27.657763 32.485733 21.697462
v 28.015623 28.893099 18.462688
v 30.892536 32.485733 18.462688
v 30.892536 28.893099 18.462688
v 28.015623 28.893099 18.462688
v 28.015623 32.485733 18.462688
v 30.892536 28.893099 21.339602
v 28.015623 32.485733 21.339602
v 28.015623 28.893099 21.339602
v 30.892536 28.893099 21.339602
v 30.892536 32.485733 21.339602
v 28.015623 32.485733 21.339602
v 28.015623 28.893099 21.339602
v 28.015623 32.485733 18.462688
v 28.015623 28.893099 18.462688
v 28.015623 28.893099 21.339602
v 28.015623 32.485733 21.339602
v 30.892536 28.893099 18.462688
v 30.892536 32.485733 21.339602
v 30.892536 28.893099 21.339602
v 30.892536 28.893099 18.462688
v 30.892536 32.485733 18.462688
v 30.892536 32.485733 21.339602
vn -0.0000 -0.0000 -1.0000
vn -0.0000 -0.0000 1.0000
vn 1.0000 -0.0000 -0.0000
vn -1.0000 -0.0000 -0.0000
vn -0.9829 0.1841 -0.0000
vn -0.0000 0.5553 0.8316
vn -0.0000 0.1841 0.9829
vn -0.0000 0.5553 -0.8316
vn -0.0000 0.1841 -0.9829
vn 0.8316 0.5553 -0.0000
vn -0.8316 0.5553 -0.0000
vn 0.9829 0.1841 -0.0000
vn -0.0000 -1.0000 -0.0000
vt 0.966797 -0.966797
vt 0.966797 6.517578
vt 0.000000 6.517578
vt 0.000000 -0.966797
vt 7.953125 -0.966797
vt 8.951172 6.519531
vt 8.951172 -0.966797
vt 7.953125 6.519531
vt 0.000000 2.152344
vt 0.966797 2.152344
vt 10.947266 2.152344
vt 10.947266 -0.966797
vt 9.949219 2.152344
vt 9.949219 -0.966797
vt 1.964844 -0.218750
vt 1.216797 3.773438
vt 0.468750 -0.218750
vt 0.466797 -0.218750
vt 2.464844 -0.966797
vt 2.462891 -0.966797
vt 0.134766 1.861328
vt 0.468750 1.861328
vt 0.468750 2.193359
vt 0.134766 2.193359
vt 0.966797 -0.982422
vt 0.000000 0.000000
vt 0.000000 -0.982422
vt 0.966797 0.000000
s 1
usemtl Material_0.007
f 681/185/85 682/186/85 683/187/85
f 684/185/85 685/187/85 686/188/85
f 687/188/86 688/187/86 689/186/86
f 690/188/86 691/186/86 692/185/86
f 693/189/87 694/190/87 695/191/87
f 696/189/87 697/192/87 698/190/87
f 699/191/88 700/190/88 701/192/88
f 702/191/88 703/192/88 704/189/88
f 705/185/85 706/188/85 707/193/85
f 708/194/85 709/185/85 710/193/85
f 711/193/86 712/188/86 713/194/86
f 714/188/86 715/185/86 716/194/86
f 717/195/87 718/196/87 719/197/87
f 720/196/87 721/198/87 722/197/87
f 723/198/88 724/196/88 725/195/88
f 726/197/88 727/198/88 728/195/88
usemtl Material_1.007
f 729/199/89 730/200/89 731/201/89
f 732/188/90 733/199/90 734/202/90
f 735/188/90 736/203/90 737/199/90
f 738/200/91 739/201/91 740/199/91
f 741/188/92 742/203/92 743/199/92
f 744/188/92 745/199/92 746/201/92
f 747/200/93 748/201/93 749/199/93
f 750/188/94 751/203/94 752/201/94
f 753/203/94 754/199/94 755/201/94
f 756/199/95 757/201/95 758/188/95
f 759/199/95 760/188/95 761/204/95
f 762/199/96 763/200/96 764/201/96
f 765/205/97 766/206/97 767/207/97
f 768/205/97 769/207/97 770/208/97
usemtl Material_3.007
f 771/209/85 772/210/85 773/211/85
f 774/209/85 775/212/85 772/210/85
f 776/211/86 777/212/86 778/209/86
f 779/211/86 780/210/86 781/212/86
f 782/209/88 783/210/88 784/211/88
f 785/209/88 786/212/88 783/210/88
f 787/211/87 788/212/87 789/209/87
f 790/211/87 791/210/87 792/212/87
o node.008
v 34.532757 7.340806 18.462692
v 34.532757 28.893099 18.462688
v 37.409672 28.893099 18.462688
v 34.532757 7.340806 18.462692
v 37.409672 28.893099 18.462688
v 37.409672 7.340806 18.462692
v 37.409672 7.340806 21.339605
v 37.409672 28.893099 21.339602
v 34.532757 28.893099 21.339602
v 37.409672 7.340806 21.339605
v 34.532757 28.893099 21.339602
v 34.532757 7.340806 21.339605
v 37.409672 7.340806 18.462692
v 37.409672 28.893099 21.339602
v 37.409672 7.340806 21.339605
v 37.409672 7.340806 18.462692
v 37.409672 28.893099 18.462688
v 37.409672 28.893099 21.339602
v 34.532757 7.340806 21.339605
v 34.532757 28.893099 21.339602
v 34.532757 28.893099 18.462688
v 34.532757 7.340806 21.339605
v 34.532757 28.893099 18.462688
v 34.532757 7.340806 18.462692
v 37.409672 -1.640780 18.462692
v 34.532757 -1.640780 18.462692
v 34.532757 7.340806 18.462692
v 37.409672 7.340806 18.462692
v 37.409672 -1.640780 18.462692
v 34.532757 7.340806 18.462692
v 34.532757 7.340806 21.339605
v 34.532757 -1.640779 21.339607
v 37.409672 7.340806 21.339605
v 34.532757 -1.640779 21.339607
v 37.409672 -1.640779 21.339607
v 37.409672 7.340806 21.339605
v 37.409672 7.340806 21.339605
v 37.409672 -1.640779 21.339607
v 37.409672 7.340806 18.462692
v 37.409672 -1.640779 21.339607
v 37.409672 -1.640780 18.462692
v 37.409672 7.340806 18.462692
v 34.532757 -1.640780 18.462692
v 34.532757 -1.640779 21.339607
v 34.532757 7.340806 21.339605
v 34.532757 7.340806 18.462692
v 34.532757 -1.640780 18.462692
v 34.532757 7.340806 21.339605
v 34.894123 33.562820 20.978233
v 35.971214 39.313141 19.901144
v 34.894123 33.562820 18.824057
v 34.174896 32.485733 21.697462
v 37.048302 33.562820 20.978233
v 34.894123 33.562820 20.978233
v 34.174896 32.485733 21.697462
v 37.767529 32.485733 21.697462
v 37.048302 33.562820 20.978233
v 35.971214 39.313141 19.901144
v 34.894123 33.562820 20.978233
v 37.048302 33.562820 20.978233
v 37.767529 32.485733 18.104828
v 34.174896 32.485733 18.104828
v 34.894123 33.562820 18.824057
v 37.767529 32.485733 18.104828
v 34.894123 33.562820 18.824057
v 37.048302 33.562820 18.824057
v 35.971214 39.313141 19.901144
v 37.048302 33.562820 18.824057
v 34.894123 33.562820 18.824057
v 37.767529 32.485733 21.697462
v 37.767529 32.485733 18.104828
v 37.048302 33.562820 20.978233
v 37.767529 32.485733 18.104828
v 37.048302 33.562820 18.824057
v 37.048302 33.562820 20.978233
v 34.894123 33.562820 20.978233
v 34.894123 33.562820 18.824057
v 34.174896 32.485733 18.104828
v 34.894123 33.562820 20.978233
v 34.174896 32.485733 18.104828
v 34.174896 32.485733 21.697462
v 37.048302 33.562820 18.824057
v 35.971214 39.313141 19.901144
v 37.048302 33.562820 20.978233
v 34.174896 32.485733 18.104828
v 37.767529 32.485733 18.104828
v 37.767529 32.485733 21.697462
v 34.174896 32.485733 18.104828
v 37.767529 32.485733 21.697462
v 34.174896 32.485733 21.697462
v 34.532757 28.893099 18.462688
v 37.409672 32.485733 18.462688
v 37.409672 28.893099 18.462688
v 34.532757 28.893099 18.462688
v 34.532757 32.485733 18.462688
v 37.409672 28.893099 21.339602
v 34.532757 32.485733 21.339602
v 34.532757 28.893099 21.339602
v 37.409672 28.893099 21.339602
v 37.409672 32.485733 21.339602
v 34.532757 32.485733 21.339602
v 34.532757 28.893099 21.339602
v 34.532757 32.485733 18.462688
v 34.532757 28.893099 18.462688
v 34.532757 28.893099 21.339602
v 34.532757 32.485733 21.339602
v 37.409672 28.893099 18.462688
v 37.409672 32.485733 21.339602
v 37.409672 28.893099 21.339602
v 37.409672 28.893099 18.462688
v 37.409672 32.485733 18.462688
v 37.409672 32.485733 21.339602
vn -0.0000 -0.0000 -1.0000
vn -0.0000 -0.0000 1.0000
vn 1.0000 -0.0000 -0.0000
vn -1.0000 -0.0000 -0.0000
vn -0.9829 0.1841 -0.0000
vn -0.0000 0.5553 0.8316
vn -0.0000 0.1841 0.9829
vn -0.0000 0.5553 -0.8316
vn -0.0000 0.1841 -0.9829
vn 0.8316 0.5553 -0.0000
vn -0.8316 0.5553 -0.0000
vn 0.9829 0.1841 -0.0000
vn -0.0000 -1.0000 -0.0000
vt 0.966797 -0.966797
vt 0.966797 6.517578
vt 0.000000 6.517578
vt 0.000000 -0.966797
vt 7.953125 -0.966797
vt 8.951172 6.519531
vt 8.951172 -0.966797
vt 7.953125 6.519531
vt 0.000000 2.152344
vt 0.966797 2.152344
vt 10.947266 2.152344
vt 10.947266 -0.966797
vt 9.949219 2.152344
vt 9.949219 -0.966797
vt 1.964844 -0.218750
vt 1.216797 3.773438
vt 0.468750 -0.218750
vt 0.466797 -0.218750
vt 2.464844 -0.966797
vt 2.462891 -0.966797
vt 0.134766 1.861328
vt 0.468750 1.861328
vt 0.468750 2.193359
vt 0.134766 2.193359
vt 0.966797 -0.982422
vt 0.000000 0.000000
vt 0.000000 -0.982422
vt 0.966797 0.000000
s 1
usemtl Material_0.008
f 793/213/98 794/214/98 795/215/98
f 796/213/98 797/215/98 798/216/98
f 799/216/99 800/215/99 801/214/99
f 802/216/99 803/214/99 804/213/99
f 805/217/100 806/218/100 807/219/100
f 808/217/100 809/220/100 810/218/100
f 811/219/101 812/218/101 813/220/101
f 814/219/101 815/220/101 816/217/101
f 817/213/98 818/216/98 819/221/98
f 820/222/98 821/213/98 822/221/98
f 823/221/99 824/216/99 825/222/99
f 826/216/99 827/213/99 828/222/99
f 829/223/100 830/224/100 831/225/100
f 832/224/100 833/226/100 834/225/100
f 835/226/101 836/224/101 837/223/101
f 838/225/101 839/226/101 840/223/101
usemtl Material_1.008
f 841/227/102 842/228/102 843/229/102
f 844/216/103 845/227/103 846/230/103
f 847/216/103 848/231/103 849/227/103
f 850/228/104 851/229/104 852/227/104
f 853/216/105 854/231/105 855/227/105
f 856/216/105 857/227/105 858/229/105
f 859/228/106 860/229/106 861/227/106
f 862/216/107 863/231/107 864/229/107
f 865/231/107 866/227/107 867/229/107
f 868/227/108 869/229/108 870/216/108
f 871/227/108 872/216/108 873/232/108
f 874/227/109 875/228/109 876/229/109
f 877/233/110 878/234/110 879/235/110
f 880/233/110 881/235/110 882/236/110
usemtl Material_3.008
f 883/237/98 884/238/98 885/239/98
f 886/237/98 887/240/98 884/238/98
f 888/239/99 889/240/99 890/237/99
f 891/239/99 892/238/99 893/240/99
f 894/237/101 895/238/101 896/239/101
f 897/237/101 898/240/101 895/238/101
f 899/239/100 900/240/100 901/237/100
f 902/239/100 903/238/100 904/240/100
o node.009
v 42.381035 7.340806 18.462692
v 42.381035 28.893099 18.462688
v 45.257950 28.893099 18.462688
v 42.381035 7.340806 18.462692
v 45.257950 28.893099 18.462688
v 45.257950 7.340806 18.462692
v 45.257950 7.340806 21.339605
v 45.257950 28.893099 21.339602
v 42.381035 28.893099 21.339602
v 45.257950 7.340806 21.339605
v 42.381035 28.893099 21.339602
v 42.381035 7.340806 21.339605
v 45.257950 7.340806 18.462692
v 45.257950 28.893099 21.339602
v 45.257950 7.340806 21.339605
v 45.257950 7.340806 18.462692
v 45.257950 28.893099 18.462688
v 45.257950 28.893099 21.339602
v 42.381035 7.340806 21.339605
v 42.381035 28.893099 21.339602
v 42.381035 28.893099 18.462688
v 42.381035 7.340806 21.339605
v 42.381035 28.893099 18.462688
v 42.381035 7.340806 18.462692
v 45.257950 -1.640780 18.462692
v 42.381035 -1.640780 18.462692
v 42.381035 7.340806 18.462692
v 45.257950 7.340806 18.462692
v 45.257950 -1.640780 18.462692
v 42.381035 7.340806 18.462692
v 42.381035 7.340806 21.339605
v 42.381035 -1.640779 21.339607
v 45.257950 7.340806 21.339605
v 42.381035 -1.640779 21.339607
v 45.257950 -1.640779 21.339607
v 45.257950 7.340806 21.339605
v 45.257950 7.340806 21.339605
v 45.257950 -1.640779 21.339607
v 45.257950 7.340806 18.462692
v 45.257950 -1.640779 21.339607
v 45.257950 -1.640780 18.462692
v 45.257950 7.340806 18.462692
v 42.381035 -1.640780 18.462692
v 42.381035 -1.640779 21.339607
v 42.381035 7.340806 21.339605
v 42.381035 7.340806 18.462692
v 42.381035 -1.640780 18.462692
v 42.381035 7.340806 21.339605
v 42.742401 33.562820 20.978233
v 43.819492 39.313141 19.901144
v 42.742401 33.562820 18.824057
v 42.023174 32.485733 21.697462
v 44.896580 33.562820 20.978233
v 42.742401 33.562820 20.978233
v 42.023174 32.485733 21.697462
v 45.615807 32.485733 21.697462
v 44.896580 33.562820 20.978233
v 43.819492 39.313141 19.901144
v 42.742401 33.562820 20.978233
v 44.896580 33.562820 20.978233
v 45.615807 32.485733 18.104828
v 42.023174 32.485733 18.104828
v 42.742401 33.562820 18.824057
v 45.615807 32.485733 18.104828
v 42.742401 33.562820 18.824057
v 44.896580 33.562820 18.824057
v 43.819492 39.313141 19.901144
v 44.896580 33.562820 18.824057
v 42.742401 33.562820 18.824057
v 45.615807 32.485733 21.697462
v 45.615807 32.485733 18.104828
v 44.896580 33.562820 20.978233
v 45.615807 32.485733 18.104828
v 44.896580 33.562820 18.824057
v 44.896580 33.562820 20.978233
v 42.742401 33.562820 20.978233
v 42.742401 33.562820 18.824057
v 42.023174 32.485733 18.104828
v 42.742401 33.562820 20.978233
v 42.023174 32.485733 18.104828
v 42.023174 32.485733 21.697462
v 44.896580 33.562820 18.824057
v 43.819492 39.313141 19.901144
v 44.896580 33.562820 20.978233
v 42.023174 32.485733 18.104828
v 45.615807 32.485733 18.104828
v 45.615807 32.485733 21.697462
v 42.023174 32.485733 18.104828
v 45.615807 32.485733 21.697462
v 42.023174 32.485733 21.697462
v 42.381035 28.893099 18.462688
v 45.257950 32.485733 18.462688
v 45.257950 28.893099 18.462688
v 42.381035 28.893099 18.462688
v 42.381035 32.485733 18.462688
v 45.257950 28.893099 21.339602
v 42.381035 32.485733 21.339602
v 42.381035 28.893099 21.339602
v 45.257950 28.893099 21.339602
v 45.257950 32.485733 21.339602
v 42.381035 32.485733 21.339602
v 42.381035 28.893099 21.339602
v 42.381035 32.485733 18.462688
v 42.381035 28.893099 18.462688
v 42.381035 28.893099 21.339602
v 42.381035 32.485733 21.339602
v 45.257950 28.893099 18.462688
v 45.257950 32.485733 21.339602
v 45.257950 28.893099 21.339602
v 45.257950 28.893099 18.462688
v 45.257950 32.485733 18.462688
v 45.257950 32.485733 21.339602
vn -0.0000 -0.0000 -1.0000
vn -0.0000 -0.0000 1.0000
vn 1.0000 -0.0000 -0.0000
vn -1.0000 -0.0000 -0.0000
vn -0.9829 0.1841 -0.0000
vn -0.0000 0.5553 0.8316
vn -0.0000 0.1841 0.9829
vn -0.0000 0.5553 -0.8316
vn -0.0000 0.1841 -0.9829
vn 0.8316 0.5553 -0.0000
vn -0.8316 0.5553 -0.0000
vn 0.9829 0.1841 -0.0000
vn -0.0000 -1.0000 -0.0000
vt 0.966797 -0.966797
vt 0.966797 6.517578
vt 0.000000 6.517578
vt 0.000000 -0.966797
vt 7.953125 -0.966797
vt 8.951172 6.519531
vt 8.951172 -0.966797
vt 7.953125 6.519531
vt 0.000000 2.152344
vt 0.966797 2.152344
vt 10.947266 2.152344
vt 10.947266 -0.966797
vt 9.949219 2.152344
vt 9.949219 -0.966797
vt 1.964844 -0.218750
vt 1.216797 3.773438
vt 0.468750 -0.218750
vt 0.466797 -0.218750
vt 2.464844 -0.966797
vt 2.462891 -0.966797
vt 0.134766 1.861328
vt 0.468750 1.861328
vt 0.468750 2.193359
vt 0.134766 2.193359
vt 0.966797 -0.982422
vt 0.000000 0.000000
vt 0.000000 -0.982422
vt 0.966797 0.000000
s 1
usemtl Material_0.009
f 905/241/111 906/242/111 907/243/111
f 908/241/111 909/243/111 910/244/111
f 911/244/112 912/243/112 913/242/112
f 914/244/112 915/242/112 916/241/112
f 917/245/113 918/246/113 919/247/113
f 920/245/113 921/248/113 922/246/113
f 923/247/114 924/246/114 925/248/114
f 926/247/114 927/248/114 928/245/114
f 929/241/111 930/244/111 931/249/111
f 932/250/111 933/241/111 934/249/111
f 935/249/112 936/244/112 937/250/112
f 938/244/112 939/241/112 940/250/112
f 941/251/113 942/252/113 943/253/113
f 944/252/113 945/254/113 946/253/113
f 947/254/114 948/252/114 949/251/114
f 950/253/114 951/254/114 952/251/114
usemtl Material_1.009
f 953/255/115 954/256/115 955/257/115
f 956/244/116 957/255/116 958/258/116
f 959/244/116 960/259/116 961/255/116
f 962/256/117 963/257/117 964/255/117
f 965/244/118 966/259/118 967/255/118
f 968/244/118 969/255/118 970/257/118
f 971/256/119 972/257/119 973/255/119
f 974/244/120 975/259/120 976/257/120
f 977/259/120 978/255/120 979/257/120
f 980/255/121 981/257/121 982/244/121
f 983/255/121 984/244/121 985/260/121
f 986/255/122 987/256/122 988/257/122
f 989/261/123 990/262/123 991/263/123
f 992/261/123 993/263/123 994/264/123
usemtl Material_3.009
f 995/265/111 996/266/111 997/267/111
f 998/265/111 999/268/111 996/266/111
f 1000/267/112 1001/268/112 1002/265/112
f 1003/267/112 1004/266/112 1005/268/112
f 1006/265/114 1007/266/114 1008/267/114
f 1009/265/114 1010/268/114 1007/266/114
f 1011/267/113 1012/268/113 1013/265/113
f 1014/267/113 1015/266/113 1016/268/113
o node.010
v 50.159393 7.340806 18.462692
v 50.159393 28.893099 18.462688
v 53.036308 28.893099 18.462688
v 50.159393 7.340806 18.462692
v 53.036308 28.893099 18.462688
v 53.036308 7.340806 18.462692
v 53.036308 7.340806 21.339605
v 53.036308 28.893099 21.339602
v 50.159393 28.893099 21.339602
v 53.036308 7.340806 21.339605
v 50.159393 28.893099 21.339602
v 50.159393 7.340806 21.339605
v 53.036308 7.340806 18.462692
v 53.036308 28.893099 21.339602
v 53.036308 7.340806 21.339605
v 53.036308 7.340806 18.462692
v 53.036308 28.893099 18.462688
v 53.036308 28.893099 21.339602
v 50.159393 7.340806 21.339605
v 50.159393 28.893099 21.339602
v 50.159393 28.893099 18.462688
v 50.159393 7.340806 21.339605
v 50.159393 28.893099 18.462688
v 50.159393 7.340806 18.462692
v 53.036308 -1.640780 18.462692
v 50.159393 -1.640780 18.462692
v 50.159393 7.340806 18.462692
v 53.036308 7.340806 18.462692
v 53.036308 -1.640780 18.462692
v 50.159393 7.340806 18.462692
v 50.159393 7.340806 21.339605
v 50.159393 -1.640779 21.339607
v 53.036308 7.340806 21.339605
v 50.159393 -1.640779 21.339607
v 53.036308 -1.640779 21.339607
v 53.036308 7.340806 21.339605
v 53.036308 7.340806 21.339605
v 53.036308 -1.640779 21.339607
v 53.036308 7.340806 18.462692
v 53.036308 -1.640779 21.339607
v 53.036308 -1.640780 18.462692
v 53.036308 7.340806 18.462692
v 50.159393 -1.640780 18.462692
v 50.159393 -1.640779 21.339607
v 50.159393 7.340806 21.339605
v 50.159393 7.340806 18.462692
v 50.159393 -1.640780 18.462692
v 50.159393 7.340806 21.339605
v 50.520760 33.562820 20.978233
v 51.597851 39.313141 19.901144
v 50.520760 33.562820 18.824057
v 49.801533 32.485733 21.697462
v 52.674938 33.562820 20.978233
v 50.520760 33.562820 20.978233
v 49.801533 32.485733 21.697462
v 53.394165 32.485733 21.697462
v 52.674938 33.562820 20.978233
v 51.597851 39.313141 19.901144
v 50.520760 33.562820 20.978233
v 52.674938 33.562820 20.978233
v 53.394165 32.485733 18.104828
v 49.801533 32.485733 18.104828
v 50.520760 33.562820 18.824057
v 53.394165 32.485733 18.104828
v 50.520760 33.562820 18.824057
v 52.674938 33.562820 18.824057
v 51.597851 39.313141 19.901144
v 52.674938 33.562820 18.824057
v 50.520760 33.562820 18.824057
v 53.394165 32.485733 21.697462
v 53.394165 32.485733 18.104828
v 52.674938 33.562820 20.978233
v 53.394165 32.485733 18.104828
v 52.674938 33.562820 18.824057
v 52.674938 33.562820 20.978233
v 50.520760 33.562820 20.978233
v 50.520760 33.562820 18.824057
v 49.801533 32.485733 18.104828
v 50.520760 33.562820 20.978233
v 49.801533 32.485733 18.104828
v 49.801533 32.485733 21.697462
v 52.674938 33.562820 18.824057
v 51.597851 39.313141 19.901144
v 52.674938 33.562820 20.978233
v 49.801533 32.485733 18.104828
v 53.394165 32.485733 18.104828
v 53.394165 32.485733 21.697462
v 49.801533 32.485733 18.104828
v 53.394165 32.485733 21.697462
v 49.801533 32.485733 21.697462
v 50.159393 28.893099 18.462688
v 53.036308 32.485733 18.462688
v 53.036308 28.893099 18.462688
v 50.159393 28.893099 18.462688
v 50.159393 32.485733 18.462688
v 53.036308 28.893099 21.339602
v 50.159393 32.485733 21.339602
v 50.159393 28.893099 21.339602
v 53.036308 28.893099 21.339602
v 53.036308 32.485733 21.339602
v 50.159393 32.485733 21.339602
v 50.159393 28.893099 21.339602
v 50.159393 32.485733 18.462688
v 50.159393 28.893099 18.462688
v 50.159393 28.893099 21.339602
v 50.159393 32.485733 21.339602
v 53.036308 28.893099 18.462688
v 53.036308 32.485733 21.339602
v 53.036308 28.893099 21.339602
v 53.036308 28.893099 18.462688
v 53.036308 32.485733 18.462688
v 53.036308 32.485733 21.339602
vn -0.0000 -0.0000 -1.0000
vn -0.0000 -0.0000 1.0000
vn 1.0000 -0.0000 -0.0000
vn -1.0000 -0.0000 -0.0000
vn -0.9829 0.1841 -0.0000
vn -0.0000 0.5553 0.8316
vn -0.0000 0.1841 0.9829
vn -0.0000 0.5553 -0.8316
vn -0.0000 0.1841 -0.9829
vn 0.8316 0.5553 -0.0000
vn -0.8316 0.5553 -0.0000
vn 0.9829 0.1841 -0.0000
vn -0.0000 -1.0000 -0.0000
vt 0.966797 -0.966797
vt 0.966797 6.517578
vt 0.000000 6.517578
vt 0.000000 -0.966797
vt 7.953125 -0.966797
vt 8.951172 6.519531
vt 8.951172 -0.966797
vt 7.953125 6.519531
vt 0.000000 2.152344
vt 0.966797 2.152344
vt 10.947266 2.152344
vt 10.947266 -0.966797
vt 9.949219 2.152344
vt 9.949219 -0.966797
vt 1.964844 -0.218750
vt 1.216797 3.773438
vt 0.468750 -0.218750
vt 0.466797 -0.218750
vt 2.464844 -0.966797
vt 2.462891 -0.966797
vt 0.134766 1.861328
vt 0.468750 1.861328
vt 0.468750 2.193359
vt 0.134766 2.193359
vt 0.966797 -0.982422
vt 0.000000 0.000000
vt 0.000000 -0.982422
vt 0.966797 0.000000
s 1
usemtl Material_0.010
f 1017/269/124 1018/270/124 1019/271/124
f 1020/269/124 1021/271/124 1022/272/124
f 1023/272/125 1024/271/125 1025/270/125
f 1026/272/125 1027/270/125 1028/269/125
f 1029/273/126 1030/274/126 1031/275/126
f 1032/273/126 1033/276/126 1034/274/126
f 1035/275/127 1036/274/127 1037/276/127
f 1038/275/127 1039/276/127 1040/273/127
f 1041/269/124 1042/272/124 1043/277/124
f 1044/278/124 1045/269/124 1046/277/124
f 1047/277/125 1048/272/125 1049/278/125
f 1050/272/125 1051/269/125 1052/278/125
f 1053/279/126 1054/280/126 1055/281/126
f 1056/280/126 1057/282/126 1058/281/126
f 1059/282/127 1060/280/127 1061/279/127
f 1062/281/127 1063/282/127 1064/279/127
usemtl Material_1.010
f 1065/283/128 1066/284/128 1067/285/128
f 1068/272/129 1069/283/129 1070/286/129
f 1071/272/129 1072/287/129 1073/283/129
f 1074/284/130 1075/285/130 1076/283/130
f 1077/272/131 1078/287/131 1079/283/131
f 1080/272/131 1081/283/131 1082/285/131
f 1083/284/132 1084/285/132 1085/283/132
f 1086/272/133 1087/287/133 1088/285/133
f 1089/287/133 1090/283/133 1091/285/133
f 1092/283/134 1093/285/134 1094/272/134
f 1095/283/134 1096/272/134 1097/288/134
f 1098/283/135 1099/284/135 1100/285/135
f 1101/289/136 1102/290/136 1103/291/136
f 1104/289/136 1105/291/136 1106/292/136
usemtl Material_3.010
f 1107/293/124 1108/294/124 1109/295/124
f 1110/293/124 1111/296/124 1108/294/124
f 1112/295/125 1113/296/125 1114/293/125
f 1115/295/125 1116/294/125 1117/296/125
f 1118/293/127 1119/294/127 1120/295/127
f 1121/293/127 1122/296/127 1119/294/127
f 1123/295/126 1124/296/126 1125/293/126
f 1126/295/126 1127/294/126 1128/296/126
o node.011
v 58.841652 7.340806 18.462692
v 58.841652 28.893099 18.462688
v 61.718567 28.893099 18.462688
v 58.841652 7.340806 18.462692
v 61.718567 28.893099 18.462688
v 61.718567 7.340806 18.462692
v 61.718567 7.340806 21.339605
v 61.718567 28.893099 21.339602
v 58.841652 28.893099 21.339602
v 61.718567 7.340806 21.339605
v 58.841652 28.893099 21.339602
v 58.841652 7.340806 21.339605
v 61.718567 7.340806 18.462692
v 61.718567 28.893099 21.339602
v 61.718567 7.340806 21.339605
v 61.718567 7.340806 18.462692
v 61.718567 28.893099 18.462688
v 61.718567 28.893099 21.339602
v 58.841652 7.340806 21.339605
v 58.841652 28.893099 21.339602
v 58.841652 28.893099 18.462688
v 58.841652 7.340806 21.339605
v 58.841652 28.893099 18.462688
v 58.841652 7.340806 18.462692
v 61.718567 -1.640780 18.462692
v 58.841652 -1.640780 18.462692
v 58.841652 7.340806 18.462692
v 61.718567 7.340806 18.462692
v 61.718567 -1.640780 18.462692
v 58.841652 7.340806 18.462692
v 58.841652 7.340806 21.339605
v 58.841652 -1.640779 21.339607
v 61.718567 7.340806 21.339605
v 58.841652 -1.640779 21.339607
v 61.718567 -1.640779 21.339607
v 61.718567 7.340806 21.339605
v 61.718567 7.340806 21.339605
v 61.718567 -1.640779 21.339607
v 61.718567 7.340806 18.462692
v 61.718567 -1.640779 21.339607
v 61.718567 -1.640780 18.462692
v 61.718567 7.340806 18.462692
v 58.841652 -1.640780 18.462692
v 58.841652 -1.640779 21.339607
v 58.841652 7.340806 21.339605
v 58.841652 7.340806 18.462692
v 58.841652 -1.640780 18.462692
v 58.841652 7.340806 21.339605
v 59.203018 33.562820 20.978233
v 60.280109 39.313141 19.901144
v 59.203018 33.562820 18.824057
v 58.483791 32.485733 21.697462
v 61.357197 33.562820 20.978233
v 59.203018 33.562820 20.978233
v 58.483791 32.485733 21.697462
v 62.076424 32.485733 21.697462
v 61.357197 33.562820 20.978233
v 60.280109 39.313141 19.901144
v 59.203018 33.562820 20.978233
v 61.357197 33.562820 20.978233
v 62.076424 32.485733 18.104828
v 58.483791 32.485733 18.104828
v 59.203018 33.562820 18.824057
v 62.076424 32.485733 18.104828
v 59.203018 33.562820 18.824057
v 61.357197 33.562820 18.824057
v 60.280109 39.313141 19.901144
v 61.357197 33.562820 18.824057
v 59.203018 33.562820 18.824057
v 62.076424 32.485733 21.697462
v 62.076424 32.485733 18.104828
v 61.357197 33.562820 20.978233
v 62.076424 32.485733 18.104828
v 61.357197 33.562820 18.824057
v 61.357197 33.562820 20.978233
v 59.203018 33.562820 20.978233
v 59.203018 33.562820 18.824057
v 58.483791 32.485733 18.104828
v 59.203018 33.562820 20.978233
v 58.483791 32.485733 18.104828
v 58.483791 32.485733 21.697462
v 61.357197 33.562820 18.824057
v 60.280109 39.313141 19.901144
v 61.357197 33.562820 20.978233
v 58.483791 32.485733 18.104828
v 62.076424 32.485733 18.104828
v 62.076424 32.485733 21.697462
v 58.483791 32.485733 18.104828
v 62.076424 32.485733 21.697462
v 58.483791 32.485733 21.697462
v 58.841652 28.893099 18.462688
v 61.718567 32.485733 18.462688
v 61.718567 28.893099 18.462688
v 58.841652 28.893099 18.462688
v 58.841652 32.485733 18.462688
v 61.718567 28.893099 21.339602
v 58.841652 32.485733 21.339602
v 58.841652 28.893099 21.339602
v 61.718567 28.893099 21.339602
v 61.718567 32.485733 21.339602
v 58.841652 32.485733 21.339602
v 58.841652 28.893099 21.339602
v 58.841652 32.485733 18.462688
v 58.841652 28.893099 18.462688
v 58.841652 28.893099 21.339602
v 58.841652 32.485733 21.339602
v 61.718567 28.893099 18.462688
v 61.718567 32.485733 21.339602
v 61.718567 28.893099 21.339602
v 61.718567 28.893099 18.462688
v 61.718567 32.485733 18.462688
v 61.718567 32.485733 21.339602
vn -0.0000 -0.0000 -1.0000
vn -0.0000 -0.0000 1.0000
vn 1.0000 -0.0000 -0.0000
vn -1.0000 -0.0000 -0.0000
vn -0.9829 0.1841 -0.0000
vn -0.0000 0.5553 0.8316
vn -0.0000 0.1841 0.9829
vn -0.0000 0.5553 -0.8316
vn -0.0000 0.1841 -0.9829
vn 0.8316 0.5553 -0.0000
vn -0.8316 0.5553 -0.0000
vn 0.9829 0.1841 -0.0000
vn -0.0000 -1.0000 -0.0000
vt 0.966797 -0.966797
vt 0.966797 6.517578
vt 0.000000 6.517578
vt 0.000000 -0.966797
vt 7.953125 -0.966797
vt 8.951172 6.519531
vt 8.951172 -0.966797
vt 7.953125 6.519531
vt 0.000000 2.152344
vt 0.966797 2.152344
vt 10.947266 2.152344
vt 10.947266 -0.966797
vt 9.949219 2.152344
vt 9.949219 -0.966797
vt 1.964844 -0.218750
vt 1.216797 3.773438
vt 0.468750 -0.218750
vt 0.466797 -0.218750
vt 2.464844 -0.966797
vt 2.462891 -0.966797
vt 0.134766 1.861328
vt 0.468750 1.861328
vt 0.468750 2.193359
vt 0.134766 2.193359
vt 0.966797 -0.982422
vt 0.000000 0.000000
vt 0.000000 -0.982422
vt 0.966797 0.000000
s 1
usemtl Material_0.011
f 1129/297/137 1130/298/137 1131/299/137
f 1132/297/137 1133/299/137 1134/300/137
f 1135/300/138 1136/299/138 1137/298/138
f 1138/300/138 1139/298/138 1140/297/138
f 1141/301/139 1142/302/139 1143/303/139
f 1144/301/139 1145/304/139 1146/302/139
f 1147/303/140 1148/302/140 1149/304/140
f 1150/303/140 1151/304/140 1152/301/140
f 1153/297/137 1154/300/137 1155/305/137
f 1156/306/137 1157/297/137 1158/305/137
f 1159/305/138 1160/300/138 1161/306/138
f 1162/300/138 1163/297/138 1164/306/138
f 1165/307/139 1166/308/139 1167/309/139
f 1168/308/139 1169/310/139 1170/309/139
f 1171/310/140 1172/308/140 1173/307/140
f 1174/309/140 1175/310/140 1176/307/140
usemtl Material_1.011
f 1177/311/141 1178/312/141 1179/313/141
f 1180/300/142 1181/311/142 1182/314/142
f 1183/300/142 1184/315/142 1185/311/142
f 1186/312/143 1187/313/143 1188/311/143
f 1189/300/144 1190/315/144 1191/311/144
f 1192/300/144 1193/311/144 1194/313/144
f 1195/312/145 1196/313/145 1197/311/145
f 1198/300/146 1199/315/146 1200/313/146
f 1201/315/146 1202/311/146 1203/313/146
f 1204/311/147 1205/313/147 1206/300/147
f 1207/311/147 1208/300/147 1209/316/147
f 1210/311/148 1211/312/148 1212/313/148
f 1213/317/149 1214/318/149 1215/319/149
f 1216/317/149 1217/319/149 1218/320/149
usemtl Material_3.011
f 1219/321/137 1220/322/137 1221/323/137
f 1222/321/137 1223/324/137 1220/322/137
f 1224/323/138 1225/324/138 1226/321/138
f 1227/323/138 1228/322/138 1229/324/138
f 1230/321/140 1231/322/140 1232/323/140
f 1233/321/140 1234/324/140 1231/322/140
f 1235/323/139 1236/324/139 1237/321/139
f 1238/323/139 1239/322/139 1240/324/139
o node.012
v 66.792610 7.340806 18.462692
v 66.792610 28.893099 18.462688
v 69.669525 28.893099 18.462688
v 66.792610 7.340806 18.462692
v 69.669525 28.893099 18.462688
v 69.669525 7.340806 18.462692
v 69.669525 7.340806 21.339605
v 69.669525 28.893099 21.339602
v 66.792610 28.893099 21.339602
v 69.669525 7.340806 21.339605
v 66.792610 28.893099 21.339602
v 66.792610 7.340806 21.339605
v 69.669525 7.340806 18.462692
v 69.669525 28.893099 21.339602
v 69.669525 7.340806 21.339605
v 69.669525 7.340806 18.462692
v 69.669525 28.893099 18.462688
v 69.669525 28.893099 21.339602
v 66.792610 7.340806 21.339605
v 66.792610 28.893099 21.339602
v 66.792610 28.893099 18.462688
v 66.792610 7.340806 21.339605
v 66.792610 28.893099 18.462688
v 66.792610 7.340806 18.462692
v 69.669525 -1.640780 18.462692
v 66.792610 -1.640780 18.462692
v 66.792610 7.340806 18.462692
v 69.669525 7.340806 18.462692
v 69.669525 -1.640780 18.462692
v 66.792610 7.340806 18.462692
v 66.792610 7.340806 21.339605
v 66.792610 -1.640779 21.339607
v 69.669525 7.340806 21.339605
v 66.792610 -1.640779 21.339607
v 69.669525 -1.640779 21.339607
v 69.669525 7.340806 21.339605
v 69.669525 7.340806 21.339605
v 69.669525 -1.640779 21.339607
v 69.669525 7.340806 18.462692
v 69.669525 -1.640779 21.339607
v 69.669525 -1.640780 18.462692
v 69.669525 7.340806 18.462692
v 66.792610 -1.640780 18.462692
v 66.792610 -1.640779 21.339607
v 66.792610 7.340806 21.339605
v 66.792610 7.340806 18.462692
v 66.792610 -1.640780 18.462692
v 66.792610 7.340806 21.339605
v 67.153976 33.562820 20.978233
v 68.231064 39.313141 19.901144
v 67.153976 33.562820 18.824057
v 66.434746 32.485733 21.697462
v 69.308151 33.562820 20.978233
v 67.153976 33.562820 20.978233
v 66.434746 32.485733 21.697462
v 70.027382 32.485733 21.697462
v 69.308151 33.562820 20.978233
v 68.231064 39.313141 19.901144
v 67.153976 33.562820 20.978233
v 69.308151 33.562820 20.978233
v 70.027382 32.485733 18.104828
v 66.434746 32.485733 18.104828
v 67.153976 33.562820 18.824057
v 70.027382 32.485733 18.104828
v 67.153976 33.562820 18.824057
v 69.308151 33.562820 18.824057
v 68.231064 39.313141 19.901144
v 69.308151 33.562820 18.824057
v 67.153976 33.562820 18.824057
v 70.027382 32.485733 21.697462
v 70.027382 32.485733 18.104828
v 69.308151 33.562820 20.978233
v 70.027382 32.485733 18.104828
v 69.308151 33.562820 18.824057
v 69.308151 33.562820 20.978233
v 67.153976 33.562820 20.978233
v 67.153976 33.562820 18.824057
v 66.434746 32.485733 18.104828
v 67.153976 33.562820 20.978233
v 66.434746 32.485733 18.104828
v 66.434746 32.485733 21.697462
v 69.308151 33.562820 18.824057
v 68.231064 39.313141 19.901144
v 69.308151 33.562820 20.978233
v 66.434746 32.485733 18.104828
v 70.027382 32.485733 18.104828
v 70.027382 32.485733 21.697462
v 66.434746 32.485733 18.104828
v 70.027382 32.485733 21.697462
v 66.434746 32.485733 21.697462
v 66.792610 28.893099 18.462688
v 69.669525 32.485733 18.462688
v 69.669525 28.893099 18.462688
v 66.792610 28.893099 18.462688
v 66.792610 32.485733 18.462688
v 69.669525 28.893099 21.339602
v 66.792610 32.485733 21.339602
v 66.792610 28.893099 21.339602
v 69.669525 28.893099 21.339602
v 69.669525 32.485733 21.339602
v 66.792610 32.485733 21.339602
v 66.792610 28.893099 21.339602
v 66.792610 32.485733 18.462688
v 66.792610 28.893099 18.462688
v 66.792610 28.893099 21.339602
v 66.792610 32.485733 21.339602
v 69.669525 28.893099 18.462688
v 69.669525 32.485733 21.339602
v 69.669525 28.893099 21.339602
v 69.669525 28.893099 18.462688
v 69.669525 32.485733 18.462688
v 69.669525 32.485733 21.339602
vn -0.0000 -0.0000 -1.0000
vn -0.0000 -0.0000 1.0000
vn 1.0000 -0.0000 -0.0000
vn -1.0000 -0.0000 -0.0000
vn -0.9829 0.1841 -0.0000
vn -0.0000 0.5553 0.8316
vn -0.0000 0.1841 0.9829
vn -0.0000 0.5553 -0.8316
vn -0.0000 0.1841 -0.9829
vn 0.8316 0.5553 -0.0000
vn -0.8316 0.5553 -0.0000
vn 0.9829 0.1841 -0.0000
vn -0.0000 -1.0000 -0.0000
vt 0.966797 -0.966797
vt 0.966797 6.517578
vt 0.000000 6.517578
vt 0.000000 -0.966797
vt 7.953125 -0.966797
vt 8.951172 6.519531
vt 8.951172 -0.966797
vt 7.953125 6.519531
vt 0.000000 2.152344
vt 0.966797 2.152344
vt 10.947266 2.152344
vt 10.947266 -0.966797
vt 9.949219 2.152344
vt 9.949219 -0.966797
vt 1.964844 -0.218750
vt 1.216797 3.773438
vt 0.468750 -0.218750
vt 0.466797 -0.218750
vt 2.464844 -0.966797
vt 2.462891 -0.966797
vt 0.134766 1.861328
vt 0.468750 1.861328
vt 0.468750 2.193359
vt 0.134766 2.193359
vt 0.966797 -0.982422
vt 0.000000 0.000000
vt 0.000000 -0.982422
vt 0.966797 0.000000
s 1
usemtl Material_0.012
f 1241/325/150 1242/326/150 1243/327/150
f 1244/325/150 1245/327/150 1246/328/150
f 1247/328/151 1248/327/151 1249/326/151
f 1250/328/151 1251/326/151 1252/325/151
f 1253/329/152 1254/330/152 1255/331/152
f 1256/329/152 1257/332/152 1258/330/152
f 1259/331/153 1260/330/153 1261/332/153
f 1262/331/153 1263/332/153 1264/329/153
f 1265/325/150 1266/328/150 1267/333/150
f 1268/334/150 1269/325/150 1270/333/150
f 1271/333/151 1272/328/151 1273/334/151
f 1274/328/151 1275/325/151 1276/334/151
f 1277/335/152 1278/336/152 1279/337/152
f 1280/336/152 1281/338/152 1282/337/152
f 1283/338/153 1284/336/153 1285/335/153
f 1286/337/153 1287/338/153 1288/335/153
usemtl Material_1.012
f 1289/339/154 1290/340/154 1291/341/154
f 1292/328/155 1293/339/155 1294/342/155
f 1295/328/155 1296/343/155 1297/339/155
f 1298/340/156 1299/341/156 1300/339/156
f 1301/328/157 1302/343/157 1303/339/157
f 1304/328/157 1305/339/157 1306/341/157
f 1307/340/158 1308/341/158 1309/339/158
f 1310/328/159 1311/343/159 1312/341/159
f 1313/343/159 1314/339/159 1315/341/159
f 1316/339/160 1317/341/160 1318/328/160
f 1319/339/160 1320/328/160 1321/344/160
f 1322/339/161 1323/340/161 1324/341/161
f 1325/345/162 1326/346/162 1327/347/162
f 1328/345/162 1329/347/162 1330/348/162
usemtl Material_3.012
f 1331/349/150 1332/350/150 1333/351/150
f 1334/349/150 1335/352/150 1332/350/150
f 1336/351/151 1337/352/151 1338/349/151
f 1339/351/151 1340/350/151 1341/352/151
f 1342/349/153 1343/350/153 1344/351/153
f 1345/349/153 1346/352/153 1343/350/153
f 1347/351/152 1348/352/152 1349/349/152
f 1350/351/152 1351/350/152 1352/352/152
o node.013
v 74.322296 7.340806 18.462692
v 74.322296 28.893099 18.462688
v 77.199211 28.893099 18.462688
v 74.322296 7.340806 18.462692
v 77.199211 28.893099 18.462688
v 77.199211 7.340806 18.462692
v 77.199211 7.340806 21.339605
v 77.199211 28.893099 21.339602
v 74.322296 28.893099 21.339602
v 77.199211 7.340806 21.339605
v 74.322296 28.893099 21.339602
v 74.322296 7.340806 21.339605
v 77.199211 7.340806 18.462692
v 77.199211 28.893099 21.339602
v 77.199211 7.340806 21.339605
v 77.199211 7.340806 18.462692
v 77.199211 28.893099 18.462688
v 77.199211 28.893099 21.339602
v 74.322296 7.340806 21.339605
v 74.322296 28.893099 21.339602
v 74.322296 28.893099 18.462688
v 74.322296 7.340806 21.339605
v 74.322296 28.893099 18.462688
v 74.322296 7.340806 18.462692
v 77.199211 -1.640780 18.462692
v 74.322296 -1.640780 18.462692
v 74.322296 7.340806 18.462692
v 77.199211 7.340806 18.462692
v 77.199211 -1.640780 18.462692
v 74.322296 7.340806 18.462692
v 74.322296 7.340806 21.339605
v 74.322296 -1.640779 21.339607
v 77.199211 7.340806 21.339605
v 74.322296 -1.640779 21.339607
v 77.199211 -1.640779 21.339607
v 77.199211 7.340806 21.339605
v 77.199211 7.340806 21.339605
v 77.199211 -1.640779 21.339607
v 77.199211 7.340806 18.462692
v 77.199211 -1.640779 21.339607
v 77.199211 -1.640780 18.462692
v 77.199211 7.340806 18.462692
v 74.322296 -1.640780 18.462692
v 74.322296 -1.640779 21.339607
v 74.322296 7.340806 21.339605
v 74.322296 7.340806 18.462692
v 74.322296 -1.640780 18.462692
v 74.322296 7.340806 21.339605
v 74.683662 33.562820 20.978233
v 75.760750 39.313141 19.901144
v 74.683662 33.562820 18.824057
v 73.964432 32.485733 21.697462
v 76.837845 33.562820 20.978233
v 74.683662 33.562820 20.978233
v 73.964432 32.485733 21.697462
v 77.557068 32.485733 21.697462
v 76.837845 33.562820 20.978233
v 75.760750 39.313141 19.901144
v 74.683662 33.562820 20.978233
v 76.837845 33.562820 20.978233
v 77.557068 32.485733 18.104828
v 73.964432 32.485733 18.104828
v 74.683662 33.562820 18.824057
v 77.557068 32.485733 18.104828
v 74.683662 33.562820 18.824057
v 76.837845 33.562820 18.824057
v 75.760750 39.313141 19.901144
v 76.837845 33.562820 18.824057
v 74.683662 33.562820 18.824057
v 77.557068 32.485733 21.697462
v 77.557068 32.485733 18.104828
v 76.837845 33.562820 20.978233
v 77.557068 32.485733 18.104828
v 76.837845 33.562820 18.824057
v 76.837845 33.562820 20.978233
v 74.683662 33.562820 20.978233
v 74.683662 33.562820 18.824057
v 73.964432 32.485733 18.104828
v 74.683662 33.562820 20.978233
v 73.964432 32.485733 18.104828
v 73.964432 32.485733 21.697462
v 76.837845 33.562820 18.824057
v 75.760750 39.313141 19.901144
v 76.837845 33.562820 20.978233
v 73.964432 32.485733 18.104828
v 77.557068 32.485733 18.104828
v 77.557068 32.485733 21.697462
v 73.964432 32.485733 18.104828
v 77.557068 32.485733 21.697462
v 73.964432 32.485733 21.697462
v 74.322296 28.893099 18.462688
v 77.199211 32.485733 18.462688
v 77.199211 28.893099 18.462688
v 74.322296 28.893099 18.462688
v 74.322296 32.485733 18.462688
v 77.199211 28.893099 21.339602
v 74.322296 32.485733 21.339602
v 74.322296 28.893099 21.339602
v 77.199211 28.893099 21.339602
v 77.199211 32.485733 21.339602
v 74.322296 32.485733 21.339602
v 74.322296 28.893099 21.339602
v 74.322296 32.485733 18.462688
v 74.322296 28.893099 18.462688
v 74.322296 28.893099 21.339602
v 74.322296 32.485733 21.339602
v 77.199211 28.893099 18.462688
v 77.199211 32.485733 21.339602
v 77.199211 28.893099 21.339602
v 77.199211 28.893099 18.462688
v 77.199211 32.485733 18.462688
v 77.199211 32.485733 21.339602
vn -0.0000 -0.0000 -1.0000
vn -0.0000 -0.0000 1.0000
vn 1.0000 -0.0000 -0.0000
vn -1.0000 -0.0000 -0.0000
vn -0.9829 0.1841 -0.0000
vn -0.0000 0.5553 0.8316
vn -0.0000 0.1841 0.9829
vn -0.0000 0.5553 -0.8316
vn -0.0000 0.1841 -0.9829
vn 0.8316 0.5553 -0.0000
vn -0.8316 0.5553 -0.0000
vn 0.9829 0.1841 -0.0000
vn -0.0000 -1.0000 -0.0000
vt 0.966797 -0.966797
vt 0.966797 6.517578
vt 0.000000 6.517578
vt 0.000000 -0.966797
vt 7.953125 -0.966797
vt 8.951172 6.519531
vt 8.951172 -0.966797
vt 7.953125 6.519531
vt 0.000000 2.152344
vt 0.966797 2.152344
vt 10.947266 2.152344
vt 10.947266 -0.966797
vt 9.949219 2.152344
vt 9.949219 -0.966797
vt 1.964844 -0.218750
vt 1.216797 3.773438
vt 0.468750 -0.218750
vt 0.466797 -0.218750
vt 2.464844 -0.966797
vt 2.462891 -0.966797
vt 0.134766 1.861328
vt 0.468750 1.861328
vt 0.468750 2.193359
vt 0.134766 2.193359
vt 0.966797 -0.982422
vt 0.000000 0.000000
vt 0.000000 -0.982422
vt 0.966797 0.000000
s 1
usemtl Material_0.013
f 1353/353/163 1354/354/163 1355/355/163
f 1356/353/163 1357/355/163 1358/356/163
f 1359/356/164 1360/355/164 1361/354/164
f 1362/356/164 1363/354/164 1364/353/164
f 1365/357/165 1366/358/165 1367/359/165
f 1368/357/165 1369/360/165 1370/358/165
f 1371/359/166 1372/358/166 1373/360/166
f 1374/359/166 1375/360/166 1376/357/166
f 1377/353/163 1378/356/163 1379/361/163
f 1380/362/163 1381/353/163 1382/361/163
f 1383/361/164 1384/356/164 1385/362/164
f 1386/356/164 1387/353/164 1388/362/164
f 1389/363/165 1390/364/165 1391/365/165
f 1392/364/165 1393/366/165 1394/365/165
f 1395/366/166 1396/364/166 1397/363/166
f 1398/365/166 1399/366/166 1400/363/166
usemtl Material_1.013
f 1401/367/167 1402/368/167 1403/369/167
f 1404/356/168 1405/367/168 1406/370/168
f 1407/356/168 1408/371/168 1409/367/168
f 1410/368/169 1411/369/169 1412/367/169
f 1413/356/170 1414/371/170 1415/367/170
f 1416/356/170 1417/367/170 1418/369/170
f 1419/368/171 1420/369/171 1421/367/171
f 1422/356/172 1423/371/172 1424/369/172
f 1425/371/172 1426/367/172 1427/369/172
f 1428/367/173 1429/369/173 1430/356/173
f 1431/367/173 1432/356/173 1433/372/173
f 1434/367/174 1435/368/174 1436/369/174
f 1437/373/175 1438/374/175 1439/375/175
f 1440/373/175 1441/375/175 1442/376/175
usemtl Material_3.013
f 1443/377/163 1444/378/163 1445/379/163
f 1446/377/163 1447/380/163 1444/378/163
f 1448/379/164 1449/380/164 1450/377/164
f 1451/379/164 1452/378/164 1453/380/164
f 1454/377/166 1455/378/166 1456/379/166
f 1457/377/166 1458/380/166 1455/378/166
f 1459/379/165 1460/380/165 1461/377/165
f 1462/379/165 1463/378/165 1464/380/165
o node.014
v 74.322296 7.340806 18.462692
v 74.322296 28.893099 18.462688
v 77.199211 28.893099 18.462688
v 74.322296 7.340806 18.462692
v 77.199211 28.893099 18.462688
v 77.199211 7.340806 18.462692
v 77.199211 7.340806 21.339605
v 77.199211 28.893099 21.339602
v 74.322296 28.893099 21.339602
v 77.199211 7.340806 21.339605
v 74.322296 28.893099 21.339602
v 74.322296 7.340806 21.339605
v 77.199211 7.340806 18.462692
v 77.199211 28.893099 21.339602
v 77.199211 7.340806 21.339605
v 77.199211 7.340806 18.462692
v 77.199211 28.893099 18.462688
v 77.199211 28.893099 21.339602
v 74.322296 7.340806 21.339605
v 74.322296 28.893099 21.339602
v 74.322296 28.893099 18.462688
v 74.322296 7.340806 21.339605
v 74.322296 28.893099 18.462688
v 74.322296 7.340806 18.462692
v 77.199211 -1.640780 18.462692
v 74.322296 -1.640780 18.462692
v 74.322296 7.340806 18.462692
v 77.199211 7.340806 18.462692
v 77.199211 -1.640780 18.462692
v 74.322296 7.340806 18.462692
v 74.322296 7.340806 21.339605
v 74.322296 -1.640779 21.339607
v 77.199211 7.340806 21.339605
v 74.322296 -1.640779 21.339607
v 77.199211 -1.640779 21.339607
v 77.199211 7.340806 21.339605
v 77.199211 7.340806 21.339605
v 77.199211 -1.640779 21.339607
v 77.199211 7.340806 18.462692
v 77.199211 -1.640779 21.339607
v 77.199211 -1.640780 18.462692
v 77.199211 7.340806 18.462692
v 74.322296 -1.640780 18.462692
v 74.322296 -1.640779 21.339607
v 74.322296 7.340806 21.339605
v 74.322296 7.340806 18.462692
v 74.322296 -1.640780 18.462692
v 74.322296 7.340806 21.339605
v 74.683662 33.562820 20.978233
v 75.760750 39.313141 19.901144
v 74.683662 33.562820 18.824057
v 73.964432 32.485733 21.697462
v 76.837845 33.562820 20.978233
v 74.683662 33.562820 20.978233
v 73.964432 32.485733 21.697462
v 77.557068 32.485733 21.697462
v 76.837845 33.562820 20.978233
v 75.760750 39.313141 19.901144
v 74.683662 33.562820 20.978233
v 76.837845 33.562820 20.978233
v 77.557068 32.485733 18.104828
v 73.964432 32.485733 18.104828
v 74.683662 33.562820 18.824057
v 77.557068 32.485733 18.104828
v 74.683662 33.562820 18.824057
v 76.837845 33.562820 18.824057
v 75.760750 39.313141 19.901144
v 76.837845 33.562820 18.824057
v 74.683662 33.562820 18.824057
v 77.557068 32.485733 21.697462
v 77.557068 32.485733 18.104828
v 76.837845 33.562820 20.978233
v 77.557068 32.485733 18.104828
v 76.837845 33.562820 18.824057
v 76.837845 33.562820 20.978233
v 74.683662 33.562820 20.978233
v 74.683662 33.562820 18.824057
v 73.964432 32.485733 18.104828
v 74.683662 33.562820 20.978233
v 73.964432 32.485733 18.104828
v 73.964432 32.485733 21.697462
v 76.837845 33.562820 18.824057
v 75.760750 39.313141 19.901144
v 76.837845 33.562820 20.978233
v 73.964432 32.485733 18.104828
v 77.557068 32.485733 18.104828
v 77.557068 32.485733 21.697462
v 73.964432 32.485733 18.104828
v 77.557068 32.485733 21.697462
v 73.964432 32.485733 21.697462
v 74.322296 28.893099 18.462688
v 77.199211 32.485733 18.462688
v 77.199211 28.893099 18.462688
v 74.322296 28.893099 18.462688
v 74.322296 32.485733 18.462688
v 77.199211 28.893099 21.339602
v 74.322296 32.485733 21.339602
v 74.322296 28.893099 21.339602
v 77.199211 28.893099 21.339602
v 77.199211 32.485733 21.339602
v 74.322296 32.485733 21.339602
v 74.322296 28.893099 21.339602
v 74.322296 32.485733 18.462688
v 74.322296 28.893099 18.462688
v 74.322296 28.893099 21.339602
v 74.322296 32.485733 21.339602
v 77.199211 28.893099 18.462688
v 77.199211 32.485733 21.339602
v 77.199211 28.893099 21.339602
v 77.199211 28.893099 18.462688
v 77.199211 32.485733 18.462688
v 77.199211 32.485733 21.339602
vn -0.0000 -0.0000 -1.0000
vn -0.0000 -0.0000 1.0000
vn 1.0000 -0.0000 -0.0000
vn -1.0000 -0.0000 -0.0000
vn -0.9829 0.1841 -0.0000
vn -0.0000 0.5553 0.8316
vn -0.0000 0.1841 0.9829
vn -0.0000 0.5553 -0.8316
vn -0.0000 0.1841 -0.9829
vn 0.8316 0.5553 -0.0000
vn -0.8316 0.5553 -0.0000
vn 0.9829 0.1841 -0.0000
vn -0.0000 -1.0000 -0.0000
vt 0.966797 -0.966797
vt 0.966797 6.517578
vt 0.000000 6.517578
vt 0.000000 -0.966797
vt 7.953125 -0.966797
vt 8.951172 6.519531
vt 8.951172 -0.966797
vt 7.953125 6.519531
vt 0.000000 2.152344
vt 0.966797 2.152344
vt 10.947266 2.152344
vt 10.947266 -0.966797
vt 9.949219 2.152344
vt 9.949219 -0.966797
vt 1.964844 -0.218750
vt 1.216797 3.773438
vt 0.468750 -0.218750
vt 0.466797 -0.218750
vt 2.464844 -0.966797
vt 2.462891 -0.966797
vt 0.134766 1.861328
vt 0.468750 1.861328
vt 0.468750 2.193359
vt 0.134766 2.193359
vt 0.966797 -0.982422
vt 0.000000 0.000000
vt 0.000000 -0.982422
vt 0.966797 0.000000
s 1
usemtl Material_0.014
f 1465/381/176 1466/382/176 1467/383/176
f 1468/381/176 1469/383/176 1470/384/176
f 1471/384/177 1472/383/177 1473/382/177
f 1474/384/177 1475/382/177 1476/381/177
f 1477/385/178 1478/386/178 1479/387/178
f 1480/385/178 1481/388/178 1482/386/178
f 1483/387/179 1484/386/179 1485/388/179
f 1486/387/179 1487/388/179 1488/385/179
f 1489/381/176 1490/384/176 1491/389/176
f 1492/390/176 1493/381/176 1494/389/176
f 1495/389/177 1496/384/177 1497/390/177
f 1498/384/177 1499/381/177 1500/390/177
f 1501/391/178 1502/392/178 1503/393/178
f 1504/392/178 1505/394/178 1506/393/178
f 1507/394/179 1508/392/179 1509/391/179
f 1510/393/179 1511/394/179 1512/391/179
usemtl Material_1.014
f 1513/395/180 1514/396/180 1515/397/180
f 1516/384/181 1517/395/181 1518/398/181
f 1519/384/181 1520/399/181 1521/395/181
f 1522/396/182 1523/397/182 1524/395/182
f 1525/384/183 1526/399/183 1527/395/183
f 1528/384/183 1529/395/183 1530/397/183
f 1531/396/184 1532/397/184 1533/395/184
f 1534/384/185 1535/399/185 1536/397/185
f 1537/399/185 1538/395/185 1539/397/185
f 1540/395/186 1541/397/186 1542/384/186
f 1543/395/186 1544/384/186 1545/400/186
f 1546/395/187 1547/396/187 1548/397/187
f 1549/401/188 1550/402/188 1551/403/188
f 1552/401/188 1553/403/188 1554/404/188
usemtl Material_3.014
f 1555/405/176 1556/406/176 1557/407/176
f 1558/405/176 1559/408/176 1556/406/176
f 1560/407/177 1561/408/177 1562/405/177
f 1563/407/177 1564/406/177 1565/408/177
f 1566/405/179 1567/406/179 1568/407/179
f 1569/405/179 1570/408/179 1567/406/179
f 1571/407/178 1572/408/178 1573/405/178
f 1574/407/178 1575/406/178 1576/408/178
o node.015
v 66.792610 7.340806 18.462692
v 66.792610 28.893099 18.462688
v 69.669525 28.893099 18.462688
v 66.792610 7.340806 18.462692
v 69.669525 28.893099 18.462688
v 69.669525 7.340806 18.462692
v 69.669525 7.340806 21.339605
v 69.669525 28.893099 21.339602
v 66.792610 28.893099 21.339602
v 69.669525 7.340806 21.339605
v 66.792610 28.893099 21.339602
v 66.792610 7.340806 21.339605
v 69.669525 7.340806 18.462692
v 69.669525 28.893099 21.339602
v 69.669525 7.340806 21.339605
v 69.669525 7.340806 18.462692
v 69.669525 28.893099 18.462688
v 69.669525 28.893099 21.339602
v 66.792610 7.340806 21.339605
v 66.792610 28.893099 21.339602
v 66.792610 28.893099 18.462688
v 66.792610 7.340806 21.339605
v 66.792610 28.893099 18.462688
v 66.792610 7.340806 18.462692
v 69.669525 -1.640780 18.462692
v 66.792610 -1.640780 18.462692
v 66.792610 7.340806 18.462692
v 69.669525 7.340806 18.462692
v 69.669525 -1.640780 18.462692
v 66.792610 7.340806 18.462692
v 66.792610 7.340806 21.339605
v 66.792610 -1.640779 21.339607
v 69.669525 7.340806 21.339605
v 66.792610 -1.640779 21.339607
v 69.669525 -1.640779 21.339607
v 69.669525 7.340806 21.339605
v 69.669525 7.340806 21.339605
v 69.669525 -1.640779 21.339607
v 69.669525 7.340806 18.462692
v 69.669525 -1.640779 21.339607
v 69.669525 -1.640780 18.462692
v 69.669525 7.340806 18.462692
v 66.792610 -1.640780 18.462692
v 66.792610 -1.640779 21.339607
v 66.792610 7.340806 21.339605
v 66.792610 7.340806 18.462692
v 66.792610 -1.640780 18.462692
v 66.792610 7.340806 21.339605
v 67.153976 33.562820 20.978233
v 68.231064 39.313141 19.901144
v 67.153976 33.562820 18.824057
v 66.434746 32.485733 21.697462
v 69.308151 33.562820 20.978233
v 67.153976 33.562820 20.978233
v 66.434746 32.485733 21.697462
v 70.027382 32.485733 21.697462
v 69.308151 33.562820 20.978233
v 68.231064 39.313141 19.901144
v 67.153976 33.562820 20.978233
v 69.308151 33.562820 20.978233
v 70.027382 32.485733 18.104828
v 66.434746 32.485733 18.104828
v 67.153976 33.562820 18.824057
v 70.027382 32.485733 18.104828
v 67.153976 33.562820 18.824057
v 69.308151 33.562820 18.824057
v 68.231064 39.313141 19.901144
v 69.308151 33.562820 18.824057
v 67.153976 33.562820 18.824057
v 70.027382 32.485733 21.697462
v 70.027382 32.485733 18.104828
v 69.308151 33.562820 20.978233
v 70.027382 32.485733 18.104828
v 69.308151 33.562820 18.824057
v 69.308151 33.562820 20.978233
v 67.153976 33.562820 20.978233
v 67.153976 33.562820 18.824057
v 66.434746 32.485733 18.104828
v 67.153976 33.562820 20.978233
v 66.434746 32.485733 18.104828
v 66.434746 32.485733 21.697462
v 69.308151 33.562820 18.824057
v 68.231064 39.313141 19.901144
v 69.308151 33.562820 20.978233
v 66.434746 32.485733 18.104828
v 70.027382 32.485733 18.104828
v 70.027382 32.485733 21.697462
v 66.434746 32.485733 18.104828
v 70.027382 32.485733 21.697462
v 66.434746 32.485733 21.697462
v 66.792610 28.893099 18.462688
v 69.669525 32.485733 18.462688
v 69.669525 28.893099 18.462688
v 66.792610 28.893099 18.462688
v 66.792610 32.485733 18.462688
v 69.669525 28.893099 21.339602
v 66.792610 32.485733 21.339602
v 66.792610 28.893099 21.339602
v 69.669525 28.893099 21.339602
v 69.669525 32.485733 21.339602
v 66.792610 32.485733 21.339602
v 66.792610 28.893099 21.339602
v 66.792610 32.485733 18.462688
v 66.792610 28.893099 18.462688
v 66.792610 28.893099 21.339602
v 66.792610 32.485733 21.339602
v 69.669525 28.893099 18.462688
v 69.669525 32.485733 21.339602
v 69.669525 28.893099 21.339602
v 69.669525 28.893099 18.462688
v 69.669525 32.485733 18.462688
v 69.669525 32.485733 21.339602
vn -0.0000 -0.0000 -1.0000
vn -0.0000 -0.0000 1.0000
vn 1.0000 -0.0000 -0.0000
vn -1.0000 -0.0000 -0.0000
vn -0.9829 0.1841 -0.0000
vn -0.0000 0.5553 0.8316
vn -0.0000 0.1841 0.9829
vn -0.0000 0.5553 -0.8316
vn -0.0000 0.1841 -0.9829
vn 0.8316 0.5553 -0.0000
vn -0.8316 0.5553 -0.0000
vn 0.9829 0.1841 -0.0000
vn -0.0000 -1.0000 -0.0000
vt 0.966797 -0.966797
vt 0.966797 6.517578
vt 0.000000 6.517578
vt 0.000000 -0.966797
vt 7.953125 -0.966797
vt 8.951172 6.519531
vt 8.951172 -0.966797
vt 7.953125 6.519531
vt 0.000000 2.152344
vt 0.966797 2.152344
vt 10.947266 2.152344
vt 10.947266 -0.966797
vt 9.949219 2.152344
vt 9.949219 -0.966797
vt 1.964844 -0.218750
vt 1.216797 3.773438
vt 0.468750 -0.218750
vt 0.466797 -0.218750
vt 2.464844 -0.966797
vt 2.462891 -0.966797
vt 0.134766 1.861328
vt 0.468750 1.861328
vt 0.468750 2.193359
vt 0.134766 2.193359
vt 0.966797 -0.982422
vt 0.000000 0.000000
vt 0.000000 -0.982422
vt 0.966797 0.000000
s 1
usemtl Material_0.015
f 1577/409/189 1578/410/189 1579/411/189
f 1580/409/189 1581/411/189 1582/412/189
f 1583/412/190 1584/411/190 1585/410/190
f 1586/412/190 1587/410/190 1588/409/190
f 1589/413/191 1590/414/191 1591/415/191
f 1592/413/191 1593/416/191 1594/414/191
f 1595/415/192 1596/414/192 1597/416/192
f 1598/415/192 1599/416/192 1600/413/192
f 1601/409/189 1602/412/189 1603/417/189
f 1604/418/189 1605/409/189 1606/417/189
f 1607/417/190 1608/412/190 1609/418/190
f 1610/412/190 1611/409/190 1612/418/190
f 1613/419/191 1614/420/191 1615/421/191
f 1616/420/191 1617/422/191 1618/421/191
f 1619/422/192 1620/420/192 1621/419/192
f 1622/421/192 1623/422/192 1624/419/192
usemtl Material_1.015
f 1625/423/193 1626/424/193 1627/425/193
f 1628/412/194 1629/423/194 1630/426/194
f 1631/412/194 1632/427/194 1633/423/194
f 1634/424/195 1635/425/195 1636/423/195
f 1637/412/196 1638/427/196 1639/423/196
f 1640/412/196 1641/423/196 1642/425/196
f 1643/424/197 1644/425/197 1645/423/197
f 1646/412/198 1647/427/198 1648/425/198
f 1649/427/198 1650/423/198 1651/425/198
f 1652/423/199 1653/425/199 1654/412/199
f 1655/423/199 1656/412/199 1657/428/199
f 1658/423/200 1659/424/200 1660/425/200
f 1661/429/201 1662/430/201 1663/431/201
f 1664/429/201 1665/431/201 1666/432/201
usemtl Material_3.015
f 1667/433/189 1668/434/189 1669/435/189
f 1670/433/189 1671/436/189 1668/434/189
f 1672/435/190 1673/436/190 1674/433/190
f 1675/435/190 1676/434/190 1677/436/190
f 1678/433/192 1679/434/192 1680/435/192
f 1681/433/192 1682/436/192 1679/434/192
f 1683/435/191 1684/436/191 1685/433/191
f 1686/435/191 1687/434/191 1688/436/191
o node.016
v 58.841652 7.340806 18.462692
v 58.841652 28.893099 18.462688
v 61.718567 28.893099 18.462688
v 58.841652 7.340806 18.462692
v 61.718567 28.893099 18.462688
v 61.718567 7.340806 18.462692
v 61.718567 7.340806 21.339605
v 61.718567 28.893099 21.339602
v 58.841652 28.893099 21.339602
v 61.718567 7.340806 21.339605
v 58.841652 28.893099 21.339602
v 58.841652 7.340806 21.339605
v 61.718567 7.340806 18.462692
v 61.718567 28.893099 21.339602
v 61.718567 7.340806 21.339605
v 61.718567 7.340806 18.462692
v 61.718567 28.893099 18.462688
v 61.718567 28.893099 21.339602
v 58.841652 7.340806 21.339605
v 58.841652 28.893099 21.339602
v 58.841652 28.893099 18.462688
v 58.841652 7.340806 21.339605
v 58.841652 28.893099 18.462688
v 58.841652 7.340806 18.462692
v 61.718567 -1.640780 18.462692
v 58.841652 -1.640780 18.462692
v 58.841652 7.340806 18.462692
v 61.718567 7.340806 18.462692
v 61.718567 -1.640780 18.462692
v 58.841652 7.340806 18.462692
v 58.841652 7.340806 21.339605
v 58.841652 -1.640779 21.339607
v 61.718567 7.340806 21.339605
v 58.841652 -1.640779 21.339607
v 61.718567 -1.640779 21.339607
v 61.718567 7.340806 21.339605
v 61.718567 7.340806 21.339605
v 61.718567 -1.640779 21.339607
v 61.718567 7.340806 18.462692
v 61.718567 -1.640779 21.339607
v 61.718567 -1.640780 18.462692
v 61.718567 7.340806 18.462692
v 58.841652 -1.640780 18.462692
v 58.841652 -1.640779 21.339607
v 58.841652 7.340806 21.339605
v 58.841652 7.340806 18.462692
v 58.841652 -1.640780 18.462692
v 58.841652 7.340806 21.339605
v 59.203018 33.562820 20.978233
v 60.280109 39.313141 19.901144
v 59.203018 33.562820 18.824057
v 58.483791 32.485733 21.697462
v 61.357197 33.562820 20.978233
v 59.203018 33.562820 20.978233
v 58.483791 32.485733 21.697462
v 62.076424 32.485733 21.697462
v 61.357197 33.562820 20.978233
v 60.280109 39.313141 19.901144
v 59.203018 33.562820 20.978233
v 61.357197 33.562820 20.978233
v 62.076424 32.485733 18.104828
v 58.483791 32.485733 18.104828
v 59.203018 33.562820 18.824057
v 62.076424 32.485733 18.104828
v 59.203018 33.562820 18.824057
v 61.357197 33.562820 18.824057
v 60.280109 39.313141 19.901144
v 61.357197 33.562820 18.824057
v 59.203018 33.562820 18.824057
v 62.076424 32.485733 21.697462
v 62.076424 32.485733 18.104828
v 61.357197 33.562820 20.978233
v 62.076424 32.485733 18.104828
v 61.357197 33.562820 18.824057
v 61.357197 33.562820 20.978233
v 59.203018 33.562820 20.978233
v 59.203018 33.562820 18.824057
v 58.483791 32.485733 18.104828
v 59.203018 33.562820 20.978233
v 58.483791 32.485733 18.104828
v 58.483791 32.485733 21.697462
v 61.357197 33.562820 18.824057
v 60.280109 39.313141 19.901144
v 61.357197 33.562820 20.978233
v 58.483791 32.485733 18.104828
v 62.076424 32.485733 18.104828
v 62.076424 32.485733 21.697462
v 58.483791 32.485733 18.104828
v 62.076424 32.485733 21.697462
v 58.483791 32.485733 21.697462
v 58.841652 28.893099 18.462688
v 61.718567 32.485733 18.462688
v 61.718567 28.893099 18.462688
v 58.841652 28.893099 18.462688
v 58.841652 32.485733 18.462688
v 61.718567 28.893099 21.339602
v 58.841652 32.485733 21.339602
v 58.841652 28.893099 21.339602
v 61.718567 28.893099 21.339602
v 61.718567 32.485733 21.339602
v 58.841652 32.485733 21.339602
v 58.841652 28.893099 21.339602
v 58.841652 32.485733 18.462688
v 58.841652 28.893099 18.462688
v 58.841652 28.893099 21.339602
v 58.841652 32.485733 21.339602
v 61.718567 28.893099 18.462688
v 61.718567 32.485733 21.339602
v 61.718567 28.893099 21.339602
v 61.718567 28.893099 18.462688
v 61.718567 32.485733 18.462688
v 61.718567 32.485733 21.339602
vn -0.0000 -0.0000 -1.0000
vn -0.0000 -0.0000 1.0000
vn 1.0000 -0.0000 -0.0000
vn -1.0000 -0.0000 -0.0000
vn -0.9829 0.1841 -0.0000
vn -0.0000 0.5553 0.8316
vn -0.0000 0.1841 0.9829
vn -0.0000 0.5553 -0.8316
vn -0.0000 0.1841 -0.9829
vn 0.8316 0.5553 -0.0000
vn -0.8316 0.5553 -0.0000
vn 0.9829 0.1841 -0.0000
vn -0.0000 -1.0000 -0.0000
vt 0.966797 -0.966797
vt 0.966797 6.517578
vt 0.000000 6.517578
vt 0.000000 -0.966797
vt 7.953125 -0.966797
vt 8.951172 6.519531
vt 8.951172 -0.966797
vt 7.953125 6.519531
vt 0.000000 2.152344
vt 0.966797 2.152344
vt 10.947266 2.152344
vt 10.947266 -0.966797
vt 9.949219 2.152344
vt 9.949219 -0.966797
vt 1.964844 -0.218750
vt 1.216797 3.773438
vt 0.468750 -0.218750
vt 0.466797 -0.218750
vt 2.464844 -0.966797
vt 2.462891 -0.966797
vt 0.134766 1.861328
vt 0.468750 1.861328
vt 0.468750 2.193359
vt 0.134766 2.193359
vt 0.966797 -0.982422
vt 0.000000 0.000000
vt 0.000000 -0.982422
vt 0.966797 0.000000
s 1
usemtl Material_0.016
f 1689/437/202 1690/438/202 1691/439/202
f 1692/437/202 1693/439/202 1694/440/202
f 1695/440/203 1696/439/203 1697/438/203
f 1698/440/203 1699/438/203 1700/437/203
f 1701/441/204 1702/442/204 1703/443/204
f 1704/441/204 1705/444/204 1706/442/204
f 1707/443/205 1708/442/205 1709/444/205
f 1710/443/205 1711/444/205 1712/441/205
f 1713/437/202 1714/440/202 1715/445/202
f 1716/446/202 1717/437/202 1718/445/202
f 1719/445/203 1720/440/203 1721/446/203
f 1722/440/203 1723/437/203 1724/446/203
f 1725/447/204 1726/448/204 1727/449/204
f 1728/448/204 1729/450/204 1730/449/204
f 1731/450/205 1732/448/205 1733/447/205
f 1734/449/205 1735/450/205 1736/447/205
usemtl Material_1.016
f 1737/451/206 1738/452/206 1739/453/206
f 1740/440/207 1741/451/207 1742/454/207
f 1743/440/207 1744/455/207 1745/451/207
f 1746/452/208 1747/453/208 1748/451/208
f 1749/440/209 1750/455/209 1751/451/209
f 1752/440/209 1753/451/209 1754/453/209
f 1755/452/210 1756/453/210 1757/451/210
f 1758/440/211 1759/455/211 1760/453/211
f 1761/455/211 1762/451/211 1763/453/211
f 1764/451/212 1765/453/212 1766/440/212
f 1767/451/212 1768/440/212 1769/456/212
f 1770/451/213 1771/452/213 1772/453/213
f 1773/457/214 1774/458/214 1775/459/214
f 1776/457/214 1777/459/214 1778/460/214
usemtl Material_3.016
f 1779/461/202 1780/462/202 1781/463/202
f 1782/461/202 1783/464/202 1780/462/202
f 1784/463/203 1785/464/203 1786/461/203
f 1787/463/203 1788/462/203 1789/464/203
f 1790/461/205 1791/462/205 1792/463/205
f 1793/461/205 1794/464/205 1791/462/205
f 1795/463/204 1796/464/204 1797/461/204
f 1798/463/204 1799/462/204 1800/464/204
o node.017
v 50.159393 7.340806 18.462692
v 50.159393 28.893099 18.462688
v 53.036308 28.893099 18.462688
v 50.159393 7.340806 18.462692
v 53.036308 28.893099 18.462688
v 53.036308 7.340806 18.462692
v 53.036308 7.340806 21.339605
v 53.036308 28.893099 21.339602
v 50.159393 28.893099 21.339602
v 53.036308 7.340806 21.339605
v 50.159393 28.893099 21.339602
v 50.159393 7.340806 21.339605
v 53.036308 7.340806 18.462692
v 53.036308 28.893099 21.339602
v 53.036308 7.340806 21.339605
v 53.036308 7.340806 18.462692
v 53.036308 28.893099 18.462688
v 53.036308 28.893099 21.339602
v 50.159393 7.340806 21.339605
v 50.159393 28.893099 21.339602
v 50.159393 28.893099 18.462688
v 50.159393 7.340806 21.339605
v 50.159393 28.893099 18.462688
v 50.159393 7.340806 18.462692
v 53.036308 -1.640780 18.462692
v 50.159393 -1.640780 18.462692
v 50.159393 7.340806 18.462692
v 53.036308 7.340806 18.462692
v 53.036308 -1.640780 18.462692
v 50.159393 7.340806 18.462692
v 50.159393 7.340806 21.339605
v 50.159393 -1.640779 21.339607
v 53.036308 7.340806 21.339605
v 50.159393 -1.640779 21.339607
v 53.036308 -1.640779 21.339607
v 53.036308 7.340806 21.339605
v 53.036308 7.340806 21.339605
v 53.036308 -1.640779 21.339607
v 53.036308 7.340806 18.462692
v 53.036308 -1.640779 21.339607
v 53.036308 -1.640780 18.462692
v 53.036308 7.340806 18.462692
v 50.159393 -1.640780 18.462692
v 50.159393 -1.640779 21.339607
v 50.159393 7.340806 21.339605
v 50.159393 7.340806 18.462692
v 50.159393 -1.640780 18.462692
v 50.159393 7.340806 21.339605
v 50.520760 33.562820 20.978233
v 51.597851 39.313141 19.901144
v 50.520760 33.562820 18.824057
v 49.801533 32.485733 21.697462
v 52.674938 33.562820 20.978233
v 50.520760 33.562820 20.978233
v 49.801533 32.485733 21.697462
v 53.394165 32.485733 21.697462
v 52.674938 33.562820 20.978233
v 51.597851 39.313141 19.901144
v 50.520760 33.562820 20.978233
v 52.674938 33.562820 20.978233
v 53.394165 32.485733 18.104828
v 49.801533 32.485733 18.104828
v 50.520760 33.562820 18.824057
v 53.394165 32.485733 18.104828
v 50.520760 33.562820 18.824057
v 52.674938 33.562820 18.824057
v 51.597851 39.313141 19.901144
v 52.674938 33.562820 18.824057
v 50.520760 33.562820 18.824057
v 53.394165 32.485733 21.697462
v 53.394165 32.485733 18.104828
v 52.674938 33.562820 20.978233
v 53.394165 32.485733 18.104828
v 52.674938 33.562820 18.824057
v 52.674938 33.562820 20.978233
v 50.520760 33.562820 20.978233
v 50.520760 33.562820 18.824057
v 49.801533 32.485733 18.104828
v 50.520760 33.562820 20.978233
v 49.801533 32.485733 18.104828
v 49.801533 32.485733 21.697462
v 52.674938 33.562820 18.824057
v 51.597851 39.313141 19.901144
v 52.674938 33.562820 20.978233
v 49.801533 32.485733 18.104828
v 53.394165 32.485733 18.104828
v 53.394165 32.485733 21.697462
v 49.801533 32.485733 18.104828
v 53.394165 32.485733 21.697462
v 49.801533 32.485733 21.697462
v 50.159393 28.893099 18.462688
v 53.036308 32.485733 18.462688
v 53.036308 28.893099 18.462688
v 50.159393 28.893099 18.462688
v 50.159393 32.485733 18.462688
v 53.036308 28.893099 21.339602
v 50.159393 32.485733 21.339602
v 50.159393 28.893099 21.339602
v 53.036308 28.893099 21.339602
v 53.036308 32.485733 21.339602
v 50.159393 32.485733 21.339602
v 50.159393 28.893099 21.339602
v 50.159393 32.485733 18.462688
v 50.159393 28.893099 18.462688
v 50.159393 28.893099 21.339602
v 50.159393 32.485733 21.339602
v 53.036308 28.893099 18.462688
v 53.036308 32.485733 21.339602
v 53.036308 28.893099 21.339602
v 53.036308 28.893099 18.462688
v 53.036308 32.485733 18.462688
v 53.036308 32.485733 21.339602
vn -0.0000 -0.0000 -1.0000
vn -0.0000 -0.0000 1.0000
vn 1.0000 -0.0000 -0.0000
vn -1.0000 -0.0000 -0.0000
vn -0.9829 0.1841 -0.0000
vn -0.0000 0.5553 0.8316
vn -0.0000 0.1841 0.9829
vn -0.0000 0.5553 -0.8316
vn -0.0000 0.1841 -0.9829
vn 0.8316 0.5553 -0.0000
vn -0.8316 0.5553 -0.0000
vn 0.9829 0.1841 -0.0000
vn -0.0000 -1.0000 -0.0000
vt 0.966797 -0.966797
vt 0.966797 6.517578
vt 0.000000 6.517578
vt 0.000000 -0.966797
vt 7.953125 -0.966797
vt 8.951172 6.519531
vt 8.951172 -0.966797
vt 7.953125 6.519531
vt 0.000000 2.152344
vt 0.966797 2.152344
vt 10.947266 2.152344
vt 10.947266 -0.966797
vt 9.949219 2.152344
vt 9.949219 -0.966797
vt 1.964844 -0.218750
vt 1.216797 3.773438
vt 0.468750 -0.218750
vt 0.466797 -0.218750
vt 2.464844 -0.966797
vt 2.462891 -0.966797
vt 0.134766 1.861328
vt 0.468750 1.861328
vt 0.468750 2.193359
vt 0.134766 2.193359
vt 0.966797 -0.982422
vt 0.000000 0.000000
vt 0.000000 -0.982422
vt 0.966797 0.000000
s 1
usemtl Material_0.017
f 1801/465/215 1802/466/215 1803/467/215
f 1804/465/215 1805/467/215 1806/468/215
f 1807/468/216 1808/467/216 1809/466/216
f 1810/468/216 1811/466/216 1812/465/216
f 1813/469/217 1814/470/217 1815/471/217
f 1816/469/217 1817/472/217 1818/470/217
f 1819/471/218 1820/470/218 1821/472/218
f 1822/471/218 1823/472/218 1824/469/218
f 1825/465/215 1826/468/215 1827/473/215
f 1828/474/215 1829/465/215 1830/473/215
f 1831/473/216 1832/468/216 1833/474/216
f 1834/468/216 1835/465/216 1836/474/216
f 1837/475/217 1838/476/217 1839/477/217
f 1840/476/217 1841/478/217 1842/477/217
f 1843/478/218 1844/476/218 1845/475/218
f 1846/477/218 1847/478/218 1848/475/218
usemtl Material_1.017
f 1849/479/219 1850/480/219 1851/481/219
f 1852/468/220 1853/479/220 1854/482/220
f 1855/468/220 1856/483/220 1857/479/220
f 1858/480/221 1859/481/221 1860/479/221
f 1861/468/222 1862/483/222 1863/479/222
f 1864/468/222 1865/479/222 1866/481/222
f 1867/480/223 1868/481/223 1869/479/223
f 1870/468/224 1871/483/224 1872/481/224
f 1873/483/224 1874/479/224 1875/481/224
f 1876/479/225 1877/481/225 1878/468/225
f 1879/479/225 1880/468/225 1881/484/225
f 1882/479/226 1883/480/226 1884/481/226
f 1885/485/227 1886/486/227 1887/487/227
f 1888/485/227 1889/487/227 1890/488/227
usemtl Material_3.017
f 1891/489/215 1892/490/215 1893/491/215
f 1894/489/215 1895/492/215 1892/490/215
f 1896/491/216 1897/492/216 1898/489/216
f 1899/491/216 1900/490/216 1901/492/216
f 1902/489/218 1903/490/218 1904/491/218
f 1905/489/218 1906/492/218 1903/490/218
f 1907/491/217 1908/492/217 1909/489/217
f 1910/491/217 1911/490/217 1912/492/217
o node.018
v 42.381035 7.340806 18.462692
v 42.381035 28.893099 18.462688
v 45.257950 28.893099 18.462688
v 42.381035 7.340806 18.462692
v 45.257950 28.893099 18.462688
v 45.257950 7.340806 18.462692
v 45.257950 7.340806 21.339605
v 45.257950 28.893099 21.339602
v 42.381035 28.893099 21.339602
v 45.257950 7.340806 21.339605
v 42.381035 28.893099 21.339602
v 42.381035 7.340806 21.339605
v 45.257950 7.340806 18.462692
v 45.257950 28.893099 21.339602
v 45.257950 7.340806 21.339605
v 45.257950 7.340806 18.462692
v 45.257950 28.893099 18.462688
v 45.257950 28.893099 21.339602
v 42.381035 7.340806 21.339605
v 42.381035 28.893099 21.339602
v 42.381035 28.893099 18.462688
v 42.381035 7.340806 21.339605
v 42.381035 28.893099 18.462688
v 42.381035 7.340806 18.462692
v 45.257950 -1.640780 18.462692
v 42.381035 -1.640780 18.462692
v 42.381035 7.340806 18.462692
v 45.257950 7.340806 18.462692
v 45.257950 -1.640780 18.462692
v 42.381035 7.340806 18.462692
v 42.381035 7.340806 21.339605
v 42.381035 -1.640779 21.339607
v 45.257950 7.340806 21.339605
v 42.381035 -1.640779 21.339607
v 45.257950 -1.640779 21.339607
v 45.257950 7.340806 21.339605
v 45.257950 7.340806 21.339605
v 45.257950 -1.640779 21.339607
v 45.257950 7.340806 18.462692
v 45.257950 -1.640779 21.339607
v 45.257950 -1.640780 18.462692
v 45.257950 7.340806 18.462692
v 42.381035 -1.640780 18.462692
v 42.381035 -1.640779 21.339607
v 42.381035 7.340806 21.339605
v 42.381035 7.340806 18.462692
v 42.381035 -1.640780 18.462692
v 42.381035 7.340806 21.339605
v 42.742401 33.562820 20.978233
v 43.819492 39.313141 19.901144
v 42.742401 33.562820 18.824057
v 42.023174 32.485733 21.697462
v 44.896580 33.562820 20.978233
v 42.742401 33.562820 20.978233
v 42.023174 32.485733 21.697462
v 45.615807 32.485733 21.697462
v 44.896580 33.562820 20.978233
v 43.819492 39.313141 19.901144
v 42.742401 33.562820 20.978233
v 44.896580 33.562820 20.978233
v 45.615807 32.485733 18.104828
v 42.023174 32.485733 18.104828
v 42.742401 33.562820 18.824057
v 45.615807 32.485733 18.104828
v 42.742401 33.562820 18.824057
v 44.896580 33.562820 18.824057
v 43.819492 39.313141 19.901144
v 44.896580 33.562820 18.824057
v 42.742401 33.562820 18.824057
v 45.615807 32.485733 21.697462
v 45.615807 32.485733 18.104828
v 44.896580 33.562820 20.978233
v 45.615807 32.485733 18.104828
v 44.896580 33.562820 18.824057
v 44.896580 33.562820 20.978233
v 42.742401 33.562820 20.978233
v 42.742401 33.562820 18.824057
v 42.023174 32.485733 18.104828
v 42.742401 33.562820 20.978233
v 42.023174 32.485733 18.104828
v 42.023174 32.485733 21.697462
v 44.896580 33.562820 18.824057
v 43.819492 39.313141 19.901144
v 44.896580 33.562820 20.978233
v 42.023174 32.485733 18.104828
v 45.615807 32.485733 18.104828
v 45.615807 32.485733 21.697462
v 42.023174 32.485733 18.104828
v 45.615807 32.485733 21.697462
v 42.023174 32.485733 21.697462
v 42.381035 28.893099 18.462688
v 45.257950 32.485733 18.462688
v 45.257950 28.893099 18.462688
v 42.381035 28.893099 18.462688
v 42.381035 32.485733 18.462688
v 45.257950 28.893099 21.339602
v 42.381035 32.485733 21.339602
v 42.381035 28.893099 21.339602
v 45.257950 28.893099 21.339602
v 45.257950 32.485733 21.339602
v 42.381035 32.485733 21.339602
v 42.381035 28.893099 21.339602
v 42.381035 32.485733 18.462688
v 42.381035 28.893099 18.462688
v 42.381035 28.893099 21.339602
v 42.381035 32.485733 21.339602
v 45.257950 28.893099 18.462688
v 45.257950 32.485733 21.339602
v 45.257950 28.893099 21.339602
v 45.257950 28.893099 18.462688
v 45.257950 32.485733 18.462688
v 45.257950 32.485733 21.339602
vn -0.0000 -0.0000 -1.0000
vn -0.0000 -0.0000 1.0000
vn 1.0000 -0.0000 -0.0000
vn -1.0000 -0.0000 -0.0000
vn -0.9829 0.1841 -0.0000
vn -0.0000 0.5553 0.8316
vn -0.0000 0.1841 0.9829
vn -0.0000 0.5553 -0.8316
vn -0.0000 0.1841 -0.9829
vn 0.8316 0.5553 -0.0000
vn -0.8316 0.5553 -0.0000
vn 0.9829 0.1841 -0.0000
vn -0.0000 -1.0000 -0.0000
vt 0.966797 -0.966797
vt 0.966797 6.517578
vt 0.000000 6.517578
vt 0.000000 -0.966797
vt 7.953125 -0.966797
vt 8.951172 6.519531
vt 8.951172 -0.966797
vt 7.953125 6.519531
vt 0.000000 2.152344
vt 0.966797 2.152344
vt 10.947266 2.152344
vt 10.947266 -0.966797
vt 9.949219 2.152344
vt 9.949219 -0.966797
vt 1.964844 -0.218750
vt 1.216797 3.773438
vt 0.468750 -0.218750
vt 0.466797 -0.218750
vt 2.464844 -0.966797
vt 2.462891 -0.966797
vt 0.134766 1.861328
vt 0.468750 1.861328
vt 0.468750 2.193359
vt 0.134766 2.193359
vt 0.966797 -0.982422
vt 0.000000 0.000000
vt 0.000000 -0.982422
vt 0.966797 0.000000
s 1
usemtl Material_0.018
f 1913/493/228 1914/494/228 1915/495/228
f 1916/493/228 1917/495/228 1918/496/228
f 1919/496/229 1920/495/229 1921/494/229
f 1922/496/229 1923/494/229 1924/493/229
f 1925/497/230 1926/498/230 1927/499/230
f 1928/497/230 1929/500/230 1930/498/230
f 1931/499/231 1932/498/231 1933/500/231
f 1934/499/231 1935/500/231 1936/497/231
f 1937/493/228 1938/496/228 1939/501/228
f 1940/502/228 1941/493/228 1942/501/228
f 1943/501/229 1944/496/229 1945/502/229
f 1946/496/229 1947/493/229 1948/502/229
f 1949/503/230 1950/504/230 1951/505/230
f 1952/504/230 1953/506/230 1954/505/230
f 1955/506/231 1956/504/231 1957/503/231
f 1958/505/231 1959/506/231 1960/503/231
usemtl Material_1.018
f 1961/507/232 1962/508/232 1963/509/232
f 1964/496/233 1965/507/233 1966/510/233
f 1967/496/233 1968/511/233 1969/507/233
f 1970/508/234 1971/509/234 1972/507/234
f 1973/496/235 1974/511/235 1975/507/235
f 1976/496/235 1977/507/235 1978/509/235
f 1979/508/236 1980/509/236 1981/507/236
f 1982/496/237 1983/511/237 1984/509/237
f 1985/511/237 1986/507/237 1987/509/237
f 1988/507/238 1989/509/238 1990/496/238
f 1991/507/238 1992/496/238 1993/512/238
f 1994/507/239 1995/508/239 1996/509/239
f 1997/513/240 1998/514/240 1999/515/240
f 2000/513/240 2001/515/240 2002/516/240
usemtl Material_3.018
f 2003/517/228 2004/518/228 2005/519/228
f 2006/517/228 2007/520/228 2004/518/228
f 2008/519/229 2009/520/229 2010/517/229
f 2011/519/229 2012/518/229 2013/520/229
f 2014/517/231 2015/518/231 2016/519/231
f 2017/517/231 2018/520/231 2015/518/231
f 2019/519/230 2020/520/230 2021/517/230
f 2022/519/230 2023/518/230 2024/520/230
o node.019
v 34.532757 7.340806 18.462692
v 34.532757 28.893099 18.462688
v 37.409672 28.893099 18.462688
v 34.532757 7.340806 18.462692
v 37.409672 28.893099 18.462688
v 37.409672 7.340806 18.462692
v 37.409672 7.340806 21.339605
v 37.409672 28.893099 21.339602
v 34.532757 28.893099 21.339602
v 37.409672 7.340806 21.339605
v 34.532757 28.893099 21.339602
v 34.532757 7.340806 21.339605
v 37.409672 7.340806 18.462692
v 37.409672 28.893099 21.339602
v 37.409672 7.340806 21.339605
v 37.409672 7.340806 18.462692
v 37.409672 28.893099 18.462688
v 37.409672 28.893099 21.339602
v 34.532757 7.340806 21.339605
v 34.532757 28.893099 21.339602
v 34.532757 28.893099 18.462688
v 34.532757 7.340806 21.339605
v 34.532757 28.893099 18.462688
v 34.532757 7.340806 18.462692
v 37.409672 -1.640780 18.462692
v 34.532757 -1.640780 18.462692
v 34.532757 7.340806 18.462692
v 37.409672 7.340806 18.462692
v 37.409672 -1.640780 18.462692
v 34.532757 7.340806 18.462692
v 34.532757 7.340806 21.339605
v 34.532757 -1.640779 21.339607
v 37.409672 7.340806 21.339605
v 34.532757 -1.640779 21.339607
v 37.409672 -1.640779 21.339607
v 37.409672 7.340806 21.339605
v 37.409672 7.340806 21.339605
v 37.409672 -1.640779 21.339607
v 37.409672 7.340806 18.462692
v 37.409672 -1.640779 21.339607
v 37.409672 -1.640780 18.462692
v 37.409672 7.340806 18.462692
v 34.532757 -1.640780 18.462692
v 34.532757 -1.640779 21.339607
v 34.532757 7.340806 21.339605
v 34.532757 7.340806 18.462692
v 34.532757 -1.640780 18.462692
v 34.532757 7.340806 21.339605
v 34.894123 33.562820 20.978233
v 35.971214 39.313141 19.901144
v 34.894123 33.562820 18.824057
v 34.174896 32.485733 21.697462
v 37.048302 33.562820 20.978233
v 34.894123 33.562820 20.978233
v 34.174896 32.485733 21.697462
v 37.767529 32.485733 21.697462
v 37.048302 33.562820 20.978233
v 35.971214 39.313141 19.901144
v 34.894123 33.562820 20.978233
v 37.048302 33.562820 20.978233
v 37.767529 32.485733 18.104828
v 34.174896 32.485733 18.104828
v 34.894123 33.562820 18.824057
v 37.767529 32.485733 18.104828
v 34.894123 33.562820 18.824057
v 37.048302 33.562820 18.824057
v 35.971214 39.313141 19.901144
v 37.048302 33.562820 18.824057
v 34.894123 33.562820 18.824057
v 37.767529 32.485733 21.697462
v 37.767529 32.485733 18.104828
v 37.048302 33.562820 20.978233
v 37.767529 32.485733 18.104828
v 37.048302 33.562820 18.824057
v 37.048302 33.562820 20.978233
v 34.894123 33.562820 20.978233
v 34.894123 33.562820 18.824057
v 34.174896 32.485733 18.104828
v 34.894123 33.562820 20.978233
v 34.174896 32.485733 18.104828
v 34.174896 32.485733 21.697462
v 37.048302 33.562820 18.824057
v 35.971214 39.313141 19.901144
v 37.048302 33.562820 20.978233
v 34.174896 32.485733 18.104828
v 37.767529 32.485733 18.104828
v 37.767529 32.485733 21.697462
v 34.174896 32.485733 18.104828
v 37.767529 32.485733 21.697462
v 34.174896 32.485733 21.697462
v 34.532757 28.893099 18.462688
v 37.409672 32.485733 18.462688
v 37.409672 28.893099 18.462688
v 34.532757 28.893099 18.462688
v 34.532757 32.485733 18.462688
v 37.409672 28.893099 21.339602
v 34.532757 32.485733 21.339602
v 34.532757 28.893099 21.339602
v 37.409672 28.893099 21.339602
v 37.409672 32.485733 21.339602
v 34.532757 32.485733 21.339602
v 34.532757 28.893099 21.339602
v 34.532757 32.485733 18.462688
v 34.532757 28.893099 18.462688
v 34.532757 28.893099 21.339602
v 34.532757 32.485733 21.339602
v 37.409672 28.893099 18.462688
v 37.409672 32.485733 21.339602
v 37.409672 28.893099 21.339602
v 37.409672 28.893099 18.462688
v 37.409672 32.485733 18.462688
v 37.409672 32.485733 21.339602
vn -0.0000 -0.0000 -1.0000
vn -0.0000 -0.0000 1.0000
vn 1.0000 -0.0000 -0.0000
vn -1.0000 -0.0000 -0.0000
vn -0.9829 0.1841 -0.0000
vn -0.0000 0.5553 0.8316
vn -0.0000 0.1841 0.9829
vn -0.0000 0.5553 -0.8316
vn -0.0000 0.1841 -0.9829
vn 0.8316 0.5553 -0.0000
vn -0.8316 0.5553 -0.0000
vn 0.9829 0.1841 -0.0000
vn -0.0000 -1.0000 -0.0000
vt 0.966797 -0.966797
vt 0.966797 6.517578
vt 0.000000 6.517578
vt 0.000000 -0.966797
vt 7.953125 -0.966797
vt 8.951172 6.519531
vt 8.951172 -0.966797
vt 7.953125 6.519531
vt 0.000000 2.152344
vt 0.966797 2.152344
vt 10.947266 2.152344
vt 10.947266 -0.966797
vt 9.949219 2.152344
vt 9.949219 -0.966797
vt 1.964844 -0.218750
vt 1.216797 3.773438
vt 0.468750 -0.218750
vt 0.466797 -0.218750
vt 2.464844 -0.966797
vt 2.462891 -0.966797
vt 0.134766 1.861328
vt 0.468750 1.861328
vt 0.468750 2.193359
vt 0.134766 2.193359
vt 0.966797 -0.982422
vt 0.000000 0.000000
vt 0.000000 -0.982422
vt 0.966797 0.000000
s 1
usemtl Material_0.019
f 2025/521/241 2026/522/241 2027/523/241
f 2028/521/241 2029/523/241 2030/524/241
f 2031/524/242 2032/523/242 2033/522/242
f 2034/524/242 2035/522/242 2036/521/242
f 2037/525/243 2038/526/243 2039/527/243
f 2040/525/243 2041/528/243 2042/526/243
f 2043/527/244 2044/526/244 2045/528/244
f 2046/527/244 2047/528/244 2048/525/244
f 2049/521/241 2050/524/241 2051/529/241
f 2052/530/241 2053/521/241 2054/529/241
f 2055/529/242 2056/524/242 2057/530/242
f 2058/524/242 2059/521/242 2060/530/242
f 2061/531/243 2062/532/243 2063/533/243
f 2064/532/243 2065/534/243 2066/533/243
f 2067/534/244 2068/532/244 2069/531/244
f 2070/533/244 2071/534/244 2072/531/244
usemtl Material_1.019
f 2073/535/245 2074/536/245 2075/537/245
f 2076/524/246 2077/535/246 2078/538/246
f 2079/524/246 2080/539/246 2081/535/246
f 2082/536/247 2083/537/247 2084/535/247
f 2085/524/248 2086/539/248 2087/535/248
f 2088/524/248 2089/535/248 2090/537/248
f 2091/536/249 2092/537/249 2093/535/249
f 2094/524/250 2095/539/250 2096/537/250
f 2097/539/250 2098/535/250 2099/537/250
f 2100/535/251 2101/537/251 2102/524/251
f 2103/535/251 2104/524/251 2105/540/251
f 2106/535/252 2107/536/252 2108/537/252
f 2109/541/253 2110/542/253 2111/543/253
f 2112/541/253 2113/543/253 2114/544/253
usemtl Material_3.019
f 2115/545/241 2116/546/241 2117/547/241
f 2118/545/241 2119/548/241 2116/546/241
f 2120/547/242 2121/548/242 2122/545/242
f 2123/547/242 2124/546/242 2125/548/242
f 2126/545/244 2127/546/244 2128/547/244
f 2129/545/244 2130/548/244 2127/546/244
f 2131/547/243 2132/548/243 2133/545/243
f 2134/547/243 2135/546/243 2136/548/243
o node.020
v 28.015623 7.340806 18.462692
v 28.015623 28.893099 18.462688
v 30.892536 28.893099 18.462688
v 28.015623 7.340806 18.462692
v 30.892536 28.893099 18.462688
v 30.892536 7.340806 18.462692
v 30.892536 7.340806 21.339605
v 30.892536 28.893099 21.339602
v 28.015623 28.893099 21.339602
v 30.892536 7.340806 21.339605
v 28.015623 28.893099 21.339602
v 28.015623 7.340806 21.339605
v 30.892536 7.340806 18.462692
v 30.892536 28.893099 21.339602
v 30.892536 7.340806 21.339605
v 30.892536 7.340806 18.462692
v 30.892536 28.893099 18.462688
v 30.892536 28.893099 21.339602
v 28.015623 7.340806 21.339605
v 28.015623 28.893099 21.339602
v 28.015623 28.893099 18.462688
v 28.015623 7.340806 21.339605
v 28.015623 28.893099 18.462688
v 28.015623 7.340806 18.462692
v 30.892536 -1.640780 18.462692
v 28.015623 -1.640780 18.462692
v 28.015623 7.340806 18.462692
v 30.892536 7.340806 18.462692
v 30.892536 -1.640780 18.462692
v 28.015623 7.340806 18.462692
v 28.015623 7.340806 21.339605
v 28.015623 -1.640779 21.339607
v 30.892536 7.340806 21.339605
v 28.015623 -1.640779 21.339607
v 30.892536 -1.640779 21.339607
v 30.892536 7.340806 21.339605
v 30.892536 7.340806 21.339605
v 30.892536 -1.640779 21.339607
v 30.892536 7.340806 18.462692
v 30.892536 -1.640779 21.339607
v 30.892536 -1.640780 18.462692
v 30.892536 7.340806 18.462692
v 28.015623 -1.640780 18.462692
v 28.015623 -1.640779 21.339607
v 28.015623 7.340806 21.339605
v 28.015623 7.340806 18.462692
v 28.015623 -1.640780 18.462692
v 28.015623 7.340806 21.339605
v 28.376991 33.562820 20.978233
v 29.454079 39.313141 19.901144
v 28.376991 33.562820 18.824057
v 27.657763 32.485733 21.697462
v 30.531168 33.562820 20.978233
v 28.376991 33.562820 20.978233
v 27.657763 32.485733 21.697462
v 31.250397 32.485733 21.697462
v 30.531168 33.562820 20.978233
v 29.454079 39.313141 19.901144
v 28.376991 33.562820 20.978233
v 30.531168 33.562820 20.978233
v 31.250397 32.485733 18.104828
v 27.657763 32.485733 18.104828
v 28.376991 33.562820 18.824057
v 31.250397 32.485733 18.104828
v 28.376991 33.562820 18.824057
v 30.531168 33.562820 18.824057
v 29.454079 39.313141 19.901144
v 30.531168 33.562820 18.824057
v 28.376991 33.562820 18.824057
v 31.250397 32.485733 21.697462
v 31.250397 32.485733 18.104828
v 30.531168 33.562820 20.978233
v 31.250397 32.485733 18.104828
v 30.531168 33.562820 18.824057
v 30.531168 33.562820 20.978233
v 28.376991 33.562820 20.978233
v 28.376991 33.562820 18.824057
v 27.657763 32.485733 18.104828
v 28.376991 33.562820 20.978233
v 27.657763 32.485733 18.104828
v 27.657763 32.485733 21.697462
v 30.531168 33.562820 18.824057
v 29.454079 39.313141 19.901144
v 30.531168 33.562820 20.978233
v 27.657763 32.485733 18.104828
v 31.250397 32.485733 18.104828
v 31.250397 32.485733 21.697462
v 27.657763 32.485733 18.104828
v 31.250397 32.485733 21.697462
v 27.657763 32.485733 21.697462
v 28.015623 28.893099 18.462688
v 30.892536 32.485733 18.462688
v 30.892536 28.893099 18.462688
v 28.015623 28.893099 18.462688
v 28.015623 32.485733 18.462688
v 30.892536 28.893099 21.339602
v 28.015623 32.485733 21.339602
v 28.015623 28.893099 21.339602
v 30.892536 28.893099 21.339602
v 30.892536 32.485733 21.339602
v 28.015623 32.485733 21.339602
v 28.015623 28.893099 21.339602
v 28.015623 32.485733 18.462688
v 28.015623 28.893099 18.462688
v 28.015623 28.893099 21.339602
v 28.015623 32.485733 21.339602
v 30.892536 28.893099 18.462688
v 30.892536 32.485733 21.339602
v 30.892536 28.893099 21.339602
v 30.892536 28.893099 18.462688
v 30.892536 32.485733 18.462688
v 30.892536 32.485733 21.339602
vn -0.0000 -0.0000 -1.0000
vn -0.0000 -0.0000 1.0000
vn 1.0000 -0.0000 -0.0000
vn -1.0000 -0.0000 -0.0000
vn -0.9829 0.1841 -0.0000
vn -0.0000 0.5553 0.8316
vn -0.0000 0.1841 0.9829
vn -0.0000 0.5553 -0.8316
vn -0.0000 0.1841 -0.9829
vn 0.8316 0.5553 -0.0000
vn -0.8316 0.5553 -0.0000
vn 0.9829 0.1841 -0.0000
vn -0.0000 -1.0000 -0.0000
vt 0.966797 -0.966797
vt 0.966797 6.517578
vt 0.000000 6.517578
vt 0.000000 -0.966797
vt 7.953125 -0.966797
vt 8.951172 6.519531
vt 8.951172 -0.966797
vt 7.953125 6.519531
vt 0.000000 2.152344
vt 0.966797 2.152344
vt 10.947266 2.152344
vt 10.947266 -0.966797
vt 9.949219 2.152344
vt 9.949219 -0.966797
vt 1.964844 -0.218750
vt 1.216797 3.773438
vt 0.468750 -0.218750
vt 0.466797 -0.218750
vt 2.464844 -0.966797
vt 2.462891 -0.966797
vt 0.134766 1.861328
vt 0.468750 1.861328
vt 0.468750 2.193359
vt 0.134766 2.193359
vt 0.966797 -0.982422
vt 0.000000 0.000000
vt 0.000000 -0.982422
vt 0.966797 0.000000
s 1
usemtl Material_0.020
f 2137/549/254 2138/550/254 2139/551/254
f 2140/549/254 2141/551/254 2142/552/254
f 2143/552/255 2144/551/255 2145/550/255
f 2146/552/255 2147/550/255 2148/549/255
f 2149/553/256 2150/554/256 2151/555/256
f 2152/553/256 2153/556/256 2154/554/256
f 2155/555/257 2156/554/257 2157/556/257
f 2158/555/257 2159/556/257 2160/553/257
f 2161/549/254 2162/552/254 2163/557/254
f 2164/558/254 2165/549/254 2166/557/254
f 2167/557/255 2168/552/255 2169/558/255
f 2170/552/255 2171/549/255 2172/558/255
f 2173/559/256 2174/560/256 2175/561/256
f 2176/560/256 2177/562/256 2178/561/256
f 2179/562/257 2180/560/257 2181/559/257
f 2182/561/257 2183/562/257 2184/559/257
usemtl Material_1.020
f 2185/563/258 2186/564/258 2187/565/258
f 2188/552/259 2189/563/259 2190/566/259
f 2191/552/259 2192/567/259 2193/563/259
f 2194/564/260 2195/565/260 2196/563/260
f 2197/552/261 2198/567/261 2199/563/261
f 2200/552/261 2201/563/261 2202/565/261
f 2203/564/262 2204/565/262 2205/563/262
f 2206/552/263 2207/567/263 2208/565/263
f 2209/567/263 2210/563/263 2211/565/263
f 2212/563/264 2213/565/264 2214/552/264
f 2215/563/264 2216/552/264 2217/568/264
f 2218/563/265 2219/564/265 2220/565/265
f 2221/569/266 2222/570/266 2223/571/266
f 2224/569/266 2225/571/266 2226/572/266
usemtl Material_3.020
f 2227/573/254 2228/574/254 2229/575/254
f 2230/573/254 2231/576/254 2228/574/254
f 2232/575/255 2233/576/255 2234/573/255
f 2235/575/255 2236/574/255 2237/576/255
f 2238/573/257 2239/574/257 2240/575/257
f 2241/573/257 2242/576/257 2239/574/257
f 2243/575/256 2244/576/256 2245/573/256
f 2246/575/256 2247/574/256 2248/576/256
o node.021
v 20.888741 7.340806 18.462692
v 20.888741 28.893099 18.462688
v 23.765654 28.893099 18.462688
v 20.888741 7.340806 18.462692
v 23.765654 28.893099 18.462688
v 23.765654 7.340806 18.462692
v 23.765654 7.340806 21.339605
v 23.765654 28.893099 21.339602
v 20.888741 28.893099 21.339602
v 23.765654 7.340806 21.339605
v 20.888741 28.893099 21.339602
v 20.888741 7.340806 21.339605
v 23.765654 7.340806 18.462692
v 23.765654 28.893099 21.339602
v 23.765654 7.340806 21.339605
v 23.765654 7.340806 18.462692
v 23.765654 28.893099 18.462688
v 23.765654 28.893099 21.339602
v 20.888741 7.340806 21.339605
v 20.888741 28.893099 21.339602
v 20.888741 28.893099 18.462688
v 20.888741 7.340806 21.339605
v 20.888741 28.893099 18.462688
v 20.888741 7.340806 18.462692
v 23.765654 -1.640780 18.462692
v 20.888741 -1.640780 18.462692
v 20.888741 7.340806 18.462692
v 23.765654 7.340806 18.462692
v 23.765654 -1.640780 18.462692
v 20.888741 7.340806 18.462692
v 20.888741 7.340806 21.339605
v 20.888741 -1.640779 21.339607
v 23.765654 7.340806 21.339605
v 20.888741 -1.640779 21.339607
v 23.765654 -1.640779 21.339607
v 23.765654 7.340806 21.339605
v 23.765654 7.340806 21.339605
v 23.765654 -1.640779 21.339607
v 23.765654 7.340806 18.462692
v 23.765654 -1.640779 21.339607
v 23.765654 -1.640780 18.462692
v 23.765654 7.340806 18.462692
v 20.888741 -1.640780 18.462692
v 20.888741 -1.640779 21.339607
v 20.888741 7.340806 21.339605
v 20.888741 7.340806 18.462692
v 20.888741 -1.640780 18.462692
v 20.888741 7.340806 21.339605
v 21.250109 33.562820 20.978233
v 22.327196 39.313141 19.901144
v 21.250109 33.562820 18.824057
v 20.530880 32.485733 21.697462
v 23.404285 33.562820 20.978233
v 21.250109 33.562820 20.978233
v 20.530880 32.485733 21.697462
v 24.123514 32.485733 21.697462
v 23.404285 33.562820 20.978233
v 22.327196 39.313141 19.901144
v 21.250109 33.562820 20.978233
v 23.404285 33.562820 20.978233
v 24.123514 32.485733 18.104828
v 20.530880 32.485733 18.104828
v 21.250109 33.562820 18.824057
v 24.123514 32.485733 18.104828
v 21.250109 33.562820 18.824057
v 23.404285 33.562820 18.824057
v 22.327196 39.313141 19.901144
v 23.404285 33.562820 18.824057
v 21.250109 33.562820 18.824057
v 24.123514 32.485733 21.697462
v 24.123514 32.485733 18.104828
v 23.404285 33.562820 20.978233
v 24.123514 32.485733 18.104828
v 23.404285 33.562820 18.824057
v 23.404285 33.562820 20.978233
v 21.250109 33.562820 20.978233
v 21.250109 33.562820 18.824057
v 20.530880 32.485733 18.104828
v 21.250109 33.562820 20.978233
v 20.530880 32.485733 18.104828
v 20.530880 32.485733 21.697462
v 23.404285 33.562820 18.824057
v 22.327196 39.313141 19.901144
v 23.404285 33.562820 20.978233
v 20.530880 32.485733 18.104828
v 24.123514 32.485733 18.104828
v 24.123514 32.485733 21.697462
v 20.530880 32.485733 18.104828
v 24.123514 32.485733 21.697462
v 20.530880 32.485733 21.697462
v 20.888741 28.893099 18.462688
v 23.765654 32.485733 18.462688
v 23.765654 28.893099 18.462688
v 20.888741 28.893099 18.462688
v 20.888741 32.485733 18.462688
v 23.765654 28.893099 21.339602
v 20.888741 32.485733 21.339602
v 20.888741 28.893099 21.339602
v 23.765654 28.893099 21.339602
v 23.765654 32.485733 21.339602
v 20.888741 32.485733 21.339602
v 20.888741 28.893099 21.339602
v 20.888741 32.485733 18.462688
v 20.888741 28.893099 18.462688
v 20.888741 28.893099 21.339602
v 20.888741 32.485733 21.339602
v 23.765654 28.893099 18.462688
v 23.765654 32.485733 21.339602
v 23.765654 28.893099 21.339602
v 23.765654 28.893099 18.462688
v 23.765654 32.485733 18.462688
v 23.765654 32.485733 21.339602
vn -0.0000 -0.0000 -1.0000
vn -0.0000 -0.0000 1.0000
vn 1.0000 -0.0000 -0.0000
vn -1.0000 -0.0000 -0.0000
vn -0.9829 0.1841 -0.0000
vn -0.0000 0.5553 0.8316
vn -0.0000 0.1841 0.9829
vn -0.0000 0.5553 -0.8316
vn -0.0000 0.1841 -0.9829
vn 0.8316 0.5553 -0.0000
vn -0.8316 0.5553 -0.0000
vn 0.9829 0.1841 -0.0000
vn -0.0000 -1.0000 -0.0000
vt 0.966797 -0.966797
vt 0.966797 6.517578
vt 0.000000 6.517578
vt 0.000000 -0.966797
vt 7.953125 -0.966797
vt 8.951172 6.519531
vt 8.951172 -0.966797
vt 7.953125 6.519531
vt 0.000000 2.152344
vt 0.966797 2.152344
vt 10.947266 2.152344
vt 10.947266 -0.966797
vt 9.949219 2.152344
vt 9.949219 -0.966797
vt 1.964844 -0.218750
vt 1.216797 3.773438
vt 0.468750 -0.218750
vt 0.466797 -0.218750
vt 2.464844 -0.966797
vt 2.462891 -0.966797
vt 0.134766 1.861328
vt 0.468750 1.861328
vt 0.468750 2.193359
vt 0.134766 2.193359
vt 0.966797 -0.982422
vt 0.000000 0.000000
vt 0.000000 -0.982422
vt 0.966797 0.000000
s 1
usemtl Material_0.021
f 2249/577/267 2250/578/267 2251/579/267
f 2252/577/267 2253/579/267 2254/580/267
f 2255/580/268 2256/579/268 2257/578/268
f 2258/580/268 2259/578/268 2260/577/268
f 2261/581/269 2262/582/269 2263/583/269
f 2264/581/269 2265/584/269 2266/582/269
f 2267/583/270 2268/582/270 2269/584/270
f 2270/583/270 2271/584/270 2272/581/270
f 2273/577/267 2274/580/267 2275/585/267
f 2276/586/267 2277/577/267 2278/585/267
f 2279/585/268 2280/580/268 2281/586/268
f 2282/580/268 2283/577/268 2284/586/268
f 2285/587/269 2286/588/269 2287/589/269
f 2288/588/269 2289/590/269 2290/589/269
f 2291/590/270 2292/588/270 2293/587/270
f 2294/589/270 2295/590/270 2296/587/270
usemtl Material_1.021
f 2297/591/271 2298/592/271 2299/593/271
f 2300/580/272 2301/591/272 2302/594/272
f 2303/580/272 2304/595/272 2305/591/272
f 2306/592/273 2307/593/273 2308/591/273
f 2309/580/274 2310/595/274 2311/591/274
f 2312/580/274 2313/591/274 2314/593/274
f 2315/592/275 2316/593/275 2317/591/275
f 2318/580/276 2319/595/276 2320/593/276
f 2321/595/276 2322/591/276 2323/593/276
f 2324/591/277 2325/593/277 2326/580/277
f 2327/591/277 2328/580/277 2329/596/277
f 2330/591/278 2331/592/278 2332/593/278
f 2333/597/279 2334/598/279 2335/599/279
f 2336/597/279 2337/599/279 2338/600/279
usemtl Material_3.021
f 2339/601/267 2340/602/267 2341/603/267
f 2342/601/267 2343/604/267 2340/602/267
f 2344/603/268 2345/604/268 2346/601/268
f 2347/603/268 2348/602/268 2349/604/268
f 2350/601/270 2351/602/270 2352/603/270
f 2353/601/270 2354/604/270 2351/602/270
f 2355/603/269 2356/604/269 2357/601/269
f 2358/603/269 2359/602/269 2360/604/269
o node.022
v 13.907773 7.340806 18.462692
v 13.907773 28.893099 18.462688
v 16.784687 28.893099 18.462688
v 13.907773 7.340806 18.462692
v 16.784687 28.893099 18.462688
v 16.784687 7.340806 18.462692
v 16.784687 7.340806 21.339605
v 16.784687 28.893099 21.339602
v 13.907773 28.893099 21.339602
v 16.784687 7.340806 21.339605
v 13.907773 28.893099 21.339602
v 13.907773 7.340806 21.339605
v 16.784687 7.340806 18.462692
v 16.784687 28.893099 21.339602
v 16.784687 7.340806 21.339605
v 16.784687 7.340806 18.462692
v 16.784687 28.893099 18.462688
v 16.784687 28.893099 21.339602
v 13.907773 7.340806 21.339605
v 13.907773 28.893099 21.339602
v 13.907773 28.893099 18.462688
v 13.907773 7.340806 21.339605
v 13.907773 28.893099 18.462688
v 13.907773 7.340806 18.462692
v 16.784687 -1.640780 18.462692
v 13.907773 -1.640780 18.462692
v 13.907773 7.340806 18.462692
v 16.784687 7.340806 18.462692
v 16.784687 -1.640780 18.462692
v 13.907773 7.340806 18.462692
v 13.907773 7.340806 21.339605
v 13.907773 -1.640779 21.339607
v 16.784687 7.340806 21.339605
v 13.907773 -1.640779 21.339607
v 16.784687 -1.640779 21.339607
v 16.784687 7.340806 21.339605
v 16.784687 7.340806 21.339605
v 16.784687 -1.640779 21.339607
v 16.784687 7.340806 18.462692
v 16.784687 -1.640779 21.339607
v 16.784687 -1.640780 18.462692
v 16.784687 7.340806 18.462692
v 13.907773 -1.640780 18.462692
v 13.907773 -1.640779 21.339607
v 13.907773 7.340806 21.339605
v 13.907773 7.340806 18.462692
v 13.907773 -1.640780 18.462692
v 13.907773 7.340806 21.339605
v 14.269142 33.562820 20.978233
v 15.346231 39.313141 19.901144
v 14.269142 33.562820 18.824057
v 13.549913 32.485733 21.697462
v 16.423319 33.562820 20.978233
v 14.269142 33.562820 20.978233
v 13.549913 32.485733 21.697462
v 17.142548 32.485733 21.697462
v 16.423319 33.562820 20.978233
v 15.346231 39.313141 19.901144
v 14.269142 33.562820 20.978233
v 16.423319 33.562820 20.978233
v 17.142548 32.485733 18.104828
v 13.549913 32.485733 18.104828
v 14.269142 33.562820 18.824057
v 17.142548 32.485733 18.104828
v 14.269142 33.562820 18.824057
v 16.423319 33.562820 18.824057
v 15.346231 39.313141 19.901144
v 16.423319 33.562820 18.824057
v 14.269142 33.562820 18.824057
v 17.142548 32.485733 21.697462
v 17.142548 32.485733 18.104828
v 16.423319 33.562820 20.978233
v 17.142548 32.485733 18.104828
v 16.423319 33.562820 18.824057
v 16.423319 33.562820 20.978233
v 14.269142 33.562820 20.978233
v 14.269142 33.562820 18.824057
v 13.549913 32.485733 18.104828
v 14.269142 33.562820 20.978233
v 13.549913 32.485733 18.104828
v 13.549913 32.485733 21.697462
v 16.423319 33.562820 18.824057
v 15.346231 39.313141 19.901144
v 16.423319 33.562820 20.978233
v 13.549913 32.485733 18.104828
v 17.142548 32.485733 18.104828
v 17.142548 32.485733 21.697462
v 13.549913 32.485733 18.104828
v 17.142548 32.485733 21.697462
v 13.549913 32.485733 21.697462
v 13.907773 28.893099 18.462688
v 16.784687 32.485733 18.462688
v 16.784687 28.893099 18.462688
v 13.907773 28.893099 18.462688
v 13.907773 32.485733 18.462688
v 16.784687 28.893099 21.339602
v 13.907773 32.485733 21.339602
v 13.907773 28.893099 21.339602
v 16.784687 28.893099 21.339602
v 16.784687 32.485733 21.339602
v 13.907773 32.485733 21.339602
v 13.907773 28.893099 21.339602
v 13.907773 32.485733 18.462688
v 13.907773 28.893099 18.462688
v 13.907773 28.893099 21.339602
v 13.907773 32.485733 21.339602
v 16.784687 28.893099 18.462688
v 16.784687 32.485733 21.339602
v 16.784687 28.893099 21.339602
v 16.784687 28.893099 18.462688
v 16.784687 32.485733 18.462688
v 16.784687 32.485733 21.339602
vn -0.0000 -0.0000 -1.0000
vn -0.0000 -0.0000 1.0000
vn 1.0000 -0.0000 -0.0000
vn -1.0000 -0.0000 -0.0000
vn -0.9829 0.1841 -0.0000
vn -0.0000 0.5553 0.8316
vn -0.0000 0.1841 0.9829
vn -0.0000 0.5553 -0.8316
vn -0.0000 0.1841 -0.9829
vn 0.8316 0.5553 -0.0000
vn -0.8316 0.5553 -0.0000
vn 0.9829 0.1841 -0.0000
vn -0.0000 -1.0000 -0.0000
vt 0.966797 -0.966797
vt 0.966797 6.517578
vt 0.000000 6.517578
vt 0.000000 -0.966797
vt 7.953125 -0.966797
vt 8.951172 6.519531
vt 8.951172 -0.966797
vt 7.953125 6.519531
vt 0.000000 2.152344
vt 0.966797 2.152344
vt 10.947266 2.152344
vt 10.947266 -0.966797
vt 9.949219 2.152344
vt 9.949219 -0.966797
vt 1.964844 -0.218750
vt 1.216797 3.773438
vt 0.468750 -0.218750
vt 0.466797 -0.218750
vt 2.464844 -0.966797
vt 2.462891 -0.966797
vt 0.134766 1.861328
vt 0.468750 1.861328
vt 0.468750 2.193359
vt 0.134766 2.193359
vt 0.966797 -0.982422
vt 0.000000 0.000000
vt 0.000000 -0.982422
vt 0.966797 0.000000
s 1
usemtl Material_0.022
f 2361/605/280 2362/606/280 2363/607/280
f 2364/605/280 2365/607/280 2366/608/280
f 2367/608/281 2368/607/281 2369/606/281
f 2370/608/281 2371/606/281 2372/605/281
f 2373/609/282 2374/610/282 2375/611/282
f 2376/609/282 2377/612/282 2378/610/282
f 2379/611/283 2380/610/283 2381/612/283
f 2382/611/283 2383/612/283 2384/609/283
f 2385/605/280 2386/608/280 2387/613/280
f 2388/614/280 2389/605/280 2390/613/280
f 2391/613/281 2392/608/281 2393/614/281
f 2394/608/281 2395/605/281 2396/614/281
f 2397/615/282 2398/616/282 2399/617/282
f 2400/616/282 2401/618/282 2402/617/282
f 2403/618/283 2404/616/283 2405/615/283
f 2406/617/283 2407/618/283 2408/615/283
usemtl Material_1.022
f 2409/619/284 2410/620/284 2411/621/284
f 2412/608/285 2413/619/285 2414/622/285
f 2415/608/285 2416/623/285 2417/619/285
f 2418/620/286 2419/621/286 2420/619/286
f 2421/608/287 2422/623/287 2423/619/287
f 2424/608/287 2425/619/287 2426/621/287
f 2427/620/288 2428/621/288 2429/619/288
f 2430/608/289 2431/623/289 2432/621/289
f 2433/623/289 2434/619/289 2435/621/289
f 2436/619/290 2437/621/290 2438/608/290
f 2439/619/290 2440/608/290 2441/624/290
f 2442/619/291 2443/620/291 2444/621/291
f 2445/625/292 2446/626/292 2447/627/292
f 2448/625/292 2449/627/292 2450/628/292
usemtl Material_3.022
f 2451/629/280 2452/630/280 2453/631/280
f 2454/629/280 2455/632/280 2452/630/280
f 2456/631/281 2457/632/281 2458/629/281
f 2459/631/281 2460/630/281 2461/632/281
f 2462/629/283 2463/630/283 2464/631/283
f 2465/629/283 2466/632/283 2463/630/283
f 2467/631/282 2468/632/282 2469/629/282
f 2470/631/282 2471/630/282 2472/632/282
o node.023
v 6.908393 7.340806 18.462692
v 6.908393 28.893099 18.462688
v 9.785307 28.893099 18.462688
v 6.908393 7.340806 18.462692
v 9.785307 28.893099 18.462688
v 9.785307 7.340806 18.462692
v 9.785307 7.340806 21.339605
v 9.785307 28.893099 21.339602
v 6.908393 28.893099 21.339602
v 9.785307 7.340806 21.339605
v 6.908393 28.893099 21.339602
v 6.908393 7.340806 21.339605
v 9.785307 7.340806 18.462692
v 9.785307 28.893099 21.339602
v 9.785307 7.340806 21.339605
v 9.785307 7.340806 18.462692
v 9.785307 28.893099 18.462688
v 9.785307 28.893099 21.339602
v 6.908393 7.340806 21.339605
v 6.908393 28.893099 21.339602
v 6.908393 28.893099 18.462688
v 6.908393 7.340806 21.339605
v 6.908393 28.893099 18.462688
v 6.908393 7.340806 18.462692
v 9.785307 -1.640780 18.462692
v 6.908393 -1.640780 18.462692
v 6.908393 7.340806 18.462692
v 9.785307 7.340806 18.462692
v 9.785307 -1.640780 18.462692
v 6.908393 7.340806 18.462692
v 6.908393 7.340806 21.339605
v 6.908393 -1.640779 21.339607
v 9.785307 7.340806 21.339605
v 6.908393 -1.640779 21.339607
v 9.785307 -1.640779 21.339607
v 9.785307 7.340806 21.339605
v 9.785307 7.340806 21.339605
v 9.785307 -1.640779 21.339607
v 9.785307 7.340806 18.462692
v 9.785307 -1.640779 21.339607
v 9.785307 -1.640780 18.462692
v 9.785307 7.340806 18.462692
v 6.908393 -1.640780 18.462692
v 6.908393 -1.640779 21.339607
v 6.908393 7.340806 21.339605
v 6.908393 7.340806 18.462692
v 6.908393 -1.640780 18.462692
v 6.908393 7.340806 21.339605
v 7.269762 33.562820 20.978233
v 8.346850 39.313141 19.901144
v 7.269762 33.562820 18.824057
v 6.550533 32.485733 21.697462
v 9.423939 33.562820 20.978233
v 7.269762 33.562820 20.978233
v 6.550533 32.485733 21.697462
v 10.143167 32.485733 21.697462
v 9.423939 33.562820 20.978233
v 8.346850 39.313141 19.901144
v 7.269762 33.562820 20.978233
v 9.423939 33.562820 20.978233
v 10.143167 32.485733 18.104828
v 6.550533 32.485733 18.104828
v 7.269762 33.562820 18.824057
v 10.143167 32.485733 18.104828
v 7.269762 33.562820 18.824057
v 9.423939 33.562820 18.824057
v 8.346850 39.313141 19.901144
v 9.423939 33.562820 18.824057
v 7.269762 33.562820 18.824057
v 10.143167 32.485733 21.697462
v 10.143167 32.485733 18.104828
v 9.423939 33.562820 20.978233
v 10.143167 32.485733 18.104828
v 9.423939 33.562820 18.824057
v 9.423939 33.562820 20.978233
v 7.269762 33.562820 20.978233
v 7.269762 33.562820 18.824057
v 6.550533 32.485733 18.104828
v 7.269762 33.562820 20.978233
v 6.550533 32.485733 18.104828
v 6.550533 32.485733 21.697462
v 9.423939 33.562820 18.824057
v 8.346850 39.313141 19.901144
v 9.423939 33.562820 20.978233
v 6.550533 32.485733 18.104828
v 10.143167 32.485733 18.104828
v 10.143167 32.485733 21.697462
v 6.550533 32.485733 18.104828
v 10.143167 32.485733 21.697462
v 6.550533 32.485733 21.697462
v 6.908393 28.893099 18.462688
v 9.785307 32.485733 18.462688
v 9.785307 28.893099 18.462688
v 6.908393 28.893099 18.462688
v 6.908393 32.485733 18.462688
v 9.785307 28.893099 21.339602
v 6.908393 32.485733 21.339602
v 6.908393 28.893099 21.339602
v 9.785307 28.893099 21.339602
v 9.785307 32.485733 21.339602
v 6.908393 32.485733 21.339602
v 6.908393 28.893099 21.339602
v 6.908393 32.485733 18.462688
v 6.908393 28.893099 18.462688
v 6.908393 28.893099 21.339602
v 6.908393 32.485733 21.339602
v 9.785307 28.893099 18.462688
v 9.785307 32.485733 21.339602
v 9.785307 28.893099 21.339602
v 9.785307 28.893099 18.462688
v 9.785307 32.485733 18.462688
v 9.785307 32.485733 21.339602
vn -0.0000 -0.0000 -1.0000
vn -0.0000 -0.0000 1.0000
vn 1.0000 -0.0000 -0.0000
vn -1.0000 -0.0000 -0.0000
vn -0.9829 0.1841 -0.0000
vn -0.0000 0.5553 0.8316
vn -0.0000 0.1841 0.9829
vn -0.0000 0.5553 -0.8316
vn -0.0000 0.1841 -0.9829
vn 0.8316 0.5553 -0.0000
vn -0.8316 0.5553 -0.0000
vn 0.9829 0.1841 -0.0000
vn -0.0000 -1.0000 -0.0000
vt 0.966797 -0.966797
vt 0.966797 6.517578
vt 0.000000 6.517578
vt 0.000000 -0.966797
vt 7.953125 -0.966797
vt 8.951172 6.519531
vt 8.951172 -0.966797
vt 7.953125 6.519531
vt 0.000000 2.152344
vt 0.966797 2.152344
vt 10.947266 2.152344
vt 10.947266 -0.966797
vt 9.949219 2.152344
vt 9.949219 -0.966797
vt 1.964844 -0.218750
vt 1.216797 3.773438
vt 0.468750 -0.218750
vt 0.466797 -0.218750
vt 2.464844 -0.966797
vt 2.462891 -0.966797
vt 0.134766 1.861328
vt 0.468750 1.861328
vt 0.468750 2.193359
vt 0.134766 2.193359
vt 0.966797 -0.982422
vt 0.000000 0.000000
vt 0.000000 -0.982422
vt 0.966797 0.000000
s 1
usemtl Material_0.023
f 2473/633/293 2474/634/293 2475/635/293
f 2476/633/293 2477/635/293 2478/636/293
f 2479/636/294 2480/635/294 2481/634/294
f 2482/636/294 2483/634/294 2484/633/294
f 2485/637/295 2486/638/295 2487/639/295
f 2488/637/295 2489/640/295 2490/638/295
f 2491/639/296 2492/638/296 2493/640/296
f 2494/639/296 2495/640/296 2496/637/296
f 2497/633/293 2498/636/293 2499/641/293
f 2500/642/293 2501/633/293 2502/641/293
f 2503/641/294 2504/636/294 2505/642/294
f 2506/636/294 2507/633/294 2508/642/294
f 2509/643/295 2510/644/295 2511/645/295
f 2512/644/295 2513/646/295 2514/645/295
f 2515/646/296 2516/644/296 2517/643/296
f 2518/645/296 2519/646/296 2520/643/296
usemtl Material_1.023
f 2521/647/297 2522/648/297 2523/649/297
f 2524/636/298 2525/647/298 2526/650/298
f 2527/636/298 2528/651/298 2529/647/298
f 2530/648/299 2531/649/299 2532/647/299
f 2533/636/300 2534/651/300 2535/647/300
f 2536/636/300 2537/647/300 2538/649/300
f 2539/648/301 2540/649/301 2541/647/301
f 2542/636/302 2543/651/302 2544/649/302
f 2545/651/302 2546/647/302 2547/649/302
f 2548/647/303 2549/649/303 2550/636/303
f 2551/647/303 2552/636/303 2553/652/303
f 2554/647/304 2555/648/304 2556/649/304
f 2557/653/305 2558/654/305 2559/655/305
f 2560/653/305 2561/655/305 2562/656/305
usemtl Material_3.023
f 2563/657/293 2564/658/293 2565/659/293
f 2566/657/293 2567/660/293 2564/658/293
f 2568/659/294 2569/660/294 2570/657/294
f 2571/659/294 2572/658/294 2573/660/294
f 2574/657/296 2575/658/296 2576/659/296
f 2577/657/296 2578/660/296 2575/658/296
f 2579/659/295 2580/660/295 2581/657/295
f 2582/659/295 2583/658/295 2584/660/295
o node.024
v 0.282706 7.340806 18.462692
v 0.282706 28.893099 18.462688
v 3.159621 28.893099 18.462688
v 0.282706 7.340806 18.462692
v 3.159621 28.893099 18.462688
v 3.159621 7.340806 18.462692
v 3.159621 7.340806 21.339605
v 3.159621 28.893099 21.339602
v 0.282706 28.893099 21.339602
v 3.159621 7.340806 21.339605
v 0.282706 28.893099 21.339602
v 0.282706 7.340806 21.339605
v 3.159621 7.340806 18.462692
v 3.159621 28.893099 21.339602
v 3.159621 7.340806 21.339605
v 3.159621 7.340806 18.462692
v 3.159621 28.893099 18.462688
v 3.159621 28.893099 21.339602
v 0.282706 7.340806 21.339605
v 0.282706 28.893099 21.339602
v 0.282706 28.893099 18.462688
v 0.282706 7.340806 21.339605
v 0.282706 28.893099 18.462688
v 0.282706 7.340806 18.462692
v 3.159621 -1.640780 18.462692
v 0.282706 -1.640780 18.462692
v 0.282706 7.340806 18.462692
v 3.159621 7.340806 18.462692
v 3.159621 -1.640780 18.462692
v 0.282706 7.340806 18.462692
v 0.282706 7.340806 21.339605
v 0.282706 -1.640779 21.339607
v 3.159621 7.340806 21.339605
v 0.282706 -1.640779 21.339607
v 3.159621 -1.640779 21.339607
v 3.159621 7.340806 21.339605
v 3.159621 7.340806 21.339605
v 3.159621 -1.640779 21.339607
v 3.159621 7.340806 18.462692
v 3.159621 -1.640779 21.339607
v 3.159621 -1.640780 18.462692
v 3.159621 7.340806 18.462692
v 0.282706 -1.640780 18.462692
v 0.282706 -1.640779 21.339607
v 0.282706 7.340806 21.339605
v 0.282706 7.340806 18.462692
v 0.282706 -1.640780 18.462692
v 0.282706 7.340806 21.339605
v 0.644075 33.562820 20.978233
v 1.721164 39.313141 19.901144
v 0.644075 33.562820 18.824057
v -0.075154 32.485733 21.697462
v 2.798252 33.562820 20.978233
v 0.644075 33.562820 20.978233
v -0.075154 32.485733 21.697462
v 3.517480 32.485733 21.697462
v 2.798252 33.562820 20.978233
v 1.721164 39.313141 19.901144
v 0.644075 33.562820 20.978233
v 2.798252 33.562820 20.978233
v 3.517480 32.485733 18.104828
v -0.075154 32.485733 18.104828
v 0.644075 33.562820 18.824057
v 3.517480 32.485733 18.104828
v 0.644075 33.562820 18.824057
v 2.798252 33.562820 18.824057
v 1.721164 39.313141 19.901144
v 2.798252 33.562820 18.824057
v 0.644075 33.562820 18.824057
v 3.517480 32.485733 21.697462
v 3.517480 32.485733 18.104828
v 2.798252 33.562820 20.978233
v 3.517480 32.485733 18.104828
v 2.798252 33.562820 18.824057
v 2.798252 33.562820 20.978233
v 0.644075 33.562820 20.978233
v 0.644075 33.562820 18.824057
v -0.075154 32.485733 18.104828
v 0.644075 33.562820 20.978233
v -0.075154 32.485733 18.104828
v -0.075154 32.485733 21.697462
v 2.798252 33.562820 18.824057
v 1.721164 39.313141 19.901144
v 2.798252 33.562820 20.978233
v -0.075154 32.485733 18.104828
v 3.517480 32.485733 18.104828
v 3.517480 32.485733 21.697462
v -0.075154 32.485733 18.104828
v 3.517480 32.485733 21.697462
v -0.075154 32.485733 21.697462
v 0.282706 28.893099 18.462688
v 3.159621 32.485733 18.462688
v 3.159621 28.893099 18.462688
v 0.282706 28.893099 18.462688
v 0.282706 32.485733 18.462688
v 3.159621 28.893099 21.339602
v 0.282706 32.485733 21.339602
v 0.282706 28.893099 21.339602
v 3.159621 28.893099 21.339602
v 3.159621 32.485733 21.339602
v 0.282706 32.485733 21.339602
v 0.282706 28.893099 21.339602
v 0.282706 32.485733 18.462688
v 0.282706 28.893099 18.462688
v 0.282706 28.893099 21.339602
v 0.282706 32.485733 21.339602
v 3.159621 28.893099 18.462688
v 3.159621 32.485733 21.339602
v 3.159621 28.893099 21.339602
v 3.159621 28.893099 18.462688
v 3.159621 32.485733 18.462688
v 3.159621 32.485733 21.339602
vn -0.0000 -0.0000 -1.0000
vn -0.0000 -0.0000 1.0000
vn 1.0000 -0.0000 -0.0000
vn -1.0000 -0.0000 -0.0000
vn -0.9829 0.1841 -0.0000
vn -0.0000 0.5553 0.8316
vn -0.0000 0.1841 0.9829
vn -0.0000 0.5553 -0.8316
vn -0.0000 0.1841 -0.9829
vn 0.8316 0.5553 -0.0000
vn -0.8316 0.5553 -0.0000
vn 0.9829 0.1841 -0.0000
vn -0.0000 -1.0000 -0.0000
vt 0.966797 -0.966797
vt 0.966797 6.517578
vt 0.000000 6.517578
vt 0.000000 -0.966797
vt 7.953125 -0.966797
vt 8.951172 6.519531
vt 8.951172 -0.966797
vt 7.953125 6.519531
vt 0.000000 2.152344
vt 0.966797 2.152344
vt 10.947266 2.152344
vt 10.947266 -0.966797
vt 9.949219 2.152344
vt 9.949219 -0.966797
vt 1.964844 -0.218750
vt 1.216797 3.773438
vt 0.468750 -0.218750
vt 0.466797 -0.218750
vt 2.464844 -0.966797
vt 2.462891 -0.966797
vt 0.134766 1.861328
vt 0.468750 1.861328
vt 0.468750 2.193359
vt 0.134766 2.193359
vt 0.966797 -0.982422
vt 0.000000 0.000000
vt 0.000000 -0.982422
vt 0.966797 0.000000
s 1
usemtl Material_0.024
f 2585/661/306 2586/662/306 2587/663/306
f 2588/661/306 2589/663/306 2590/664/306
f 2591/664/307 2592/663/307 2593/662/307
f 2594/664/307 2595/662/307 2596/661/307
f 2597/665/308 2598/666/308 2599/667/308
f 2600/665/308 2601/668/308 2602/666/308
f 2603/667/309 2604/666/309 2605/668/309
f 2606/667/309 2607/668/309 2608/665/309
f 2609/661/306 2610/664/306 2611/669/306
f 2612/670/306 2613/661/306 2614/669/306
f 2615/669/307 2616/664/307 2617/670/307
f 2618/664/307 2619/661/307 2620/670/307
f 2621/671/308 2622/672/308 2623/673/308
f 2624/672/308 2625/674/308 2626/673/308
f 2627/674/309 2628/672/309 2629/671/309
f 2630/673/309 2631/674/309 2632/671/309
usemtl Material_1.024
f 2633/675/310 2634/676/310 2635/677/310
f 2636/664/311 2637/675/311 2638/678/311
f 2639/664/311 2640/679/311 2641/675/311
f 2642/676/312 2643/677/312 2644/675/312
f 2645/664/313 2646/679/313 2647/675/313
f 2648/664/313 2649/675/313 2650/677/313
f 2651/676/314 2652/677/314 2653/675/314
f 2654/664/315 2655/679/315 2656/677/315
f 2657/679/315 2658/675/315 2659/677/315
f 2660/675/316 2661/677/316 2662/664/316
f 2663/675/316 2664/664/316 2665/680/316
f 2666/675/317 2667/676/317 2668/677/317
f 2669/681/318 2670/682/318 2671/683/318
f 2672/681/318 2673/683/318 2674/684/318
usemtl Material_3.024
f 2675/685/306 2676/686/306 2677/687/306
f 2678/685/306 2679/688/306 2676/686/306
f 2680/687/307 2681/688/307 2682/685/307
f 2683/687/307 2684/686/307 2685/688/307
f 2686/685/309 2687/686/309 2688/687/309
f 2689/685/309 2690/688/309 2687/686/309
f 2691/687/308 2692/688/308 2693/685/308
f 2694/687/308 2695/686/308 2696/688/308
o node.025
v 74.322296 7.340806 -1.449306
v 74.322296 28.893099 -1.449310
v 77.199211 28.893099 -1.449310
v 74.322296 7.340806 -1.449306
v 77.199211 28.893099 -1.449310
v 77.199211 7.340806 -1.449306
v 77.199211 7.340806 1.427608
v 77.199211 28.893099 1.427604
v 74.322296 28.893099 1.427604
v 77.199211 7.340806 1.427608
v 74.322296 28.893099 1.427604
v 74.322296 7.340806 1.427608
v 77.199211 7.340806 -1.449306
v 77.199211 28.893099 1.427604
v 77.199211 7.340806 1.427608
v 77.199211 7.340806 -1.449306
v 77.199211 28.893099 -1.449310
v 77.199211 28.893099 1.427604
v 74.322296 7.340806 1.427608
v 74.322296 28.893099 1.427604
v 74.322296 28.893099 -1.449310
v 74.322296 7.340806 1.427608
v 74.322296 28.893099 -1.449310
v 74.322296 7.340806 -1.449306
v 77.199211 -1.640780 -1.449305
v 74.322296 -1.640780 -1.449305
v 74.322296 7.340806 -1.449306
v 77.199211 7.340806 -1.449306
v 77.199211 -1.640780 -1.449305
v 74.322296 7.340806 -1.449306
v 74.322296 7.340806 1.427608
v 74.322296 -1.640779 1.427609
v 77.199211 7.340806 1.427608
v 74.322296 -1.640779 1.427609
v 77.199211 -1.640779 1.427609
v 77.199211 7.340806 1.427608
v 77.199211 7.340806 1.427608
v 77.199211 -1.640779 1.427609
v 77.199211 7.340806 -1.449306
v 77.199211 -1.640779 1.427609
v 77.199211 -1.640780 -1.449305
v 77.199211 7.340806 -1.449306
v 74.322296 -1.640780 -1.449305
v 74.322296 -1.640779 1.427609
v 74.322296 7.340806 1.427608
v 74.322296 7.340806 -1.449306
v 74.322296 -1.640780 -1.449305
v 74.322296 7.340806 1.427608
v 74.683662 33.562820 1.066235
v 75.760750 39.313141 -0.010854
v 74.683662 33.562820 -1.087942
v 73.964432 32.485733 1.785463
v 76.837845 33.562820 1.066235
v 74.683662 33.562820 1.066235
v 73.964432 32.485733 1.785463
v 77.557068 32.485733 1.785463
v 76.837845 33.562820 1.066235
v 75.760750 39.313141 -0.010854
v 74.683662 33.562820 1.066235
v 76.837845 33.562820 1.066235
v 77.557068 32.485733 -1.807170
v 73.964432 32.485733 -1.807170
v 74.683662 33.562820 -1.087942
v 77.557068 32.485733 -1.807170
v 74.683662 33.562820 -1.087942
v 76.837845 33.562820 -1.087942
v 75.760750 39.313141 -0.010854
v 76.837845 33.562820 -1.087942
v 74.683662 33.562820 -1.087942
v 77.557068 32.485733 1.785463
v 77.557068 32.485733 -1.807170
v 76.837845 33.562820 1.066235
v 77.557068 32.485733 -1.807170
v 76.837845 33.562820 -1.087942
v 76.837845 33.562820 1.066235
v 74.683662 33.562820 1.066235
v 74.683662 33.562820 -1.087942
v 73.964432 32.485733 -1.807170
v 74.683662 33.562820 1.066235
v 73.964432 32.485733 -1.807170
v 73.964432 32.485733 1.785463
v 76.837845 33.562820 -1.087942
v 75.760750 39.313141 -0.010854
v 76.837845 33.562820 1.066235
v 73.964432 32.485733 -1.807170
v 77.557068 32.485733 -1.807170
v 77.557068 32.485733 1.785463
v 73.964432 32.485733 -1.807170
v 77.557068 32.485733 1.785463
v 73.964432 32.485733 1.785463
v 74.322296 28.893099 -1.449310
v 77.199211 32.485733 -1.449310
v 77.199211 28.893099 -1.449310
v 74.322296 28.893099 -1.449310
v 74.322296 32.485733 -1.449310
v 77.199211 28.893099 1.427604
v 74.322296 32.485733 1.427604
v 74.322296 28.893099 1.427604
v 77.199211 28.893099 1.427604
v 77.199211 32.485733 1.427604
v 74.322296 32.485733 1.427604
v 74.322296 28.893099 1.427604
v 74.322296 32.485733 -1.449310
v 74.322296 28.893099 -1.449310
v 74.322296 28.893099 1.427604
v 74.322296 32.485733 1.427604
v 77.199211 28.893099 -1.449310
v 77.199211 32.485733 1.427604
v 77.199211 28.893099 1.427604
v 77.199211 28.893099 -1.449310
v 77.199211 32.485733 -1.449310
v 77.199211 32.485733 1.427604
vn -0.0000 -0.0000 -1.0000
vn -0.0000 -0.0000 1.0000
vn 1.0000 -0.0000 -0.0000
vn -1.0000 -0.0000 -0.0000
vn -0.9829 0.1841 -0.0000
vn -0.0000 0.5553 0.8316
vn -0.0000 0.1841 0.9829
vn -0.0000 0.5553 -0.8316
vn -0.0000 0.1841 -0.9829
vn 0.8316 0.5553 -0.0000
vn -0.8316 0.5553 -0.0000
vn 0.9829 0.1841 -0.0000
vn -0.0000 -1.0000 -0.0000
vt 0.966797 -0.966797
vt 0.966797 6.517578
vt 0.000000 6.517578
vt 0.000000 -0.966797
vt 7.953125 -0.966797
vt 8.951172 6.519531
vt 8.951172 -0.966797
vt 7.953125 6.519531
vt 0.000000 2.152344
vt 0.966797 2.152344
vt 10.947266 2.152344
vt 10.947266 -0.966797
vt 9.949219 2.152344
vt 9.949219 -0.966797
vt 1.964844 -0.218750
vt 1.216797 3.773438
vt 0.468750 -0.218750
vt 0.466797 -0.218750
vt 2.464844 -0.966797
vt 2.462891 -0.966797
vt 0.134766 1.861328
vt 0.468750 1.861328
vt 0.468750 2.193359
vt 0.134766 2.193359
vt 0.966797 -0.982422
vt 0.000000 0.000000
vt 0.000000 -0.982422
vt 0.966797 0.000000
s 1
usemtl Material_0.025
f 2697/689/319 2698/690/319 2699/691/319
f 2700/689/319 2701/691/319 2702/692/319
f 2703/692/320 2704/691/320 2705/690/320
f 2706/692/320 2707/690/320 2708/689/320
f 2709/693/321 2710/694/321 2711/695/321
f 2712/693/321 2713/696/321 2714/694/321
f 2715/695/322 2716/694/322 2717/696/322
f 2718/695/322 2719/696/322 2720/693/322
f 2721/689/319 2722/692/319 2723/697/319
f 2724/698/319 2725/689/319 2726/697/319
f 2727/697/320 2728/692/320 2729/698/320
f 2730/692/320 2731/689/320 2732/698/320
f 2733/699/321 2734/700/321 2735/701/321
f 2736/700/321 2737/702/321 2738/701/321
f 2739/702/322 2740/700/322 2741/699/322
f 2742/701/322 2743/702/322 2744/699/322
usemtl Material_1.025
f 2745/703/323 2746/704/323 2747/705/323
f 2748/692/324 2749/703/324 2750/706/324
f 2751/692/324 2752/707/324 2753/703/324
f 2754/704/325 2755/705/325 2756/703/325
f 2757/692/326 2758/707/326 2759/703/326
f 2760/692/326 2761/703/326 2762/705/326
f 2763/704/327 2764/705/327 2765/703/327
f 2766/692/328 2767/707/328 2768/705/328
f 2769/707/328 2770/703/328 2771/705/328
f 2772/703/329 2773/705/329 2774/692/329
f 2775/703/329 2776/692/329 2777/708/329
f 2778/703/330 2779/704/330 2780/705/330
f 2781/709/331 2782/710/331 2783/711/331
f 2784/709/331 2785/711/331 2786/712/331
usemtl Material_3.025
f 2787/713/319 2788/714/319 2789/715/319
f 2790/713/319 2791/716/319 2788/714/319
f 2792/715/320 2793/716/320 2794/713/320
f 2795/715/320 2796/714/320 2797/716/320
f 2798/713/322 2799/714/322 2800/715/322
f 2801/713/322 2802/716/322 2799/714/322
f 2803/715/321 2804/716/321 2805/713/321
f 2806/715/321 2807/714/321 2808/716/321
o node.026
v 66.792610 7.340806 -1.449306
v 66.792610 28.893099 -1.449310
v 69.669525 28.893099 -1.449310
v 66.792610 7.340806 -1.449306
v 69.669525 28.893099 -1.449310
v 69.669525 7.340806 -1.449306
v 69.669525 7.340806 1.427608
v 69.669525 28.893099 1.427604
v 66.792610 28.893099 1.427604
v 69.669525 7.340806 1.427608
v 66.792610 28.893099 1.427604
v 66.792610 7.340806 1.427608
v 69.669525 7.340806 -1.449306
v 69.669525 28.893099 1.427604
v 69.669525 7.340806 1.427608
v 69.669525 7.340806 -1.449306
v 69.669525 28.893099 -1.449310
v 69.669525 28.893099 1.427604
v 66.792610 7.340806 1.427608
v 66.792610 28.893099 1.427604
v 66.792610 28.893099 -1.449310
v 66.792610 7.340806 1.427608
v 66.792610 28.893099 -1.449310
v 66.792610 7.340806 -1.449306
v 69.669525 -1.640780 -1.449305
v 66.792610 -1.640780 -1.449305
v 66.792610 7.340806 -1.449306
v 69.669525 7.340806 -1.449306
v 69.669525 -1.640780 -1.449305
v 66.792610 7.340806 -1.449306
v 66.792610 7.340806 1.427608
v 66.792610 -1.640779 1.427609
v 69.669525 7.340806 1.427608
v 66.792610 -1.640779 1.427609
v 69.669525 -1.640779 1.427609
v 69.669525 7.340806 1.427608
v 69.669525 7.340806 1.427608
v 69.669525 -1.640779 1.427609
v 69.669525 7.340806 -1.449306
v 69.669525 -1.640779 1.427609
v 69.669525 -1.640780 -1.449305
v 69.669525 7.340806 -1.449306
v 66.792610 -1.640780 -1.449305
v 66.792610 -1.640779 1.427609
v 66.792610 7.340806 1.427608
v 66.792610 7.340806 -1.449306
v 66.792610 -1.640780 -1.449305
v 66.792610 7.340806 1.427608
v 67.153976 33.562820 1.066235
v 68.231064 39.313141 -0.010854
v 67.153976 33.562820 -1.087942
v 66.434746 32.485733 1.785463
v 69.308151 33.562820 1.066235
v 67.153976 33.562820 1.066235
v 66.434746 32.485733 1.785463
v 70.027382 32.485733 1.785463
v 69.308151 33.562820 1.066235
v 68.231064 39.313141 -0.010854
v 67.153976 33.562820 1.066235
v 69.308151 33.562820 1.066235
v 70.027382 32.485733 -1.807170
v 66.434746 32.485733 -1.807170
v 67.153976 33.562820 -1.087942
v 70.027382 32.485733 -1.807170
v 67.153976 33.562820 -1.087942
v 69.308151 33.562820 -1.087942
v 68.231064 39.313141 -0.010854
v 69.308151 33.562820 -1.087942
v 67.153976 33.562820 -1.087942
v 70.027382 32.485733 1.785463
v 70.027382 32.485733 -1.807170
v 69.308151 33.562820 1.066235
v 70.027382 32.485733 -1.807170
v 69.308151 33.562820 -1.087942
v 69.308151 33.562820 1.066235
v 67.153976 33.562820 1.066235
v 67.153976 33.562820 -1.087942
v 66.434746 32.485733 -1.807170
v 67.153976 33.562820 1.066235
v 66.434746 32.485733 -1.807170
v 66.434746 32.485733 1.785463
v 69.308151 33.562820 -1.087942
v 68.231064 39.313141 -0.010854
v 69.308151 33.562820 1.066235
v 66.434746 32.485733 -1.807170
v 70.027382 32.485733 -1.807170
v 70.027382 32.485733 1.785463
v 66.434746 32.485733 -1.807170
v 70.027382 32.485733 1.785463
v 66.434746 32.485733 1.785463
v 66.792610 28.893099 -1.449310
v 69.669525 32.485733 -1.449310
v 69.669525 28.893099 -1.449310
v 66.792610 28.893099 -1.449310
v 66.792610 32.485733 -1.449310
v 69.669525 28.893099 1.427604
v 66.792610 32.485733 1.427604
v 66.792610 28.893099 1.427604
v 69.669525 28.893099 1.427604
v 69.669525 32.485733 1.427604
v 66.792610 32.485733 1.427604
v 66.792610 28.893099 1.427604
v 66.792610 32.485733 -1.449310
v 66.792610 28.893099 -1.449310
v 66.792610 28.893099 1.427604
v 66.792610 32.485733 1.427604
v 69.669525 28.893099 -1.449310
v 69.669525 32.485733 1.427604
v 69.669525 28.893099 1.427604
v 69.669525 28.893099 -1.449310
v 69.669525 32.485733 -1.449310
v 69.669525 32.485733 1.427604
vn -0.0000 -0.0000 -1.0000
vn -0.0000 -0.0000 1.0000
vn 1.0000 -0.0000 -0.0000
vn -1.0000 -0.0000 -0.0000
vn -0.9829 0.1841 -0.0000
vn -0.0000 0.5553 0.8316
vn -0.0000 0.1841 0.9829
vn -0.0000 0.5553 -0.8316
vn -0.0000 0.1841 -0.9829
vn 0.8316 0.5553 -0.0000
vn -0.8316 0.5553 -0.0000
vn 0.9829 0.1841 -0.0000
vn -0.0000 -1.0000 -0.0000
vt 0.966797 -0.966797
vt 0.966797 6.517578
vt 0.000000 6.517578
vt 0.000000 -0.966797
vt 7.953125 -0.966797
vt 8.951172 6.519531
vt 8.951172 -0.966797
vt 7.953125 6.519531
vt 0.000000 2.152344
vt 0.966797 2.152344
vt 10.947266 2.152344
vt 10.947266 -0.966797
vt 9.949219 2.152344
vt 9.949219 -0.966797
vt 1.964844 -0.218750
vt 1.216797 3.773438
vt 0.468750 -0.218750
vt 0.466797 -0.218750
vt 2.464844 -0.966797
vt 2.462891 -0.966797
vt 0.134766 1.861328
vt 0.468750 1.861328
vt 0.468750 2.193359
vt 0.134766 2.193359
vt 0.966797 -0.982422
vt 0.000000 0.000000
vt 0.000000 -0.982422
vt 0.966797 0.000000
s 1
usemtl Material_0.026
f 2809/717/332 2810/718/332 2811/719/332
f 2812/717/332 2813/719/332 2814/720/332
f 2815/720/333 2816/719/333 2817/718/333
f 2818/720/333 2819/718/333 2820/717/333
f 2821/721/334 2822/722/334 2823/723/334
f 2824/721/334 2825/724/334 2826/722/334
f 2827/723/335 2828/722/335 2829/724/335
f 2830/723/335 2831/724/335 2832/721/335
f 2833/717/332 2834/720/332 2835/725/332
f 2836/726/332 2837/717/332 2838/725/332
f 2839/725/333 2840/720/333 2841/726/333
f 2842/720/333 2843/717/333 2844/726/333
f 2845/727/334 2846/728/334 2847/729/334
f 2848/728/334 2849/730/334 2850/729/334
f 2851/730/335 2852/728/335 2853/727/335
f 2854/729/335 2855/730/335 2856/727/335
usemtl Material_1.026
f 2857/731/336 2858/732/336 2859/733/336
f 2860/720/337 2861/731/337 2862/734/337
f 2863/720/337 2864/735/337 2865/731/337
f 2866/732/338 2867/733/338 2868/731/338
f 2869/720/339 2870/735/339 2871/731/339
f 2872/720/339 2873/731/339 2874/733/339
f 2875/732/340 2876/733/340 2877/731/340
f 2878/720/341 2879/735/341 2880/733/341
f 2881/735/341 2882/731/341 2883/733/341
f 2884/731/342 2885/733/342 2886/720/342
f 2887/731/342 2888/720/342 2889/736/342
f 2890/731/343 2891/732/343 2892/733/343
f 2893/737/344 2894/738/344 2895/739/344
f 2896/737/344 2897/739/344 2898/740/344
usemtl Material_3.026
f 2899/741/332 2900/742/332 2901/743/332
f 2902/741/332 2903/744/332 2900/742/332
f 2904/743/333 2905/744/333 2906/741/333
f 2907/743/333 2908/742/333 2909/744/333
f 2910/741/335 2911/742/335 2912/743/335
f 2913/741/335 2914/744/335 2911/742/335
f 2915/743/334 2916/744/334 2917/741/334
f 2918/743/334 2919/742/334 2920/744/334
o node.027
v 58.841652 7.340806 -1.449306
v 58.841652 28.893099 -1.449310
v 61.718567 28.893099 -1.449310
v 58.841652 7.340806 -1.449306
v 61.718567 28.893099 -1.449310
v 61.718567 7.340806 -1.449306
v 61.718567 7.340806 1.427608
v 61.718567 28.893099 1.427604
v 58.841652 28.893099 1.427604
v 61.718567 7.340806 1.427608
v 58.841652 28.893099 1.427604
v 58.841652 7.340806 1.427608
v 61.718567 7.340806 -1.449306
v 61.718567 28.893099 1.427604
v 61.718567 7.340806 1.427608
v 61.718567 7.340806 -1.449306
v 61.718567 28.893099 -1.449310
v 61.718567 28.893099 1.427604
v 58.841652 7.340806 1.427608
v 58.841652 28.893099 1.427604
v 58.841652 28.893099 -1.449310
v 58.841652 7.340806 1.427608
v 58.841652 28.893099 -1.449310
v 58.841652 7.340806 -1.449306
v 61.718567 -1.640780 -1.449305
v 58.841652 -1.640780 -1.449305
v 58.841652 7.340806 -1.449306
v 61.718567 7.340806 -1.449306
v 61.718567 -1.640780 -1.449305
v 58.841652 7.340806 -1.449306
v 58.841652 7.340806 1.427608
v 58.841652 -1.640779 1.427609
v 61.718567 7.340806 1.427608
v 58.841652 -1.640779 1.427609
v 61.718567 -1.640779 1.427609
v 61.718567 7.340806 1.427608
v 61.718567 7.340806 1.427608
v 61.718567 -1.640779 1.427609
v 61.718567 7.340806 -1.449306
v 61.718567 -1.640779 1.427609
v 61.718567 -1.640780 -1.449305
v 61.718567 7.340806 -1.449306
v 58.841652 -1.640780 -1.449305
v 58.841652 -1.640779 1.427609
v 58.841652 7.340806 1.427608
v 58.841652 7.340806 -1.449306
v 58.841652 -1.640780 -1.449305
v 58.841652 7.340806 1.427608
v 59.203018 33.562820 1.066235
v 60.280109 39.313141 -0.010854
v 59.203018 33.562820 -1.087942
v 58.483791 32.485733 1.785463
v 61.357197 33.562820 1.066235
v 59.203018 33.562820 1.066235
v 58.483791 32.485733 1.785463
v 62.076424 32.485733 1.785463
v 61.357197 33.562820 1.066235
v 60.280109 39.313141 -0.010854
v 59.203018 33.562820 1.066235
v 61.357197 33.562820 1.066235
v 62.076424 32.485733 -1.807170
v 58.483791 32.485733 -1.807170
v 59.203018 33.562820 -1.087942
v 62.076424 32.485733 -1.807170
v 59.203018 33.562820 -1.087942
v 61.357197 33.562820 -1.087942
v 60.280109 39.313141 -0.010854
v 61.357197 33.562820 -1.087942
v 59.203018 33.562820 -1.087942
v 62.076424 32.485733 1.785463
v 62.076424 32.485733 -1.807170
v 61.357197 33.562820 1.066235
v 62.076424 32.485733 -1.807170
v 61.357197 33.562820 -1.087942
v 61.357197 33.562820 1.066235
v 59.203018 33.562820 1.066235
v 59.203018 33.562820 -1.087942
v 58.483791 32.485733 -1.807170
v 59.203018 33.562820 1.066235
v 58.483791 32.485733 -1.807170
v 58.483791 32.485733 1.785463
v 61.357197 33.562820 -1.087942
v 60.280109 39.313141 -0.010854
v 61.357197 33.562820 1.066235
v 58.483791 32.485733 -1.807170
v 62.076424 32.485733 -1.807170
v 62.076424 32.485733 1.785463
v 58.483791 32.485733 -1.807170
v 62.076424 32.485733 1.785463
v 58.483791 32.485733 1.785463
v 58.841652 28.893099 -1.449310
v 61.718567 32.485733 -1.449310
v 61.718567 28.893099 -1.449310
v 58.841652 28.893099 -1.449310
v 58.841652 32.485733 -1.449310
v 61.718567 28.893099 1.427604
v 58.841652 32.485733 1.427604
v 58.841652 28.893099 1.427604
v 61.718567 28.893099 1.427604
v 61.718567 32.485733 1.427604
v 58.841652 32.485733 1.427604
v 58.841652 28.893099 1.427604
v 58.841652 32.485733 -1.449310
v 58.841652 28.893099 -1.449310
v 58.841652 28.893099 1.427604
v 58.841652 32.485733 1.427604
v 61.718567 28.893099 -1.449310
v 61.718567 32.485733 1.427604
v 61.718567 28.893099 1.427604
v 61.718567 28.893099 -1.449310
v 61.718567 32.485733 -1.449310
v 61.718567 32.485733 1.427604
vn -0.0000 -0.0000 -1.0000
vn -0.0000 -0.0000 1.0000
vn 1.0000 -0.0000 -0.0000
vn -1.0000 -0.0000 -0.0000
vn -0.9829 0.1841 -0.0000
vn -0.0000 0.5553 0.8316
vn -0.0000 0.1841 0.9829
vn -0.0000 0.5553 -0.8316
vn -0.0000 0.1841 -0.9829
vn 0.8316 0.5553 -0.0000
vn -0.8316 0.5553 -0.0000
vn 0.9829 0.1841 -0.0000
vn -0.0000 -1.0000 -0.0000
vt 0.966797 -0.966797
vt 0.966797 6.517578
vt 0.000000 6.517578
vt 0.000000 -0.966797
vt 7.953125 -0.966797
vt 8.951172 6.519531
vt 8.951172 -0.966797
vt 7.953125 6.519531
vt 0.000000 2.152344
vt 0.966797 2.152344
vt 10.947266 2.152344
vt 10.947266 -0.966797
vt 9.949219 2.152344
vt 9.949219 -0.966797
vt 1.964844 -0.218750
vt 1.216797 3.773438
vt 0.468750 -0.218750
vt 0.466797 -0.218750
vt 2.464844 -0.966797
vt 2.462891 -0.966797
vt 0.134766 1.861328
vt 0.468750 1.861328
vt 0.468750 2.193359
vt 0.134766 2.193359
vt 0.966797 -0.982422
vt 0.000000 0.000000
vt 0.000000 -0.982422
vt 0.966797 0.000000
s 1
usemtl Material_0.027
f 2921/745/345 2922/746/345 2923/747/345
f 2924/745/345 2925/747/345 2926/748/345
f 2927/748/346 2928/747/346 2929/746/346
f 2930/748/346 2931/746/346 2932/745/346
f 2933/749/347 2934/750/347 2935/751/347
f 2936/749/347 2937/752/347 2938/750/347
f 2939/751/348 2940/750/348 2941/752/348
f 2942/751/348 2943/752/348 2944/749/348
f 2945/745/345 2946/748/345 2947/753/345
f 2948/754/345 2949/745/345 2950/753/345
f 2951/753/346 2952/748/346 2953/754/346
f 2954/748/346 2955/745/346 2956/754/346
f 2957/755/347 2958/756/347 2959/757/347
f 2960/756/347 2961/758/347 2962/757/347
f 2963/758/348 2964/756/348 2965/755/348
f 2966/757/348 2967/758/348 2968/755/348
usemtl Material_1.027
f 2969/759/349 2970/760/349 2971/761/349
f 2972/748/350 2973/759/350 2974/762/350
f 2975/748/350 2976/763/350 2977/759/350
f 2978/760/351 2979/761/351 2980/759/351
f 2981/748/352 2982/763/352 2983/759/352
f 2984/748/352 2985/759/352 2986/761/352
f 2987/760/353 2988/761/353 2989/759/353
f 2990/748/354 2991/763/354 2992/761/354
f 2993/763/354 2994/759/354 2995/761/354
f 2996/759/355 2997/761/355 2998/748/355
f 2999/759/355 3000/748/355 3001/764/355
f 3002/759/356 3003/760/356 3004/761/356
f 3005/765/357 3006/766/357 3007/767/357
f 3008/765/357 3009/767/357 3010/768/357
usemtl Material_3.027
f 3011/769/345 3012/770/345 3013/771/345
f 3014/769/345 3015/772/345 3012/770/345
f 3016/771/346 3017/772/346 3018/769/346
f 3019/771/346 3020/770/346 3021/772/346
f 3022/769/348 3023/770/348 3024/771/348
f 3025/769/348 3026/772/348 3023/770/348
f 3027/771/347 3028/772/347 3029/769/347
f 3030/771/347 3031/770/347 3032/772/347
o node.028
v 50.159393 7.340806 -1.449306
v 50.159393 28.893099 -1.449310
v 53.036308 28.893099 -1.449310
v 50.159393 7.340806 -1.449306
v 53.036308 28.893099 -1.449310
v 53.036308 7.340806 -1.449306
v 53.036308 7.340806 1.427608
v 53.036308 28.893099 1.427604
v 50.159393 28.893099 1.427604
v 53.036308 7.340806 1.427608
v 50.159393 28.893099 1.427604
v 50.159393 7.340806 1.427608
v 53.036308 7.340806 -1.449306
v 53.036308 28.893099 1.427604
v 53.036308 7.340806 1.427608
v 53.036308 7.340806 -1.449306
v 53.036308 28.893099 -1.449310
v 53.036308 28.893099 1.427604
v 50.159393 7.340806 1.427608
v 50.159393 28.893099 1.427604
v 50.159393 28.893099 -1.449310
v 50.159393 7.340806 1.427608
v 50.159393 28.893099 -1.449310
v 50.159393 7.340806 -1.449306
v 53.036308 -1.640780 -1.449305
v 50.159393 -1.640780 -1.449305
v 50.159393 7.340806 -1.449306
v 53.036308 7.340806 -1.449306
v 53.036308 -1.640780 -1.449305
v 50.159393 7.340806 -1.449306
v 50.159393 7.340806 1.427608
v 50.159393 -1.640779 1.427609
v 53.036308 7.340806 1.427608
v 50.159393 -1.640779 1.427609
v 53.036308 -1.640779 1.427609
v 53.036308 7.340806 1.427608
v 53.036308 7.340806 1.427608
v 53.036308 -1.640779 1.427609
v 53.036308 7.340806 -1.449306
v 53.036308 -1.640779 1.427609
v 53.036308 -1.640780 -1.449305
v 53.036308 7.340806 -1.449306
v 50.159393 -1.640780 -1.449305
v 50.159393 -1.640779 1.427609
v 50.159393 7.340806 1.427608
v 50.159393 7.340806 -1.449306
v 50.159393 -1.640780 -1.449305
v 50.159393 7.340806 1.427608
v 50.520760 33.562820 1.066235
v 51.597851 39.313141 -0.010854
v 50.520760 33.562820 -1.087942
v 49.801533 32.485733 1.785463
v 52.674938 33.562820 1.066235
v 50.520760 33.562820 1.066235
v 49.801533 32.485733 1.785463
v 53.394165 32.485733 1.785463
v 52.674938 33.562820 1.066235
v 51.597851 39.313141 -0.010854
v 50.520760 33.562820 1.066235
v 52.674938 33.562820 1.066235
v 53.394165 32.485733 -1.807170
v 49.801533 32.485733 -1.807170
v 50.520760 33.562820 -1.087942
v 53.394165 32.485733 -1.807170
v 50.520760 33.562820 -1.087942
v 52.674938 33.562820 -1.087942
v 51.597851 39.313141 -0.010854
v 52.674938 33.562820 -1.087942
v 50.520760 33.562820 -1.087942
v 53.394165 32.485733 1.785463
v 53.394165 32.485733 -1.807170
v 52.674938 33.562820 1.066235
v 53.394165 32.485733 -1.807170
v 52.674938 33.562820 -1.087942
v 52.674938 33.562820 1.066235
v 50.520760 33.562820 1.066235
v 50.520760 33.562820 -1.087942
v 49.801533 32.485733 -1.807170
v 50.520760 33.562820 1.066235
v 49.801533 32.485733 -1.807170
v 49.801533 32.485733 1.785463
v 52.674938 33.562820 -1.087942
v 51.597851 39.313141 -0.010854
v 52.674938 33.562820 1.066235
v 49.801533 32.485733 -1.807170
v 53.394165 32.485733 -1.807170
v 53.394165 32.485733 1.785463
v 49.801533 32.485733 -1.807170
v 53.394165 32.485733 1.785463
v 49.801533 32.485733 1.785463
v 50.159393 28.893099 -1.449310
v 53.036308 32.485733 -1.449310
v 53.036308 28.893099 -1.449310
v 50.159393 28.893099 -1.449310
v 50.159393 32.485733 -1.449310
v 53.036308 28.893099 1.427604
v 50.159393 32.485733 1.427604
v 50.159393 28.893099 1.427604
v 53.036308 28.893099 1.427604
v 53.036308 32.485733 1.427604
v 50.159393 32.485733 1.427604
v 50.159393 28.893099 1.427604
v 50.159393 32.485733 -1.449310
v 50.159393 28.893099 -1.449310
v 50.159393 28.893099 1.427604
v 50.159393 32.485733 1.427604
v 53.036308 28.893099 -1.449310
v 53.036308 32.485733 1.427604
v 53.036308 28.893099 1.427604
v 53.036308 28.893099 -1.449310
v 53.036308 32.485733 -1.449310
v 53.036308 32.485733 1.427604
vn -0.0000 -0.0000 -1.0000
vn -0.0000 -0.0000 1.0000
vn 1.0000 -0.0000 -0.0000
vn -1.0000 -0.0000 -0.0000
vn -0.9829 0.1841 -0.0000
vn -0.0000 0.5553 0.8316
vn -0.0000 0.1841 0.9829
vn -0.0000 0.5553 -0.8316
vn -0.0000 0.1841 -0.9829
vn 0.8316 0.5553 -0.0000
vn -0.8316 0.5553 -0.0000
vn 0.9829 0.1841 -0.0000
vn -0.0000 -1.0000 -0.0000
vt 0.966797 -0.966797
vt 0.966797 6.517578
vt 0.000000 6.517578
vt 0.000000 -0.966797
vt 7.953125 -0.966797
vt 8.951172 6.519531
vt 8.951172 -0.966797
vt 7.953125 6.519531
vt 0.000000 2.152344
vt 0.966797 2.152344
vt 10.947266 2.152344
vt 10.947266 -0.966797
vt 9.949219 2.152344
vt 9.949219 -0.966797
vt 1.964844 -0.218750
vt 1.216797 3.773438
vt 0.468750 -0.218750
vt 0.466797 -0.218750
vt 2.464844 -0.966797
vt 2.462891 -0.966797
vt 0.134766 1.861328
vt 0.468750 1.861328
vt 0.468750 2.193359
vt 0.134766 2.193359
vt 0.966797 -0.982422
vt 0.000000 0.000000
vt 0.000000 -0.982422
vt 0.966797 0.000000
s 1
usemtl Material_0.028
f 3033/773/358 3034/774/358 3035/775/358
f 3036/773/358 3037/775/358 3038/776/358
f 3039/776/359 3040/775/359 3041/774/359
f 3042/776/359 3043/774/359 3044/773/359
f 3045/777/360 3046/778/360 3047/779/360
f 3048/777/360 3049/780/360 3050/778/360
f 3051/779/361 3052/778/361 3053/780/361
f 3054/779/361 3055/780/361 3056/777/361
f 3057/773/358 3058/776/358 3059/781/358
f 3060/782/358 3061/773/358 3062/781/358
f 3063/781/359 3064/776/359 3065/782/359
f 3066/776/359 3067/773/359 3068/782/359
f 3069/783/360 3070/784/360 3071/785/360
f 3072/784/360 3073/786/360 3074/785/360
f 3075/786/361 3076/784/361 3077/783/361
f 3078/785/361 3079/786/361 3080/783/361
usemtl Material_1.028
f 3081/787/362 3082/788/362 3083/789/362
f 3084/776/363 3085/787/363 3086/790/363
f 3087/776/363 3088/791/363 3089/787/363
f 3090/788/364 3091/789/364 3092/787/364
f 3093/776/365 3094/791/365 3095/787/365
f 3096/776/365 3097/787/365 3098/789/365
f 3099/788/366 3100/789/366 3101/787/366
f 3102/776/367 3103/791/367 3104/789/367
f 3105/791/367 3106/787/367 3107/789/367
f 3108/787/368 3109/789/368 3110/776/368
f 3111/787/368 3112/776/368 3113/792/368
f 3114/787/369 3115/788/369 3116/789/369
f 3117/793/370 3118/794/370 3119/795/370
f 3120/793/370 3121/795/370 3122/796/370
usemtl Material_3.028
f 3123/797/358 3124/798/358 3125/799/358
f 3126/797/358 3127/800/358 3124/798/358
f 3128/799/359 3129/800/359 3130/797/359
f 3131/799/359 3132/798/359 3133/800/359
f 3134/797/361 3135/798/361 3136/799/361
f 3137/797/361 3138/800/361 3135/798/361
f 3139/799/360 3140/800/360 3141/797/360
f 3142/799/360 3143/798/360 3144/800/360
o node.029
v 42.381035 7.340806 -1.449306
v 42.381035 28.893099 -1.449310
v 45.257950 28.893099 -1.449310
v 42.381035 7.340806 -1.449306
v 45.257950 28.893099 -1.449310
v 45.257950 7.340806 -1.449306
v 45.257950 7.340806 1.427608
v 45.257950 28.893099 1.427604
v 42.381035 28.893099 1.427604
v 45.257950 7.340806 1.427608
v 42.381035 28.893099 1.427604
v 42.381035 7.340806 1.427608
v 45.257950 7.340806 -1.449306
v 45.257950 28.893099 1.427604
v 45.257950 7.340806 1.427608
v 45.257950 7.340806 -1.449306
v 45.257950 28.893099 -1.449310
v 45.257950 28.893099 1.427604
v 42.381035 7.340806 1.427608
v 42.381035 28.893099 1.427604
v 42.381035 28.893099 -1.449310
v 42.381035 7.340806 1.427608
v 42.381035 28.893099 -1.449310
v 42.381035 7.340806 -1.449306
v 45.257950 -1.640780 -1.449305
v 42.381035 -1.640780 -1.449305
v 42.381035 7.340806 -1.449306
v 45.257950 7.340806 -1.449306
v 45.257950 -1.640780 -1.449305
v 42.381035 7.340806 -1.449306
v 42.381035 7.340806 1.427608
v 42.381035 -1.640779 1.427609
v 45.257950 7.340806 1.427608
v 42.381035 -1.640779 1.427609
v 45.257950 -1.640779 1.427609
v 45.257950 7.340806 1.427608
v 45.257950 7.340806 1.427608
v 45.257950 -1.640779 1.427609
v 45.257950 7.340806 -1.449306
v 45.257950 -1.640779 1.427609
v 45.257950 -1.640780 -1.449305
v 45.257950 7.340806 -1.449306
v 42.381035 -1.640780 -1.449305
v 42.381035 -1.640779 1.427609
v 42.381035 7.340806 1.427608
v 42.381035 7.340806 -1.449306
v 42.381035 -1.640780 -1.449305
v 42.381035 7.340806 1.427608
v 42.742401 33.562820 1.066235
v 43.819492 39.313141 -0.010854
v 42.742401 33.562820 -1.087942
v 42.023174 32.485733 1.785463
v 44.896580 33.562820 1.066235
v 42.742401 33.562820 1.066235
v 42.023174 32.485733 1.785463
v 45.615807 32.485733 1.785463
v 44.896580 33.562820 1.066235
v 43.819492 39.313141 -0.010854
v 42.742401 33.562820 1.066235
v 44.896580 33.562820 1.066235
v 45.615807 32.485733 -1.807170
v 42.023174 32.485733 -1.807170
v 42.742401 33.562820 -1.087942
v 45.615807 32.485733 -1.807170
v 42.742401 33.562820 -1.087942
v 44.896580 33.562820 -1.087942
v 43.819492 39.313141 -0.010854
v 44.896580 33.562820 -1.087942
v 42.742401 33.562820 -1.087942
v 45.615807 32.485733 1.785463
v 45.615807 32.485733 -1.807170
v 44.896580 33.562820 1.066235
v 45.615807 32.485733 -1.807170
v 44.896580 33.562820 -1.087942
v 44.896580 33.562820 1.066235
v 42.742401 33.562820 1.066235
v 42.742401 33.562820 -1.087942
v 42.023174 32.485733 -1.807170
v 42.742401 33.562820 1.066235
v 42.023174 32.485733 -1.807170
v 42.023174 32.485733 1.785463
v 44.896580 33.562820 -1.087942
v 43.819492 39.313141 -0.010854
v 44.896580 33.562820 1.066235
v 42.023174 32.485733 -1.807170
v 45.615807 32.485733 -1.807170
v 45.615807 32.485733 1.785463
v 42.023174 32.485733 -1.807170
v 45.615807 32.485733 1.785463
v 42.023174 32.485733 1.785463
v 42.381035 28.893099 -1.449310
v 45.257950 32.485733 -1.449310
v 45.257950 28.893099 -1.449310
v 42.381035 28.893099 -1.449310
v 42.381035 32.485733 -1.449310
v 45.257950 28.893099 1.427604
v 42.381035 32.485733 1.427604
v 42.381035 28.893099 1.427604
v 45.257950 28.893099 1.427604
v 45.257950 32.485733 1.427604
v 42.381035 32.485733 1.427604
v 42.381035 28.893099 1.427604
v 42.381035 32.485733 -1.449310
v 42.381035 28.893099 -1.449310
v 42.381035 28.893099 1.427604
v 42.381035 32.485733 1.427604
v 45.257950 28.893099 -1.449310
v 45.257950 32.485733 1.427604
v 45.257950 28.893099 1.427604
v 45.257950 28.893099 -1.449310
v 45.257950 32.485733 -1.449310
v 45.257950 32.485733 1.427604
vn -0.0000 -0.0000 -1.0000
vn -0.0000 -0.0000 1.0000
vn 1.0000 -0.0000 -0.0000
vn -1.0000 -0.0000 -0.0000
vn -0.9829 0.1841 -0.0000
vn -0.0000 0.5553 0.8316
vn -0.0000 0.1841 0.9829
vn -0.0000 0.5553 -0.8316
vn -0.0000 0.1841 -0.9829
vn 0.8316 0.5553 -0.0000
vn -0.8316 0.5553 -0.0000
vn 0.9829 0.1841 -0.0000
vn -0.0000 -1.0000 -0.0000
vt 0.966797 -0.966797
vt 0.966797 6.517578
vt 0.000000 6.517578
vt 0.000000 -0.966797
vt 7.953125 -0.966797
vt 8.951172 6.519531
vt 8.951172 -0.966797
vt 7.953125 6.519531
vt 0.000000 2.152344
vt 0.966797 2.152344
vt 10.947266 2.152344
vt 10.947266 -0.966797
vt 9.949219 2.152344
vt 9.949219 -0.966797
vt 1.964844 -0.218750
vt 1.216797 3.773438
vt 0.468750 -0.218750
vt 0.466797 -0.218750
vt 2.464844 -0.966797
vt 2.462891 -0.966797
vt 0.134766 1.861328
vt 0.468750 1.861328
vt 0.468750 2.193359
vt 0.134766 2.193359
vt 0.966797 -0.982422
vt 0.000000 0.000000
vt 0.000000 -0.982422
vt 0.966797 0.000000
s 1
usemtl Material_0.029
f 3145/801/371 3146/802/371 3147/803/371
f 3148/801/371 3149/803/371 3150/804/371
f 3151/804/372 3152/803/372 3153/802/372
f 3154/804/372 3155/802/372 3156/801/372
f 3157/805/373 3158/806/373 3159/807/373
f 3160/805/373 3161/808/373 3162/806/373
f 3163/807/374 3164/806/374 3165/808/374
f 3166/807/374 3167/808/374 3168/805/374
f 3169/801/371 3170/804/371 3171/809/371
f 3172/810/371 3173/801/371 3174/809/371
f 3175/809/372 3176/804/372 3177/810/372
f 3178/804/372 3179/801/372 3180/810/372
f 3181/811/373 3182/812/373 3183/813/373
f 3184/812/373 3185/814/373 3186/813/373
f 3187/814/374 3188/812/374 3189/811/374
f 3190/813/374 3191/814/374 3192/811/374
usemtl Material_1.029
f 3193/815/375 3194/816/375 3195/817/375
f 3196/804/376 3197/815/376 3198/818/376
f 3199/804/376 3200/819/376 3201/815/376
f 3202/816/377 3203/817/377 3204/815/377
f 3205/804/378 3206/819/378 3207/815/378
f 3208/804/378 3209/815/378 3210/817/378
f 3211/816/379 3212/817/379 3213/815/379
f 3214/804/380 3215/819/380 3216/817/380
f 3217/819/380 3218/815/380 3219/817/380
f 3220/815/381 3221/817/381 3222/804/381
f 3223/815/381 3224/804/381 3225/820/381
f 3226/815/382 3227/816/382 3228/817/382
f 3229/821/383 3230/822/383 3231/823/383
f 3232/821/383 3233/823/383 3234/824/383
usemtl Material_3.029
f 3235/825/371 3236/826/371 3237/827/371
f 3238/825/371 3239/828/371 3236/826/371
f 3240/827/372 3241/828/372 3242/825/372
f 3243/827/372 3244/826/372 3245/828/372
f 3246/825/374 3247/826/374 3248/827/374
f 3249/825/374 3250/828/374 3247/826/374
f 3251/827/373 3252/828/373 3253/825/373
f 3254/827/373 3255/826/373 3256/828/373
o node.030
v 34.532757 7.340806 -1.449306
v 34.532757 28.893099 -1.449310
v 37.409672 28.893099 -1.449310
v 34.532757 7.340806 -1.449306
v 37.409672 28.893099 -1.449310
v 37.409672 7.340806 -1.449306
v 37.409672 7.340806 1.427608
v 37.409672 28.893099 1.427604
v 34.532757 28.893099 1.427604
v 37.409672 7.340806 1.427608
v 34.532757 28.893099 1.427604
v 34.532757 7.340806 1.427608
v 37.409672 7.340806 -1.449306
v 37.409672 28.893099 1.427604
v 37.409672 7.340806 1.427608
v 37.409672 7.340806 -1.449306
v 37.409672 28.893099 -1.449310
v 37.409672 28.893099 1.427604
v 34.532757 7.340806 1.427608
v 34.532757 28.893099 1.427604
v 34.532757 28.893099 -1.449310
v 34.532757 7.340806 1.427608
v 34.532757 28.893099 -1.449310
v 34.532757 7.340806 -1.449306
v 37.409672 -1.640780 -1.449305
v 34.532757 -1.640780 -1.449305
v 34.532757 7.340806 -1.449306
v 37.409672 7.340806 -1.449306
v 37.409672 -1.640780 -1.449305
v 34.532757 7.340806 -1.449306
v 34.532757 7.340806 1.427608
v 34.532757 -1.640779 1.427609
v 37.409672 7.340806 1.427608
v 34.532757 -1.640779 1.427609
v 37.409672 -1.640779 1.427609
v 37.409672 7.340806 1.427608
v 37.409672 7.340806 1.427608
v 37.409672 -1.640779 1.427609
v 37.409672 7.340806 -1.449306
v 37.409672 -1.640779 1.427609
v 37.409672 -1.640780 -1.449305
v 37.409672 7.340806 -1.449306
v 34.532757 -1.640780 -1.449305
v 34.532757 -1.640779 1.427609
v 34.532757 7.340806 1.427608
v 34.532757 7.340806 -1.449306
v 34.532757 -1.640780 -1.449305
v 34.532757 7.340806 1.427608
v 34.894123 33.562820 1.066235
v 35.971214 39.313141 -0.010854
v 34.894123 33.562820 -1.087942
v 34.174896 32.485733 1.785463
v 37.048302 33.562820 1.066235
v 34.894123 33.562820 1.066235
v 34.174896 32.485733 1.785463
v 37.767529 32.485733 1.785463
v 37.048302 33.562820 1.066235
v 35.971214 39.313141 -0.010854
v 34.894123 33.562820 1.066235
v 37.048302 33.562820 1.066235
v 37.767529 32.485733 -1.807170
v 34.174896 32.485733 -1.807170
v 34.894123 33.562820 -1.087942
v 37.767529 32.485733 -1.807170
v 34.894123 33.562820 -1.087942
v 37.048302 33.562820 -1.087942
v 35.971214 39.313141 -0.010854
v 37.048302 33.562820 -1.087942
v 34.894123 33.562820 -1.087942
v 37.767529 32.485733 1.785463
v 37.767529 32.485733 -1.807170
v 37.048302 33.562820 1.066235
v 37.767529 32.485733 -1.807170
v 37.048302 33.562820 -1.087942
v 37.048302 33.562820 1.066235
v 34.894123 33.562820 1.066235
v 34.894123 33.562820 -1.087942
v 34.174896 32.485733 -1.807170
v 34.894123 33.562820 1.066235
v 34.174896 32.485733 -1.807170
v 34.174896 32.485733 1.785463
v 37.048302 33.562820 -1.087942
v 35.971214 39.313141 -0.010854
v 37.048302 33.562820 1.066235
v 34.174896 32.485733 -1.807170
v 37.767529 32.485733 -1.807170
v 37.767529 32.485733 1.785463
v 34.174896 32.485733 -1.807170
v 37.767529 32.485733 1.785463
v 34.174896 32.485733 1.785463
v 34.532757 28.893099 -1.449310
v 37.409672 32.485733 -1.449310
v 37.409672 28.893099 -1.449310
v 34.532757 28.893099 -1.449310
v 34.532757 32.485733 -1.449310
v 37.409672 28.893099 1.427604
v 34.532757 32.485733 1.427604
v 34.532757 28.893099 1.427604
v 37.409672 28.893099 1.427604
v 37.409672 32.485733 1.427604
v 34.532757 32.485733 1.427604
v 34.532757 28.893099 1.427604
v 34.532757 32.485733 -1.449310
v 34.532757 28.893099 -1.449310
v 34.532757 28.893099 1.427604
v 34.532757 32.485733 1.427604
v 37.409672 28.893099 -1.449310
v 37.409672 32.485733 1.427604
v 37.409672 28.893099 1.427604
v 37.409672 28.893099 -1.449310
v 37.409672 32.485733 -1.449310
v 37.409672 32.485733 1.427604
vn -0.0000 -0.0000 -1.0000
vn -0.0000 -0.0000 1.0000
vn 1.0000 -0.0000 -0.0000
vn -1.0000 -0.0000 -0.0000
vn -0.9829 0.1841 -0.0000
vn -0.0000 0.5553 0.8316
vn -0.0000 0.1841 0.9829
vn -0.0000 0.5553 -0.8316
vn -0.0000 0.1841 -0.9829
vn 0.8316 0.5553 -0.0000
vn -0.8316 0.5553 -0.0000
vn 0.9829 0.1841 -0.0000
vn -0.0000 -1.0000 -0.0000
vt 0.966797 -0.966797
vt 0.966797 6.517578
vt 0.000000 6.517578
vt 0.000000 -0.966797
vt 7.953125 -0.966797
vt 8.951172 6.519531
vt 8.951172 -0.966797
vt 7.953125 6.519531
vt 0.000000 2.152344
vt 0.966797 2.152344
vt 10.947266 2.152344
vt 10.947266 -0.966797
vt 9.949219 2.152344
vt 9.949219 -0.966797
vt 1.964844 -0.218750
vt 1.216797 3.773438
vt 0.468750 -0.218750
vt 0.466797 -0.218750
vt 2.464844 -0.966797
vt 2.462891 -0.966797
vt 0.134766 1.861328
vt 0.468750 1.861328
vt 0.468750 2.193359
vt 0.134766 2.193359
vt 0.966797 -0.982422
vt 0.000000 0.000000
vt 0.000000 -0.982422
vt 0.966797 0.000000
s 1
usemtl Material_0.030
f 3257/829/384 3258/830/384 3259/831/384
f 3260/829/384 3261/831/384 3262/832/384
f 3263/832/385 3264/831/385 3265/830/385
f 3266/832/385 3267/830/385 3268/829/385
f 3269/833/386 3270/834/386 3271/835/386
f 3272/833/386 3273/836/386 3274/834/386
f 3275/835/387 3276/834/387 3277/836/387
f 3278/835/387 3279/836/387 3280/833/387
f 3281/829/384 3282/832/384 3283/837/384
f 3284/838/384 3285/829/384 3286/837/384
f 3287/837/385 3288/832/385 3289/838/385
f 3290/832/385 3291/829/385 3292/838/385
f 3293/839/386 3294/840/386 3295/841/386
f 3296/840/386 3297/842/386 3298/841/386
f 3299/842/387 3300/840/387 3301/839/387
f 3302/841/387 3303/842/387 3304/839/387
usemtl Material_1.030
f 3305/843/388 3306/844/388 3307/845/388
f 3308/832/389 3309/843/389 3310/846/389
f 3311/832/389 3312/847/389 3313/843/389
f 3314/844/390 3315/845/390 3316/843/390
f 3317/832/391 3318/847/391 3319/843/391
f 3320/832/391 3321/843/391 3322/845/391
f 3323/844/392 3324/845/392 3325/843/392
f 3326/832/393 3327/847/393 3328/845/393
f 3329/847/393 3330/843/393 3331/845/393
f 3332/843/394 3333/845/394 3334/832/394
f 3335/843/394 3336/832/394 3337/848/394
f 3338/843/395 3339/844/395 3340/845/395
f 3341/849/396 3342/850/396 3343/851/396
f 3344/849/396 3345/851/396 3346/852/396
usemtl Material_3.030
f 3347/853/384 3348/854/384 3349/855/384
f 3350/853/384 3351/856/384 3348/854/384
f 3352/855/385 3353/856/385 3354/853/385
f 3355/855/385 3356/854/385 3357/856/385
f 3358/853/387 3359/854/387 3360/855/387
f 3361/853/387 3362/856/387 3359/854/387
f 3363/855/386 3364/856/386 3365/853/386
f 3366/855/386 3367/854/386 3368/856/386
o node.031
v 28.015623 7.340806 -1.449306
v 28.015623 28.893099 -1.449310
v 30.892536 28.893099 -1.449310
v 28.015623 7.340806 -1.449306
v 30.892536 28.893099 -1.449310
v 30.892536 7.340806 -1.449306
v 30.892536 7.340806 1.427608
v 30.892536 28.893099 1.427604
v 28.015623 28.893099 1.427604
v 30.892536 7.340806 1.427608
v 28.015623 28.893099 1.427604
v 28.015623 7.340806 1.427608
v 30.892536 7.340806 -1.449306
v 30.892536 28.893099 1.427604
v 30.892536 7.340806 1.427608
v 30.892536 7.340806 -1.449306
v 30.892536 28.893099 -1.449310
v 30.892536 28.893099 1.427604
v 28.015623 7.340806 1.427608
v 28.015623 28.893099 1.427604
v 28.015623 28.893099 -1.449310
v 28.015623 7.340806 1.427608
v 28.015623 28.893099 -1.449310
v 28.015623 7.340806 -1.449306
v 30.892536 -1.640780 -1.449305
v 28.015623 -1.640780 -1.449305
v 28.015623 7.340806 -1.449306
v 30.892536 7.340806 -1.449306
v 30.892536 -1.640780 -1.449305
v 28.015623 7.340806 -1.449306
v 28.015623 7.340806 1.427608
v 28.015623 -1.640779 1.427609
v 30.892536 7.340806 1.427608
v 28.015623 -1.640779 1.427609
v 30.892536 -1.640779 1.427609
v 30.892536 7.340806 1.427608
v 30.892536 7.340806 1.427608
v 30.892536 -1.640779 1.427609
v 30.892536 7.340806 -1.449306
v 30.892536 -1.640779 1.427609
v 30.892536 -1.640780 -1.449305
v 30.892536 7.340806 -1.449306
v 28.015623 -1.640780 -1.449305
v 28.015623 -1.640779 1.427609
v 28.015623 7.340806 1.427608
v 28.015623 7.340806 -1.449306
v 28.015623 -1.640780 -1.449305
v 28.015623 7.340806 1.427608
v 28.376991 33.562820 1.066235
v 29.454079 39.313141 -0.010854
v 28.376991 33.562820 -1.087942
v 27.657763 32.485733 1.785463
v 30.531168 33.562820 1.066235
v 28.376991 33.562820 1.066235
v 27.657763 32.485733 1.785463
v 31.250397 32.485733 1.785463
v 30.531168 33.562820 1.066235
v 29.454079 39.313141 -0.010854
v 28.376991 33.562820 1.066235
v 30.531168 33.562820 1.066235
v 31.250397 32.485733 -1.807170
v 27.657763 32.485733 -1.807170
v 28.376991 33.562820 -1.087942
v 31.250397 32.485733 -1.807170
v 28.376991 33.562820 -1.087942
v 30.531168 33.562820 -1.087942
v 29.454079 39.313141 -0.010854
v 30.531168 33.562820 -1.087942
v 28.376991 33.562820 -1.087942
v 31.250397 32.485733 1.785463
v 31.250397 32.485733 -1.807170
v 30.531168 33.562820 1.066235
v 31.250397 32.485733 -1.807170
v 30.531168 33.562820 -1.087942
v 30.531168 33.562820 1.066235
v 28.376991 33.562820 1.066235
v 28.376991 33.562820 -1.087942
v 27.657763 32.485733 -1.807170
v 28.376991 33.562820 1.066235
v 27.657763 32.485733 -1.807170
v 27.657763 32.485733 1.785463
v 30.531168 33.562820 -1.087942
v 29.454079 39.313141 -0.010854
v 30.531168 33.562820 1.066235
v 27.657763 32.485733 -1.807170
v 31.250397 32.485733 -1.807170
v 31.250397 32.485733 1.785463
v 27.657763 32.485733 -1.807170
v 31.250397 32.485733 1.785463
v 27.657763 32.485733 1.785463
v 28.015623 28.893099 -1.449310
v 30.892536 32.485733 -1.449310
v 30.892536 28.893099 -1.449310
v 28.015623 28.893099 -1.449310
v 28.015623 32.485733 -1.449310
v 30.892536 28.893099 1.427604
v 28.015623 32.485733 1.427604
v 28.015623 28.893099 1.427604
v 30.892536 28.893099 1.427604
v 30.892536 32.485733 1.427604
v 28.015623 32.485733 1.427604
v 28.015623 28.893099 1.427604
v 28.015623 32.485733 -1.449310
v 28.015623 28.893099 -1.449310
v 28.015623 28.893099 1.427604
v 28.015623 32.485733 1.427604
v 30.892536 28.893099 -1.449310
v 30.892536 32.485733 1.427604
v 30.892536 28.893099 1.427604
v 30.892536 28.893099 -1.449310
v 30.892536 32.485733 -1.449310
v 30.892536 32.485733 1.427604
vn -0.0000 -0.0000 -1.0000
vn -0.0000 -0.0000 1.0000
vn 1.0000 -0.0000 -0.0000
vn -1.0000 -0.0000 -0.0000
vn -0.9829 0.1841 -0.0000
vn -0.0000 0.5553 0.8316
vn -0.0000 0.1841 0.9829
vn -0.0000 0.5553 -0.8316
vn -0.0000 0.1841 -0.9829
vn 0.8316 0.5553 -0.0000
vn -0.8316 0.5553 -0.0000
vn 0.9829 0.1841 -0.0000
vn -0.0000 -1.0000 -0.0000
vt 0.966797 -0.966797
vt 0.966797 6.517578
vt 0.000000 6.517578
vt 0.000000 -0.966797
vt 7.953125 -0.966797
vt 8.951172 6.519531
vt 8.951172 -0.966797
vt 7.953125 6.519531
vt 0.000000 2.152344
vt 0.966797 2.152344
vt 10.947266 2.152344
vt 10.947266 -0.966797
vt 9.949219 2.152344
vt 9.949219 -0.966797
vt 1.964844 -0.218750
vt 1.216797 3.773438
vt 0.468750 -0.218750
vt 0.466797 -0.218750
vt 2.464844 -0.966797
vt 2.462891 -0.966797
vt 0.134766 1.861328
vt 0.468750 1.861328
vt 0.468750 2.193359
vt 0.134766 2.193359
vt 0.966797 -0.982422
vt 0.000000 0.000000
vt 0.000000 -0.982422
vt 0.966797 0.000000
s 1
usemtl Material_0.031
f 3369/857/397 3370/858/397 3371/859/397
f 3372/857/397 3373/859/397 3374/860/397
f 3375/860/398 3376/859/398 3377/858/398
f 3378/860/398 3379/858/398 3380/857/398
f 3381/861/399 3382/862/399 3383/863/399
f 3384/861/399 3385/864/399 3386/862/399
f 3387/863/400 3388/862/400 3389/864/400
f 3390/863/400 3391/864/400 3392/861/400
f 3393/857/397 3394/860/397 3395/865/397
f 3396/866/397 3397/857/397 3398/865/397
f 3399/865/398 3400/860/398 3401/866/398
f 3402/860/398 3403/857/398 3404/866/398
f 3405/867/399 3406/868/399 3407/869/399
f 3408/868/399 3409/870/399 3410/869/399
f 3411/870/400 3412/868/400 3413/867/400
f 3414/869/400 3415/870/400 3416/867/400
usemtl Material_1.031
f 3417/871/401 3418/872/401 3419/873/401
f 3420/860/402 3421/871/402 3422/874/402
f 3423/860/402 3424/875/402 3425/871/402
f 3426/872/403 3427/873/403 3428/871/403
f 3429/860/404 3430/875/404 3431/871/404
f 3432/860/404 3433/871/404 3434/873/404
f 3435/872/405 3436/873/405 3437/871/405
f 3438/860/406 3439/875/406 3440/873/406
f 3441/875/406 3442/871/406 3443/873/406
f 3444/871/407 3445/873/407 3446/860/407
f 3447/871/407 3448/860/407 3449/876/407
f 3450/871/408 3451/872/408 3452/873/408
f 3453/877/409 3454/878/409 3455/879/409
f 3456/877/409 3457/879/409 3458/880/409
usemtl Material_3.031
f 3459/881/397 3460/882/397 3461/883/397
f 3462/881/397 3463/884/397 3460/882/397
f 3464/883/398 3465/884/398 3466/881/398
f 3467/883/398 3468/882/398 3469/884/398
f 3470/881/400 3471/882/400 3472/883/400
f 3473/881/400 3474/884/400 3471/882/400
f 3475/883/399 3476/884/399 3477/881/399
f 3478/883/399 3479/882/399 3480/884/399
o node.032
v 20.888741 7.340806 -1.449306
v 20.888741 28.893099 -1.449310
v 23.765654 28.893099 -1.449310
v 20.888741 7.340806 -1.449306
v 23.765654 28.893099 -1.449310
v 23.765654 7.340806 -1.449306
v 23.765654 7.340806 1.427608
v 23.765654 28.893099 1.427604
v 20.888741 28.893099 1.427604
v 23.765654 7.340806 1.427608
v 20.888741 28.893099 1.427604
v 20.888741 7.340806 1.427608
v 23.765654 7.340806 -1.449306
v 23.765654 28.893099 1.427604
v 23.765654 7.340806 1.427608
v 23.765654 7.340806 -1.449306
v 23.765654 28.893099 -1.449310
v 23.765654 28.893099 1.427604
v 20.888741 7.340806 1.427608
v 20.888741 28.893099 1.427604
v 20.888741 28.893099 -1.449310
v 20.888741 7.340806 1.427608
v 20.888741 28.893099 -1.449310
v 20.888741 7.340806 -1.449306
v 23.765654 -1.640780 -1.449305
v 20.888741 -1.640780 -1.449305
v 20.888741 7.340806 -1.449306
v 23.765654 7.340806 -1.449306
v 23.765654 -1.640780 -1.449305
v 20.888741 7.340806 -1.449306
v 20.888741 7.340806 1.427608
v 20.888741 -1.640779 1.427609
v 23.765654 7.340806 1.427608
v 20.888741 -1.640779 1.427609
v 23.765654 -1.640779 1.427609
v 23.765654 7.340806 1.427608
v 23.765654 7.340806 1.427608
v 23.765654 -1.640779 1.427609
v 23.765654 7.340806 -1.449306
v 23.765654 -1.640779 1.427609
v 23.765654 -1.640780 -1.449305
v 23.765654 7.340806 -1.449306
v 20.888741 -1.640780 -1.449305
v 20.888741 -1.640779 1.427609
v 20.888741 7.340806 1.427608
v 20.888741 7.340806 -1.449306
v 20.888741 -1.640780 -1.449305
v 20.888741 7.340806 1.427608
v 21.250109 33.562820 1.066235
v 22.327196 39.313141 -0.010854
v 21.250109 33.562820 -1.087942
v 20.530880 32.485733 1.785463
v 23.404285 33.562820 1.066235
v 21.250109 33.562820 1.066235
v 20.530880 32.485733 1.785463
v 24.123514 32.485733 1.785463
v 23.404285 33.562820 1.066235
v 22.327196 39.313141 -0.010854
v 21.250109 33.562820 1.066235
v 23.404285 33.562820 1.066235
v 24.123514 32.485733 -1.807170
v 20.530880 32.485733 -1.807170
v 21.250109 33.562820 -1.087942
v 24.123514 32.485733 -1.807170
v 21.250109 33.562820 -1.087942
v 23.404285 33.562820 -1.087942
v 22.327196 39.313141 -0.010854
v 23.404285 33.562820 -1.087942
v 21.250109 33.562820 -1.087942
v 24.123514 32.485733 1.785463
v 24.123514 32.485733 -1.807170
v 23.404285 33.562820 1.066235
v 24.123514 32.485733 -1.807170
v 23.404285 33.562820 -1.087942
v 23.404285 33.562820 1.066235
v 21.250109 33.562820 1.066235
v 21.250109 33.562820 -1.087942
v 20.530880 32.485733 -1.807170
v 21.250109 33.562820 1.066235
v 20.530880 32.485733 -1.807170
v 20.530880 32.485733 1.785463
v 23.404285 33.562820 -1.087942
v 22.327196 39.313141 -0.010854
v 23.404285 33.562820 1.066235
v 20.530880 32.485733 -1.807170
v 24.123514 32.485733 -1.807170
v 24.123514 32.485733 1.785463
v 20.530880 32.485733 -1.807170
v 24.123514 32.485733 1.785463
v 20.530880 32.485733 1.785463
v 20.888741 28.893099 -1.449310
v 23.765654 32.485733 -1.449310
v 23.765654 28.893099 -1.449310
v 20.888741 28.893099 -1.449310
v 20.888741 32.485733 -1.449310
v 23.765654 28.893099 1.427604
v 20.888741 32.485733 1.427604
v 20.888741 28.893099 1.427604
v 23.765654 28.893099 1.427604
v 23.765654 32.485733 1.427604
v 20.888741 32.485733 1.427604
v 20.888741 28.893099 1.427604
v 20.888741 32.485733 -1.449310
v 20.888741 28.893099 -1.449310
v 20.888741 28.893099 1.427604
v 20.888741 32.485733 1.427604
v 23.765654 28.893099 -1.449310
v 23.765654 32.485733 1.427604
v 23.765654 28.893099 1.427604
v 23.765654 28.893099 -1.449310
v 23.765654 32.485733 -1.449310
v 23.765654 32.485733 1.427604
vn -0.0000 -0.0000 -1.0000
vn -0.0000 -0.0000 1.0000
vn 1.0000 -0.0000 -0.0000
vn -1.0000 -0.0000 -0.0000
vn -0.9829 0.1841 -0.0000
vn -0.0000 0.5553 0.8316
vn -0.0000 0.1841 0.9829
vn -0.0000 0.5553 -0.8316
vn -0.0000 0.1841 -0.9829
vn 0.8316 0.5553 -0.0000
vn -0.8316 0.5553 -0.0000
vn 0.9829 0.1841 -0.0000
vn -0.0000 -1.0000 -0.0000
vt 0.966797 -0.966797
vt 0.966797 6.517578
vt 0.000000 6.517578
vt 0.000000 -0.966797
vt 7.953125 -0.966797
vt 8.951172 6.519531
vt 8.951172 -0.966797
vt 7.953125 6.519531
vt 0.000000 2.152344
vt 0.966797 2.152344
vt 10.947266 2.152344
vt 10.947266 -0.966797
vt 9.949219 2.152344
vt 9.949219 -0.966797
vt 1.964844 -0.218750
vt 1.216797 3.773438
vt 0.468750 -0.218750
vt 0.466797 -0.218750
vt 2.464844 -0.966797
vt 2.462891 -0.966797
vt 0.134766 1.861328
vt 0.468750 1.861328
vt 0.468750 2.193359
vt 0.134766 2.193359
vt 0.966797 -0.982422
vt 0.000000 0.000000
vt 0.000000 -0.982422
vt 0.966797 0.000000
s 1
usemtl Material_0.032
f 3481/885/410 3482/886/410 3483/887/410
f 3484/885/410 3485/887/410 3486/888/410
f 3487/888/411 3488/887/411 3489/886/411
f 3490/888/411 3491/886/411 3492/885/411
f 3493/889/412 3494/890/412 3495/891/412
f 3496/889/412 3497/892/412 3498/890/412
f 3499/891/413 3500/890/413 3501/892/413
f 3502/891/413 3503/892/413 3504/889/413
f 3505/885/410 3506/888/410 3507/893/410
f 3508/894/410 3509/885/410 3510/893/410
f 3511/893/411 3512/888/411 3513/894/411
f 3514/888/411 3515/885/411 3516/894/411
f 3517/895/412 3518/896/412 3519/897/412
f 3520/896/412 3521/898/412 3522/897/412
f 3523/898/413 3524/896/413 3525/895/413
f 3526/897/413 3527/898/413 3528/895/413
usemtl Material_1.032
f 3529/899/414 3530/900/414 3531/901/414
f 3532/888/415 3533/899/415 3534/902/415
f 3535/888/415 3536/903/415 3537/899/415
f 3538/900/416 3539/901/416 3540/899/416
f 3541/888/417 3542/903/417 3543/899/417
f 3544/888/417 3545/899/417 3546/901/417
f 3547/900/418 3548/901/418 3549/899/418
f 3550/888/419 3551/903/419 3552/901/419
f 3553/903/419 3554/899/419 3555/901/419
f 3556/899/420 3557/901/420 3558/888/420
f 3559/899/420 3560/888/420 3561/904/420
f 3562/899/421 3563/900/421 3564/901/421
f 3565/905/422 3566/906/422 3567/907/422
f 3568/905/422 3569/907/422 3570/908/422
usemtl Material_3.032
f 3571/909/410 3572/910/410 3573/911/410
f 3574/909/410 3575/912/410 3572/910/410
f 3576/911/411 3577/912/411 3578/909/411
f 3579/911/411 3580/910/411 3581/912/411
f 3582/909/413 3583/910/413 3584/911/413
f 3585/909/413 3586/912/413 3583/910/413
f 3587/911/412 3588/912/412 3589/909/412
f 3590/911/412 3591/910/412 3592/912/412
o node.033
v 13.907773 7.340806 -1.449306
v 13.907773 28.893099 -1.449310
v 16.784687 28.893099 -1.449310
v 13.907773 7.340806 -1.449306
v 16.784687 28.893099 -1.449310
v 16.784687 7.340806 -1.449306
v 16.784687 7.340806 1.427608
v 16.784687 28.893099 1.427604
v 13.907773 28.893099 1.427604
v 16.784687 7.340806 1.427608
v 13.907773 28.893099 1.427604
v 13.907773 7.340806 1.427608
v 16.784687 7.340806 -1.449306
v 16.784687 28.893099 1.427604
v 16.784687 7.340806 1.427608
v 16.784687 7.340806 -1.449306
v 16.784687 28.893099 -1.449310
v 16.784687 28.893099 1.427604
v 13.907773 7.340806 1.427608
v 13.907773 28.893099 1.427604
v 13.907773 28.893099 -1.449310
v 13.907773 7.340806 1.427608
v 13.907773 28.893099 -1.449310
v 13.907773 7.340806 -1.449306
v 16.784687 -1.640780 -1.449305
v 13.907773 -1.640780 -1.449305
v 13.907773 7.340806 -1.449306
v 16.784687 7.340806 -1.449306
v 16.784687 -1.640780 -1.449305
v 13.907773 7.340806 -1.449306
v 13.907773 7.340806 1.427608
v 13.907773 -1.640779 1.427609
v 16.784687 7.340806 1.427608
v 13.907773 -1.640779 1.427609
v 16.784687 -1.640779 1.427609
v 16.784687 7.340806 1.427608
v 16.784687 7.340806 1.427608
v 16.784687 -1.640779 1.427609
v 16.784687 7.340806 -1.449306
v 16.784687 -1.640779 1.427609
v 16.784687 -1.640780 -1.449305
v 16.784687 7.340806 -1.449306
v 13.907773 -1.640780 -1.449305
v 13.907773 -1.640779 1.427609
v 13.907773 7.340806 1.427608
v 13.907773 7.340806 -1.449306
v 13.907773 -1.640780 -1.449305
v 13.907773 7.340806 1.427608
v 14.269142 33.562820 1.066235
v 15.346231 39.313141 -0.010854
v 14.269142 33.562820 -1.087942
v 13.549913 32.485733 1.785463
v 16.423319 33.562820 1.066235
v 14.269142 33.562820 1.066235
v 13.549913 32.485733 1.785463
v 17.142548 32.485733 1.785463
v 16.423319 33.562820 1.066235
v 15.346231 39.313141 -0.010854
v 14.269142 33.562820 1.066235
v 16.423319 33.562820 1.066235
v 17.142548 32.485733 -1.807170
v 13.549913 32.485733 -1.807170
v 14.269142 33.562820 -1.087942
v 17.142548 32.485733 -1.807170
v 14.269142 33.562820 -1.087942
v 16.423319 33.562820 -1.087942
v 15.346231 39.313141 -0.010854
v 16.423319 33.562820 -1.087942
v 14.269142 33.562820 -1.087942
v 17.142548 32.485733 1.785463
v 17.142548 32.485733 -1.807170
v 16.423319 33.562820 1.066235
v 17.142548 32.485733 -1.807170
v 16.423319 33.562820 -1.087942
v 16.423319 33.562820 1.066235
v 14.269142 33.562820 1.066235
v 14.269142 33.562820 -1.087942
v 13.549913 32.485733 -1.807170
v 14.269142 33.562820 1.066235
v 13.549913 32.485733 -1.807170
v 13.549913 32.485733 1.785463
v 16.423319 33.562820 -1.087942
v 15.346231 39.313141 -0.010854
v 16.423319 33.562820 1.066235
v 13.549913 32.485733 -1.807170
v 17.142548 32.485733 -1.807170
v 17.142548 32.485733 1.785463
v 13.549913 32.485733 -1.807170
v 17.142548 32.485733 1.785463
v 13.549913 32.485733 1.785463
v 13.907773 28.893099 -1.449310
v 16.784687 32.485733 -1.449310
v 16.784687 28.893099 -1.449310
v 13.907773 28.893099 -1.449310
v 13.907773 32.485733 -1.449310
v 16.784687 28.893099 1.427604
v 13.907773 32.485733 1.427604
v 13.907773 28.893099 1.427604
v 16.784687 28.893099 1.427604
v 16.784687 32.485733 1.427604
v 13.907773 32.485733 1.427604
v 13.907773 28.893099 1.427604
v 13.907773 32.485733 -1.449310
v 13.907773 28.893099 -1.449310
v 13.907773 28.893099 1.427604
v 13.907773 32.485733 1.427604
v 16.784687 28.893099 -1.449310
v 16.784687 32.485733 1.427604
v 16.784687 28.893099 1.427604
v 16.784687 28.893099 -1.449310
v 16.784687 32.485733 -1.449310
v 16.784687 32.485733 1.427604
vn -0.0000 -0.0000 -1.0000
vn -0.0000 -0.0000 1.0000
vn 1.0000 -0.0000 -0.0000
vn -1.0000 -0.0000 -0.0000
vn -0.9829 0.1841 -0.0000
vn -0.0000 0.5553 0.8316
vn -0.0000 0.1841 0.9829
vn -0.0000 0.5553 -0.8316
vn -0.0000 0.1841 -0.9829
vn 0.8316 0.5553 -0.0000
vn -0.8316 0.5553 -0.0000
vn 0.9829 0.1841 -0.0000
vn -0.0000 -1.0000 -0.0000
vt 0.966797 -0.966797
vt 0.966797 6.517578
vt 0.000000 6.517578
vt 0.000000 -0.966797
vt 7.953125 -0.966797
vt 8.951172 6.519531
vt 8.951172 -0.966797
vt 7.953125 6.519531
vt 0.000000 2.152344
vt 0.966797 2.152344
vt 10.947266 2.152344
vt 10.947266 -0.966797
vt 9.949219 2.152344
vt 9.949219 -0.966797
vt 1.964844 -0.218750
vt 1.216797 3.773438
vt 0.468750 -0.218750
vt 0.466797 -0.218750
vt 2.464844 -0.966797
vt 2.462891 -0.966797
vt 0.134766 1.861328
vt 0.468750 1.861328
vt 0.468750 2.193359
vt 0.134766 2.193359
vt 0.966797 -0.982422
vt 0.000000 0.000000
vt 0.000000 -0.982422
vt 0.966797 0.000000
s 1
usemtl Material_0.033
f 3593/913/423 3594/914/423 3595/915/423
f 3596/913/423 3597/915/423 3598/916/423
f 3599/916/424 3600/915/424 3601/914/424
f 3602/916/424 3603/914/424 3604/913/424
f 3605/917/425 3606/918/425 3607/919/425
f 3608/917/425 3609/920/425 3610/918/425
f 3611/919/426 3612/918/426 3613/920/426
f 3614/919/426 3615/920/426 3616/917/426
f 3617/913/423 3618/916/423 3619/921/423
f 3620/922/423 3621/913/423 3622/921/423
f 3623/921/424 3624/916/424 3625/922/424
f 3626/916/424 3627/913/424 3628/922/424
f 3629/923/425 3630/924/425 3631/925/425
f 3632/924/425 3633/926/425 3634/925/425
f 3635/926/426 3636/924/426 3637/923/426
f 3638/925/426 3639/926/426 3640/923/426
usemtl Material_1.033
f 3641/927/427 3642/928/427 3643/929/427
f 3644/916/428 3645/927/428 3646/930/428
f 3647/916/428 3648/931/428 3649/927/428
f 3650/928/429 3651/929/429 3652/927/429
f 3653/916/430 3654/931/430 3655/927/430
f 3656/916/430 3657/927/430 3658/929/430
f 3659/928/431 3660/929/431 3661/927/431
f 3662/916/432 3663/931/432 3664/929/432
f 3665/931/432 3666/927/432 3667/929/432
f 3668/927/433 3669/929/433 3670/916/433
f 3671/927/433 3672/916/433 3673/932/433
f 3674/927/434 3675/928/434 3676/929/434
f 3677/933/435 3678/934/435 3679/935/435
f 3680/933/435 3681/935/435 3682/936/435
usemtl Material_3.033
f 3683/937/423 3684/938/423 3685/939/423
f 3686/937/423 3687/940/423 3684/938/423
f 3688/939/424 3689/940/424 3690/937/424
f 3691/939/424 3692/938/424 3693/940/424
f 3694/937/426 3695/938/426 3696/939/426
f 3697/937/426 3698/940/426 3695/938/426
f 3699/939/425 3700/940/425 3701/937/425
f 3702/939/425 3703/938/425 3704/940/425
o node.034
v 6.908393 7.340806 -1.449306
v 6.908393 28.893099 -1.449310
v 9.785307 28.893099 -1.449310
v 6.908393 7.340806 -1.449306
v 9.785307 28.893099 -1.449310
v 9.785307 7.340806 -1.449306
v 9.785307 7.340806 1.427608
v 9.785307 28.893099 1.427604
v 6.908393 28.893099 1.427604
v 9.785307 7.340806 1.427608
v 6.908393 28.893099 1.427604
v 6.908393 7.340806 1.427608
v 9.785307 7.340806 -1.449306
v 9.785307 28.893099 1.427604
v 9.785307 7.340806 1.427608
v 9.785307 7.340806 -1.449306
v 9.785307 28.893099 -1.449310
v 9.785307 28.893099 1.427604
v 6.908393 7.340806 1.427608
v 6.908393 28.893099 1.427604
v 6.908393 28.893099 -1.449310
v 6.908393 7.340806 1.427608
v 6.908393 28.893099 -1.449310
v 6.908393 7.340806 -1.449306
v 9.785307 -1.640780 -1.449305
v 6.908393 -1.640780 -1.449305
v 6.908393 7.340806 -1.449306
v 9.785307 7.340806 -1.449306
v 9.785307 -1.640780 -1.449305
v 6.908393 7.340806 -1.449306
v 6.908393 7.340806 1.427608
v 6.908393 -1.640779 1.427609
v 9.785307 7.340806 1.427608
v 6.908393 -1.640779 1.427609
v 9.785307 -1.640779 1.427609
v 9.785307 7.340806 1.427608
v 9.785307 7.340806 1.427608
v 9.785307 -1.640779 1.427609
v 9.785307 7.340806 -1.449306
v 9.785307 -1.640779 1.427609
v 9.785307 -1.640780 -1.449305
v 9.785307 7.340806 -1.449306
v 6.908393 -1.640780 -1.449305
v 6.908393 -1.640779 1.427609
v 6.908393 7.340806 1.427608
v 6.908393 7.340806 -1.449306
v 6.908393 -1.640780 -1.449305
v 6.908393 7.340806 1.427608
v 7.269762 33.562820 1.066235
v 8.346850 39.313141 -0.010854
v 7.269762 33.562820 -1.087942
v 6.550533 32.485733 1.785463
v 9.423939 33.562820 1.066235
v 7.269762 33.562820 1.066235
v 6.550533 32.485733 1.785463
v 10.143167 32.485733 1.785463
v 9.423939 33.562820 1.066235
v 8.346850 39.313141 -0.010854
v 7.269762 33.562820 1.066235
v 9.423939 33.562820 1.066235
v 10.143167 32.485733 -1.807170
v 6.550533 32.485733 -1.807170
v 7.269762 33.562820 -1.087942
v 10.143167 32.485733 -1.807170
v 7.269762 33.562820 -1.087942
v 9.423939 33.562820 -1.087942
v 8.346850 39.313141 -0.010854
v 9.423939 33.562820 -1.087942
v 7.269762 33.562820 -1.087942
v 10.143167 32.485733 1.785463
v 10.143167 32.485733 -1.807170
v 9.423939 33.562820 1.066235
v 10.143167 32.485733 -1.807170
v 9.423939 33.562820 -1.087942
v 9.423939 33.562820 1.066235
v 7.269762 33.562820 1.066235
v 7.269762 33.562820 -1.087942
v 6.550533 32.485733 -1.807170
v 7.269762 33.562820 1.066235
v 6.550533 32.485733 -1.807170
v 6.550533 32.485733 1.785463
v 9.423939 33.562820 -1.087942
v 8.346850 39.313141 -0.010854
v 9.423939 33.562820 1.066235
v 6.550533 32.485733 -1.807170
v 10.143167 32.485733 -1.807170
v 10.143167 32.485733 1.785463
v 6.550533 32.485733 -1.807170
v 10.143167 32.485733 1.785463
v 6.550533 32.485733 1.785463
v 6.908393 28.893099 -1.449310
v 9.785307 32.485733 -1.449310
v 9.785307 28.893099 -1.449310
v 6.908393 28.893099 -1.449310
v 6.908393 32.485733 -1.449310
v 9.785307 28.893099 1.427604
v 6.908393 32.485733 1.427604
v 6.908393 28.893099 1.427604
v 9.785307 28.893099 1.427604
v 9.785307 32.485733 1.427604
v 6.908393 32.485733 1.427604
v 6.908393 28.893099 1.427604
v 6.908393 32.485733 -1.449310
v 6.908393 28.893099 -1.449310
v 6.908393 28.893099 1.427604
v 6.908393 32.485733 1.427604
v 9.785307 28.893099 -1.449310
v 9.785307 32.485733 1.427604
v 9.785307 28.893099 1.427604
v 9.785307 28.893099 -1.449310
v 9.785307 32.485733 -1.449310
v 9.785307 32.485733 1.427604
vn -0.0000 -0.0000 -1.0000
vn -0.0000 -0.0000 1.0000
vn 1.0000 -0.0000 -0.0000
vn -1.0000 -0.0000 -0.0000
vn -0.9829 0.1841 -0.0000
vn -0.0000 0.5553 0.8316
vn -0.0000 0.1841 0.9829
vn -0.0000 0.5553 -0.8316
vn -0.0000 0.1841 -0.9829
vn 0.8316 0.5553 -0.0000
vn -0.8316 0.5553 -0.0000
vn 0.9829 0.1841 -0.0000
vn -0.0000 -1.0000 -0.0000
vt 0.966797 -0.966797
vt 0.966797 6.517578
vt 0.000000 6.517578
vt 0.000000 -0.966797
vt 7.953125 -0.966797
vt 8.951172 6.519531
vt 8.951172 -0.966797
vt 7.953125 6.519531
vt 0.000000 2.152344
vt 0.966797 2.152344
vt 10.947266 2.152344
vt 10.947266 -0.966797
vt 9.949219 2.152344
vt 9.949219 -0.966797
vt 1.964844 -0.218750
vt 1.216797 3.773438
vt 0.468750 -0.218750
vt 0.466797 -0.218750
vt 2.464844 -0.966797
vt 2.462891 -0.966797
vt 0.134766 1.861328
vt 0.468750 1.861328
vt 0.468750 2.193359
vt 0.134766 2.193359
vt 0.966797 -0.982422
vt 0.000000 0.000000
vt 0.000000 -0.982422
vt 0.966797 0.000000
s 1
usemtl Material_0.034
f 3705/941/436 3706/942/436 3707/943/436
f 3708/941/436 3709/943/436 3710/944/436
f 3711/944/437 3712/943/437 3713/942/437
f 3714/944/437 3715/942/437 3716/941/437
f 3717/945/438 3718/946/438 3719/947/438
f 3720/945/438 3721/948/438 3722/946/438
f 3723/947/439 3724/946/439 3725/948/439
f 3726/947/439 3727/948/439 3728/945/439
f 3729/941/436 3730/944/436 3731/949/436
f 3732/950/436 3733/941/436 3734/949/436
f 3735/949/437 3736/944/437 3737/950/437
f 3738/944/437 3739/941/437 3740/950/437
f 3741/951/438 3742/952/438 3743/953/438
f 3744/952/438 3745/954/438 3746/953/438
f 3747/954/439 3748/952/439 3749/951/439
f 3750/953/439 3751/954/439 3752/951/439
usemtl Material_1.034
f 3753/955/440 3754/956/440 3755/957/440
f 3756/944/441 3757/955/441 3758/958/441
f 3759/944/441 3760/959/441 3761/955/441
f 3762/956/442 3763/957/442 3764/955/442
f 3765/944/443 3766/959/443 3767/955/443
f 3768/944/443 3769/955/443 3770/957/443
f 3771/956/444 3772/957/444 3773/955/444
f 3774/944/445 3775/959/445 3776/957/445
f 3777/959/445 3778/955/445 3779/957/445
f 3780/955/446 3781/957/446 3782/944/446
f 3783/955/446 3784/944/446 3785/960/446
f 3786/955/447 3787/956/447 3788/957/447
f 3789/961/448 3790/962/448 3791/963/448
f 3792/961/448 3793/963/448 3794/964/448
usemtl Material_3.034
f 3795/965/436 3796/966/436 3797/967/436
f 3798/965/436 3799/968/436 3796/966/436
f 3800/967/437 3801/968/437 3802/965/437
f 3803/967/437 3804/966/437 3805/968/437
f 3806/965/439 3807/966/439 3808/967/439
f 3809/965/439 3810/968/439 3807/966/439
f 3811/967/438 3812/968/438 3813/965/438
f 3814/967/438 3815/966/438 3816/968/438
o node.035
v 0.282706 7.340806 -1.449306
v 0.282706 28.893099 -1.449310
v 3.159621 28.893099 -1.449310
v 0.282706 7.340806 -1.449306
v 3.159621 28.893099 -1.449310
v 3.159621 7.340806 -1.449306
v 3.159621 7.340806 1.427608
v 3.159621 28.893099 1.427604
v 0.282706 28.893099 1.427604
v 3.159621 7.340806 1.427608
v 0.282706 28.893099 1.427604
v 0.282706 7.340806 1.427608
v 3.159621 7.340806 -1.449306
v 3.159621 28.893099 1.427604
v 3.159621 7.340806 1.427608
v 3.159621 7.340806 -1.449306
v 3.159621 28.893099 -1.449310
v 3.159621 28.893099 1.427604
v 0.282706 7.340806 1.427608
v 0.282706 28.893099 1.427604
v 0.282706 28.893099 -1.449310
v 0.282706 7.340806 1.427608
v 0.282706 28.893099 -1.449310
v 0.282706 7.340806 -1.449306
v 3.159621 -1.640780 -1.449305
v 0.282706 -1.640780 -1.449305
v 0.282706 7.340806 -1.449306
v 3.159621 7.340806 -1.449306
v 3.159621 -1.640780 -1.449305
v 0.282706 7.340806 -1.449306
v 0.282706 7.340806 1.427608
v 0.282706 -1.640779 1.427609
v 3.159621 7.340806 1.427608
v 0.282706 -1.640779 1.427609
v 3.159621 -1.640779 1.427609
v 3.159621 7.340806 1.427608
v 3.159621 7.340806 1.427608
v 3.159621 -1.640779 1.427609
v 3.159621 7.340806 -1.449306
v 3.159621 -1.640779 1.427609
v 3.159621 -1.640780 -1.449305
v 3.159621 7.340806 -1.449306
v 0.282706 -1.640780 -1.449305
v 0.282706 -1.640779 1.427609
v 0.282706 7.340806 1.427608
v 0.282706 7.340806 -1.449306
v 0.282706 -1.640780 -1.449305
v 0.282706 7.340806 1.427608
v 0.644075 33.562820 1.066235
v 1.721164 39.313141 -0.010854
v 0.644075 33.562820 -1.087942
v -0.075154 32.485733 1.785463
v 2.798252 33.562820 1.066235
v 0.644075 33.562820 1.066235
v -0.075154 32.485733 1.785463
v 3.517480 32.485733 1.785463
v 2.798252 33.562820 1.066235
v 1.721164 39.313141 -0.010854
v 0.644075 33.562820 1.066235
v 2.798252 33.562820 1.066235
v 3.517480 32.485733 -1.807170
v -0.075154 32.485733 -1.807170
v 0.644075 33.562820 -1.087942
v 3.517480 32.485733 -1.807170
v 0.644075 33.562820 -1.087942
v 2.798252 33.562820 -1.087942
v 1.721164 39.313141 -0.010854
v 2.798252 33.562820 -1.087942
v 0.644075 33.562820 -1.087942
v 3.517480 32.485733 1.785463
v 3.517480 32.485733 -1.807170
v 2.798252 33.562820 1.066235
v 3.517480 32.485733 -1.807170
v 2.798252 33.562820 -1.087942
v 2.798252 33.562820 1.066235
v 0.644075 33.562820 1.066235
v 0.644075 33.562820 -1.087942
v -0.075154 32.485733 -1.807170
v 0.644075 33.562820 1.066235
v -0.075154 32.485733 -1.807170
v -0.075154 32.485733 1.785463
v 2.798252 33.562820 -1.087942
v 1.721164 39.313141 -0.010854
v 2.798252 33.562820 1.066235
v -0.075154 32.485733 -1.807170
v 3.517480 32.485733 -1.807170
v 3.517480 32.485733 1.785463
v -0.075154 32.485733 -1.807170
v 3.517480 32.485733 1.785463
v -0.075154 32.485733 1.785463
v 0.282706 28.893099 -1.449310
v 3.159621 32.485733 -1.449310
v 3.159621 28.893099 -1.449310
v 0.282706 28.893099 -1.449310
v 0.282706 32.485733 -1.449310
v 3.159621 28.893099 1.427604
v 0.282706 32.485733 1.427604
v 0.282706 28.893099 1.427604
v 3.159621 28.893099 1.427604
v 3.159621 32.485733 1.427604
v 0.282706 32.485733 1.427604
v 0.282706 28.893099 1.427604
v 0.282706 32.485733 -1.449310
v 0.282706 28.893099 -1.449310
v 0.282706 28.893099 1.427604
v 0.282706 32.485733 1.427604
v 3.159621 28.893099 -1.449310
v 3.159621 32.485733 1.427604
v 3.159621 28.893099 1.427604
v 3.159621 28.893099 -1.449310
v 3.159621 32.485733 -1.449310
v 3.159621 32.485733 1.427604
vn -0.0000 -0.0000 -1.0000
vn -0.0000 -0.0000 1.0000
vn 1.0000 -0.0000 -0.0000
vn -1.0000 -0.0000 -0.0000
vn -0.9829 0.1841 -0.0000
vn -0.0000 0.5553 0.8316
vn -0.0000 0.1841 0.9829
vn -0.0000 0.5553 -0.8316
vn -0.0000 0.1841 -0.9829
vn 0.8316 0.5553 -0.0000
vn -0.8316 0.5553 -0.0000
vn 0.9829 0.1841 -0.0000
vn -0.0000 -1.0000 -0.0000
vt 0.966797 -0.966797
vt 0.966797 6.517578
vt 0.000000 6.517578
vt 0.000000 -0.966797
vt 7.953125 -0.966797
vt 8.951172 6.519531
vt 8.951172 -0.966797
vt 7.953125 6.519531
vt 0.000000 2.152344
vt 0.966797 2.152344
vt 10.947266 2.152344
vt 10.947266 -0.966797
vt 9.949219 2.152344
vt 9.949219 -0.966797
vt 1.964844 -0.218750
vt 1.216797 3.773438
vt 0.468750 -0.218750
vt 0.466797 -0.218750
vt 2.464844 -0.966797
vt 2.462891 -0.966797
vt 0.134766 1.861328
vt 0.468750 1.861328
vt 0.468750 2.193359
vt 0.134766 2.193359
vt 0.966797 -0.982422
vt 0.000000 0.000000
vt 0.000000 -0.982422
vt 0.966797 0.000000
s 1
usemtl Material_0.035
f 3817/969/449 3818/970/449 3819/971/449
f 3820/969/449 3821/971/449 3822/972/449
f 3823/972/450 3824/971/450 3825/970/450
f 3826/972/450 3827/970/450 3828/969/450
f 3829/973/451 3830/974/451 3831/975/451
f 3832/973/451 3833/976/451 3834/974/451
f 3835/975/452 3836/974/452 3837/976/452
f 3838/975/452 3839/976/452 3840/973/452
f 3841/969/449 3842/972/449 3843/977/449
f 3844/978/449 3845/969/449 3846/977/449
f 3847/977/450 3848/972/450 3849/978/450
f 3850/972/450 3851/969/450 3852/978/450
f 3853/979/451 3854/980/451 3855/981/451
f 3856/980/451 3857/982/451 3858/981/451
f 3859/982/452 3860/980/452 3861/979/452
f 3862/981/452 3863/982/452 3864/979/452
usemtl Material_1.035
f 3865/983/453 3866/984/453 3867/985/453
f 3868/972/454 3869/983/454 3870/986/454
f 3871/972/454 3872/987/454 3873/983/454
f 3874/984/455 3875/985/455 3876/983/455
f 3877/972/456 3878/987/456 3879/983/456
f 3880/972/456 3881/983/456 3882/985/456
f 3883/984/457 3884/985/457 3885/983/457
f 3886/972/458 3887/987/458 3888/985/458
f 3889/987/458 3890/983/458 3891/985/458
f 3892/983/459 3893/985/459 3894/972/459
f 3895/983/459 3896/972/459 3897/988/459
f 3898/983/460 3899/984/460 3900/985/460
f 3901/989/461 3902/990/461 3903/991/461
f 3904/989/461 3905/991/461 3906/992/461
usemtl Material_3.035
f 3907/993/449 3908/994/449 3909/995/449
f 3910/993/449 3911/996/449 3908/994/449
f 3912/995/450 3913/996/450 3914/993/450
f 3915/995/450 3916/994/450 3917/996/450
f 3918/993/452 3919/994/452 3920/995/452
f 3921/993/452 3922/996/452 3919/994/452
f 3923/995/451 3924/996/451 3925/993/451
f 3926/995/451 3927/994/451 3928/996/451
o node.036
v 115.985115 7.340806 -30.099854
v 115.985107 28.893099 -30.099854
v 115.985107 28.893099 -32.976768
v 115.985115 7.340806 -30.099854
v 115.985107 28.893099 -32.976768
v 115.985115 7.340806 -32.976768
v 118.862030 7.340806 -32.976768
v 118.862022 28.893099 -32.976768
v 118.862022 28.893099 -30.099855
v 118.862030 7.340806 -32.976768
v 118.862022 28.893099 -30.099855
v 118.862030 7.340806 -30.099855
v 115.985115 7.340806 -32.976768
v 118.862022 28.893099 -32.976768
v 118.862030 7.340806 -32.976768
v 115.985115 7.340806 -32.976768
v 115.985107 28.893099 -32.976768
v 118.862022 28.893099 -32.976768
v 118.862030 7.340806 -30.099855
v 118.862022 28.893099 -30.099855
v 115.985107 28.893099 -30.099854
v 118.862030 7.340806 -30.099855
v 115.985107 28.893099 -30.099854
v 115.985115 7.340806 -30.099854
v 115.985115 -1.640780 -32.976768
v 115.985115 -1.640780 -30.099854
v 115.985115 7.340806 -30.099854
v 115.985115 7.340806 -32.976768
v 115.985115 -1.640780 -32.976768
v 115.985115 7.340806 -30.099854
v 118.862030 7.340806 -30.099855
v 118.862030 -1.640779 -30.099855
v 118.862030 7.340806 -32.976768
v 118.862030 -1.640779 -30.099855
v 118.862030 -1.640779 -32.976768
v 118.862030 7.340806 -32.976768
v 118.862030 7.340806 -32.976768
v 118.862030 -1.640779 -32.976768
v 115.985115 7.340806 -32.976768
v 118.862030 -1.640779 -32.976768
v 115.985115 -1.640780 -32.976768
v 115.985115 7.340806 -32.976768
v 115.985115 -1.640780 -30.099854
v 118.862030 -1.640779 -30.099855
v 118.862030 7.340806 -30.099855
v 115.985115 7.340806 -30.099854
v 115.985115 -1.640780 -30.099854
v 118.862030 7.340806 -30.099855
v 118.500656 33.562820 -30.461224
v 117.423569 39.313141 -31.538311
v 116.346481 33.562820 -30.461224
v 119.219887 32.485733 -29.741995
v 118.500656 33.562820 -32.615402
v 118.500656 33.562820 -30.461224
v 119.219887 32.485733 -29.741995
v 119.219887 32.485733 -33.334629
v 118.500656 33.562820 -32.615402
v 117.423569 39.313141 -31.538311
v 118.500656 33.562820 -30.461224
v 118.500656 33.562820 -32.615402
v 115.627251 32.485733 -33.334629
v 115.627251 32.485733 -29.741995
v 116.346481 33.562820 -30.461224
v 115.627251 32.485733 -33.334629
v 116.346481 33.562820 -30.461224
v 116.346481 33.562820 -32.615398
v 117.423569 39.313141 -31.538311
v 116.346481 33.562820 -32.615398
v 116.346481 33.562820 -30.461224
v 119.219887 32.485733 -33.334629
v 115.627251 32.485733 -33.334629
v 118.500656 33.562820 -32.615402
v 115.627251 32.485733 -33.334629
v 116.346481 33.562820 -32.615398
v 118.500656 33.562820 -32.615402
v 118.500656 33.562820 -30.461224
v 116.346481 33.562820 -30.461224
v 115.627251 32.485733 -29.741995
v 118.500656 33.562820 -30.461224
v 115.627251 32.485733 -29.741995
v 119.219887 32.485733 -29.741995
v 116.346481 33.562820 -32.615398
v 117.423569 39.313141 -31.538311
v 118.500656 33.562820 -32.615402
v 115.627251 32.485733 -29.741995
v 115.627251 32.485733 -33.334629
v 119.219887 32.485733 -33.334629
v 115.627251 32.485733 -29.741995
v 119.219887 32.485733 -33.334629
v 119.219887 32.485733 -29.741995
v 115.985107 28.893099 -30.099854
v 115.985107 32.485733 -32.976768
v 115.985107 28.893099 -32.976768
v 115.985107 28.893099 -30.099854
v 115.985107 32.485733 -30.099854
v 118.862022 28.893099 -32.976768
v 118.862022 32.485733 -30.099855
v 118.862022 28.893099 -30.099855
v 118.862022 28.893099 -32.976768
v 118.862022 32.485733 -32.976768
v 118.862022 32.485733 -30.099855
v 118.862022 28.893099 -30.099855
v 115.985107 32.485733 -30.099854
v 115.985107 28.893099 -30.099854
v 118.862022 28.893099 -30.099855
v 118.862022 32.485733 -30.099855
v 115.985107 28.893099 -32.976768
v 118.862022 32.485733 -32.976768
v 118.862022 28.893099 -32.976768
v 115.985107 28.893099 -32.976768
v 115.985107 32.485733 -32.976768
v 118.862022 32.485733 -32.976768
vn -1.0000 -0.0000 -0.0000
vn 1.0000 -0.0000 -0.0000
vn -0.0000 -0.0000 -1.0000
vn -0.0000 -0.0000 1.0000
vn -0.0000 0.1841 0.9829
vn 0.8316 0.5553 -0.0000
vn 0.9829 0.1841 -0.0000
vn -0.8316 0.5553 -0.0000
vn -0.9829 0.1841 -0.0000
vn -0.0000 0.5553 -0.8316
vn -0.0000 0.5553 0.8316
vn -0.0000 0.1841 -0.9829
vn -0.0000 -1.0000 -0.0000
vt 0.966797 -0.966797
vt 0.966797 6.517578
vt 0.000000 6.517578
vt 0.000000 -0.966797
vt 7.953125 -0.966797
vt 8.951172 6.519531
vt 8.951172 -0.966797
vt 7.953125 6.519531
vt 0.000000 2.152344
vt 0.966797 2.152344
vt 10.947266 2.152344
vt 10.947266 -0.966797
vt 9.949219 2.152344
vt 9.949219 -0.966797
vt 1.964844 -0.218750
vt 1.216797 3.773438
vt 0.468750 -0.218750
vt 0.466797 -0.218750
vt 2.464844 -0.966797
vt 2.462891 -0.966797
vt 0.134766 1.861328
vt 0.468750 1.861328
vt 0.468750 2.193359
vt 0.134766 2.193359
vt 0.966797 -0.982422
vt 0.000000 0.000000
vt 0.000000 -0.982422
vt 0.966797 0.000000
s 1
usemtl Material_0.043
f 3929/997/462 3930/998/462 3931/999/462
f 3932/997/462 3933/999/462 3934/1000/462
f 3935/1000/463 3936/999/463 3937/998/463
f 3938/1000/463 3939/998/463 3940/997/463
f 3941/1001/464 3942/1002/464 3943/1003/464
f 3944/1001/464 3945/1004/464 3946/1002/464
f 3947/1003/465 3948/1002/465 3949/1004/465
f 3950/1003/465 3951/1004/465 3952/1001/465
f 3953/997/462 3954/1000/462 3955/1005/462
f 3956/1006/462 3957/997/462 3958/1005/462
f 3959/1005/463 3960/1000/463 3961/1006/463
f 3962/1000/463 3963/997/463 3964/1006/463
f 3965/1007/464 3966/1008/464 3967/1009/464
f 3968/1008/464 3969/1010/464 3970/1009/464
f 3971/1010/465 3972/1008/465 3973/1007/465
f 3974/1009/465 3975/1010/465 3976/1007/465
usemtl Material_1.043
f 3977/1011/466 3978/1012/466 3979/1013/466
f 3980/1000/467 3981/1011/467 3982/1014/467
f 3983/1000/467 3984/1015/467 3985/1011/467
f 3986/1012/468 3987/1013/468 3988/1011/468
f 3989/1000/469 3990/1015/469 3991/1011/469
f 3992/1000/469 3993/1011/469 3994/1013/469
f 3995/1012/470 3996/1013/470 3997/1011/470
f 3998/1000/471 3999/1015/471 4000/1013/471
f 4001/1015/471 4002/1011/471 4003/1013/471
f 4004/1011/472 4005/1013/472 4006/1000/472
f 4007/1011/472 4008/1000/472 4009/1016/472
f 4010/1011/473 4011/1012/473 4012/1013/473
f 4013/1017/474 4014/1018/474 4015/1019/474
f 4016/1017/474 4017/1019/474 4018/1020/474
usemtl Material_3.043
f 4019/1021/462 4020/1022/462 4021/1023/462
f 4022/1021/462 4023/1024/462 4020/1022/462
f 4024/1023/463 4025/1024/463 4026/1021/463
f 4027/1023/463 4028/1022/463 4029/1024/463
f 4030/1021/465 4031/1022/465 4032/1023/465
f 4033/1021/465 4034/1024/465 4031/1022/465
f 4035/1023/464 4036/1024/464 4037/1021/464
f 4038/1023/464 4039/1022/464 4040/1024/464
o node.037
v 115.985100 7.340806 -36.725540
v 115.985092 28.893099 -36.725540
v 115.985092 28.893099 -39.602455
v 115.985100 7.340806 -36.725540
v 115.985092 28.893099 -39.602455
v 115.985100 7.340806 -39.602455
v 118.862015 7.340806 -39.602455
v 118.862007 28.893099 -39.602455
v 118.862007 28.893099 -36.725540
v 118.862015 7.340806 -39.602455
v 118.862007 28.893099 -36.725540
v 118.862015 7.340806 -36.725540
v 115.985100 7.340806 -39.602455
v 118.862007 28.893099 -39.602455
v 118.862015 7.340806 -39.602455
v 115.985100 7.340806 -39.602455
v 115.985092 28.893099 -39.602455
v 118.862007 28.893099 -39.602455
v 118.862015 7.340806 -36.725540
v 118.862007 28.893099 -36.725540
v 115.985092 28.893099 -36.725540
v 118.862015 7.340806 -36.725540
v 115.985092 28.893099 -36.725540
v 115.985100 7.340806 -36.725540
v 115.985100 -1.640780 -39.602455
v 115.985100 -1.640780 -36.725540
v 115.985100 7.340806 -36.725540
v 115.985100 7.340806 -39.602455
v 115.985100 -1.640780 -39.602455
v 115.985100 7.340806 -36.725540
v 118.862015 7.340806 -36.725540
v 118.862015 -1.640779 -36.725540
v 118.862015 7.340806 -39.602455
v 118.862015 -1.640779 -36.725540
v 118.862015 -1.640779 -39.602455
v 118.862015 7.340806 -39.602455
v 118.862015 7.340806 -39.602455
v 118.862015 -1.640779 -39.602455
v 115.985100 7.340806 -39.602455
v 118.862015 -1.640779 -39.602455
v 115.985100 -1.640780 -39.602455
v 115.985100 7.340806 -39.602455
v 115.985100 -1.640780 -36.725540
v 118.862015 -1.640779 -36.725540
v 118.862015 7.340806 -36.725540
v 115.985100 7.340806 -36.725540
v 115.985100 -1.640780 -36.725540
v 118.862015 7.340806 -36.725540
v 118.500641 33.562820 -37.086906
v 117.423553 39.313141 -38.163998
v 116.346466 33.562820 -37.086906
v 119.219872 32.485733 -36.367680
v 118.500641 33.562820 -39.241085
v 118.500641 33.562820 -37.086906
v 119.219872 32.485733 -36.367680
v 119.219872 32.485733 -39.960312
v 118.500641 33.562820 -39.241085
v 117.423553 39.313141 -38.163998
v 118.500641 33.562820 -37.086906
v 118.500641 33.562820 -39.241085
v 115.627235 32.485733 -39.960312
v 115.627235 32.485733 -36.367680
v 116.346466 33.562820 -37.086906
v 115.627235 32.485733 -39.960312
v 116.346466 33.562820 -37.086906
v 116.346466 33.562820 -39.241085
v 117.423553 39.313141 -38.163998
v 116.346466 33.562820 -39.241085
v 116.346466 33.562820 -37.086906
v 119.219872 32.485733 -39.960312
v 115.627235 32.485733 -39.960312
v 118.500641 33.562820 -39.241085
v 115.627235 32.485733 -39.960312
v 116.346466 33.562820 -39.241085
v 118.500641 33.562820 -39.241085
v 118.500641 33.562820 -37.086906
v 116.346466 33.562820 -37.086906
v 115.627235 32.485733 -36.367680
v 118.500641 33.562820 -37.086906
v 115.627235 32.485733 -36.367680
v 119.219872 32.485733 -36.367680
v 116.346466 33.562820 -39.241085
v 117.423553 39.313141 -38.163998
v 118.500641 33.562820 -39.241085
v 115.627235 32.485733 -36.367680
v 115.627235 32.485733 -39.960312
v 119.219872 32.485733 -39.960312
v 115.627235 32.485733 -36.367680
v 119.219872 32.485733 -39.960312
v 119.219872 32.485733 -36.367680
v 115.985092 28.893099 -36.725540
v 115.985092 32.485733 -39.602455
v 115.985092 28.893099 -39.602455
v 115.985092 28.893099 -36.725540
v 115.985092 32.485733 -36.725540
v 118.862007 28.893099 -39.602455
v 118.862007 32.485733 -36.725540
v 118.862007 28.893099 -36.725540
v 118.862007 28.893099 -39.602455
v 118.862007 32.485733 -39.602455
v 118.862007 32.485733 -36.725540
v 118.862007 28.893099 -36.725540
v 115.985092 32.485733 -36.725540
v 115.985092 28.893099 -36.725540
v 118.862007 28.893099 -36.725540
v 118.862007 32.485733 -36.725540
v 115.985092 28.893099 -39.602455
v 118.862007 32.485733 -39.602455
v 118.862007 28.893099 -39.602455
v 115.985092 28.893099 -39.602455
v 115.985092 32.485733 -39.602455
v 118.862007 32.485733 -39.602455
vn -1.0000 -0.0000 -0.0000
vn 1.0000 -0.0000 -0.0000
vn -0.0000 -0.0000 -1.0000
vn -0.0000 -0.0000 1.0000
vn -0.0000 0.1841 0.9829
vn 0.8316 0.5553 -0.0000
vn 0.9829 0.1841 -0.0000
vn -0.8316 0.5553 -0.0000
vn -0.9829 0.1841 -0.0000
vn -0.0000 0.5553 -0.8316
vn -0.0000 0.5553 0.8316
vn -0.0000 0.1841 -0.9829
vn -0.0000 -1.0000 -0.0000
vt 0.966797 -0.966797
vt 0.966797 6.517578
vt 0.000000 6.517578
vt 0.000000 -0.966797
vt 7.953125 -0.966797
vt 8.951172 6.519531
vt 8.951172 -0.966797
vt 7.953125 6.519531
vt 0.000000 2.152344
vt 0.966797 2.152344
vt 10.947266 2.152344
vt 10.947266 -0.966797
vt 9.949219 2.152344
vt 9.949219 -0.966797
vt 1.964844 -0.218750
vt 1.216797 3.773438
vt 0.468750 -0.218750
vt 0.466797 -0.218750
vt 2.464844 -0.966797
vt 2.462891 -0.966797
vt 0.134766 1.861328
vt 0.468750 1.861328
vt 0.468750 2.193359
vt 0.134766 2.193359
vt 0.966797 -0.982422
vt 0.000000 0.000000
vt 0.000000 -0.982422
vt 0.966797 0.000000
s 1
usemtl Material_0.044
f 4041/1025/475 4042/1026/475 4043/1027/475
f 4044/1025/475 4045/1027/475 4046/1028/475
f 4047/1028/476 4048/1027/476 4049/1026/476
f 4050/1028/476 4051/1026/476 4052/1025/476
f 4053/1029/477 4054/1030/477 4055/1031/477
f 4056/1029/477 4057/1032/477 4058/1030/477
f 4059/1031/478 4060/1030/478 4061/1032/478
f 4062/1031/478 4063/1032/478 4064/1029/478
f 4065/1025/475 4066/1028/475 4067/1033/475
f 4068/1034/475 4069/1025/475 4070/1033/475
f 4071/1033/476 4072/1028/476 4073/1034/476
f 4074/1028/476 4075/1025/476 4076/1034/476
f 4077/1035/477 4078/1036/477 4079/1037/477
f 4080/1036/477 4081/1038/477 4082/1037/477
f 4083/1038/478 4084/1036/478 4085/1035/478
f 4086/1037/478 4087/1038/478 4088/1035/478
usemtl Material_1.044
f 4089/1039/479 4090/1040/479 4091/1041/479
f 4092/1028/480 4093/1039/480 4094/1042/480
f 4095/1028/480 4096/1043/480 4097/1039/480
f 4098/1040/481 4099/1041/481 4100/1039/481
f 4101/1028/482 4102/1043/482 4103/1039/482
f 4104/1028/482 4105/1039/482 4106/1041/482
f 4107/1040/483 4108/1041/483 4109/1039/483
f 4110/1028/484 4111/1043/484 4112/1041/484
f 4113/1043/484 4114/1039/484 4115/1041/484
f 4116/1039/485 4117/1041/485 4118/1028/485
f 4119/1039/485 4120/1028/485 4121/1044/485
f 4122/1039/486 4123/1040/486 4124/1041/486
f 4125/1045/487 4126/1046/487 4127/1047/487
f 4128/1045/487 4129/1047/487 4130/1048/487
usemtl Material_3.044
f 4131/1049/475 4132/1050/475 4133/1051/475
f 4134/1049/475 4135/1052/475 4132/1050/475
f 4136/1051/476 4137/1052/476 4138/1049/476
f 4139/1051/476 4140/1050/476 4141/1052/476
f 4142/1049/478 4143/1050/478 4144/1051/478
f 4145/1049/478 4146/1052/478 4143/1050/478
f 4147/1051/477 4148/1052/477 4149/1049/477
f 4150/1051/477 4151/1050/477 4152/1052/477
o node.038
v 115.985100 7.340806 -43.724915
v 115.985092 28.893099 -43.724915
v 115.985092 28.893099 -46.601830
v 115.985100 7.340806 -43.724915
v 115.985092 28.893099 -46.601830
v 115.985100 7.340806 -46.601830
v 118.862015 7.340806 -46.601830
v 118.862007 28.893099 -46.601830
v 118.862007 28.893099 -43.724915
v 118.862015 7.340806 -46.601830
v 118.862007 28.893099 -43.724915
v 118.862015 7.340806 -43.724915
v 115.985100 7.340806 -46.601830
v 118.862007 28.893099 -46.601830
v 118.862015 7.340806 -46.601830
v 115.985100 7.340806 -46.601830
v 115.985092 28.893099 -46.601830
v 118.862007 28.893099 -46.601830
v 118.862015 7.340806 -43.724915
v 118.862007 28.893099 -43.724915
v 115.985092 28.893099 -43.724915
v 118.862015 7.340806 -43.724915
v 115.985092 28.893099 -43.724915
v 115.985100 7.340806 -43.724915
v 115.985100 -1.640780 -46.601830
v 115.985100 -1.640780 -43.724915
v 115.985100 7.340806 -43.724915
v 115.985100 7.340806 -46.601830
v 115.985100 -1.640780 -46.601830
v 115.985100 7.340806 -43.724915
v 118.862015 7.340806 -43.724915
v 118.862015 -1.640779 -43.724915
v 118.862015 7.340806 -46.601830
v 118.862015 -1.640779 -43.724915
v 118.862015 -1.640779 -46.601830
v 118.862015 7.340806 -46.601830
v 118.862015 7.340806 -46.601830
v 118.862015 -1.640779 -46.601830
v 115.985100 7.340806 -46.601830
v 118.862015 -1.640779 -46.601830
v 115.985100 -1.640780 -46.601830
v 115.985100 7.340806 -46.601830
v 115.985100 -1.640780 -43.724915
v 118.862015 -1.640779 -43.724915
v 118.862015 7.340806 -43.724915
v 115.985100 7.340806 -43.724915
v 115.985100 -1.640780 -43.724915
v 118.862015 7.340806 -43.724915
v 118.500641 33.562820 -44.086281
v 117.423553 39.313141 -45.163372
v 116.346466 33.562820 -44.086281
v 119.219872 32.485733 -43.367054
v 118.500641 33.562820 -46.240459
v 118.500641 33.562820 -44.086281
v 119.219872 32.485733 -43.367054
v 119.219872 32.485733 -46.959686
v 118.500641 33.562820 -46.240459
v 117.423553 39.313141 -45.163372
v 118.500641 33.562820 -44.086281
v 118.500641 33.562820 -46.240459
v 115.627235 32.485733 -46.959686
v 115.627235 32.485733 -43.367054
v 116.346466 33.562820 -44.086281
v 115.627235 32.485733 -46.959686
v 116.346466 33.562820 -44.086281
v 116.346466 33.562820 -46.240459
v 117.423553 39.313141 -45.163372
v 116.346466 33.562820 -46.240459
v 116.346466 33.562820 -44.086281
v 119.219872 32.485733 -46.959686
v 115.627235 32.485733 -46.959686
v 118.500641 33.562820 -46.240459
v 115.627235 32.485733 -46.959686
v 116.346466 33.562820 -46.240459
v 118.500641 33.562820 -46.240459
v 118.500641 33.562820 -44.086281
v 116.346466 33.562820 -44.086281
v 115.627235 32.485733 -43.367054
v 118.500641 33.562820 -44.086281
v 115.627235 32.485733 -43.367054
v 119.219872 32.485733 -43.367054
v 116.346466 33.562820 -46.240459
v 117.423553 39.313141 -45.163372
v 118.500641 33.562820 -46.240459
v 115.627235 32.485733 -43.367054
v 115.627235 32.485733 -46.959686
v 119.219872 32.485733 -46.959686
v 115.627235 32.485733 -43.367054
v 119.219872 32.485733 -46.959686
v 119.219872 32.485733 -43.367054
v 115.985092 28.893099 -43.724915
v 115.985092 32.485733 -46.601830
v 115.985092 28.893099 -46.601830
v 115.985092 28.893099 -43.724915
v 115.985092 32.485733 -43.724915
v 118.862007 28.893099 -46.601830
v 118.862007 32.485733 -43.724915
v 118.862007 28.893099 -43.724915
v 118.862007 28.893099 -46.601830
v 118.862007 32.485733 -46.601830
v 118.862007 32.485733 -43.724915
v 118.862007 28.893099 -43.724915
v 115.985092 32.485733 -43.724915
v 115.985092 28.893099 -43.724915
v 118.862007 28.893099 -43.724915
v 118.862007 32.485733 -43.724915
v 115.985092 28.893099 -46.601830
v 118.862007 32.485733 -46.601830
v 118.862007 28.893099 -46.601830
v 115.985092 28.893099 -46.601830
v 115.985092 32.485733 -46.601830
v 118.862007 32.485733 -46.601830
vn -1.0000 -0.0000 -0.0000
vn 1.0000 -0.0000 -0.0000
vn -0.0000 -0.0000 -1.0000
vn -0.0000 -0.0000 1.0000
vn -0.0000 0.1841 0.9829
vn 0.8316 0.5553 -0.0000
vn 0.9829 0.1841 -0.0000
vn -0.8316 0.5553 -0.0000
vn -0.9829 0.1841 -0.0000
vn -0.0000 0.5553 -0.8316
vn -0.0000 0.5553 0.8316
vn -0.0000 0.1841 -0.9829
vn -0.0000 -1.0000 -0.0000
vt 0.966797 -0.966797
vt 0.966797 6.517578
vt 0.000000 6.517578
vt 0.000000 -0.966797
vt 7.953125 -0.966797
vt 8.951172 6.519531
vt 8.951172 -0.966797
vt 7.953125 6.519531
vt 0.000000 2.152344
vt 0.966797 2.152344
vt 10.947266 2.152344
vt 10.947266 -0.966797
vt 9.949219 2.152344
vt 9.949219 -0.966797
vt 1.964844 -0.218750
vt 1.216797 3.773438
vt 0.468750 -0.218750
vt 0.466797 -0.218750
vt 2.464844 -0.966797
vt 2.462891 -0.966797
vt 0.134766 1.861328
vt 0.468750 1.861328
vt 0.468750 2.193359
vt 0.134766 2.193359
vt 0.966797 -0.982422
vt 0.000000 0.000000
vt 0.000000 -0.982422
vt 0.966797 0.000000
s 1
usemtl Material_0.045
f 4153/1053/488 4154/1054/488 4155/1055/488
f 4156/1053/488 4157/1055/488 4158/1056/488
f 4159/1056/489 4160/1055/489 4161/1054/489
f 4162/1056/489 4163/1054/489 4164/1053/489
f 4165/1057/490 4166/1058/490 4167/1059/490
f 4168/1057/490 4169/1060/490 4170/1058/490
f 4171/1059/491 4172/1058/491 4173/1060/491
f 4174/1059/491 4175/1060/491 4176/1057/491
f 4177/1053/488 4178/1056/488 4179/1061/488
f 4180/1062/488 4181/1053/488 4182/1061/488
f 4183/1061/489 4184/1056/489 4185/1062/489
f 4186/1056/489 4187/1053/489 4188/1062/489
f 4189/1063/490 4190/1064/490 4191/1065/490
f 4192/1064/490 4193/1066/490 4194/1065/490
f 4195/1066/491 4196/1064/491 4197/1063/491
f 4198/1065/491 4199/1066/491 4200/1063/491
usemtl Material_1.045
f 4201/1067/492 4202/1068/492 4203/1069/492
f 4204/1056/493 4205/1067/493 4206/1070/493
f 4207/1056/493 4208/1071/493 4209/1067/493
f 4210/1068/494 4211/1069/494 4212/1067/494
f 4213/1056/495 4214/1071/495 4215/1067/495
f 4216/1056/495 4217/1067/495 4218/1069/495
f 4219/1068/496 4220/1069/496 4221/1067/496
f 4222/1056/497 4223/1071/497 4224/1069/497
f 4225/1071/497 4226/1067/497 4227/1069/497
f 4228/1067/498 4229/1069/498 4230/1056/498
f 4231/1067/498 4232/1056/498 4233/1072/498
f 4234/1067/499 4235/1068/499 4236/1069/499
f 4237/1073/500 4238/1074/500 4239/1075/500
f 4240/1073/500 4241/1075/500 4242/1076/500
usemtl Material_3.045
f 4243/1077/488 4244/1078/488 4245/1079/488
f 4246/1077/488 4247/1080/488 4244/1078/488
f 4248/1079/489 4249/1080/489 4250/1077/489
f 4251/1079/489 4252/1078/489 4253/1080/489
f 4254/1077/491 4255/1078/491 4256/1079/491
f 4257/1077/491 4258/1080/491 4255/1078/491
f 4259/1079/490 4260/1080/490 4261/1077/490
f 4262/1079/490 4263/1078/490 4264/1080/490
o node.039
v 115.985100 7.340806 -50.705887
v 115.985092 28.893099 -50.705887
v 115.985092 28.893099 -53.582802
v 115.985100 7.340806 -50.705887
v 115.985092 28.893099 -53.582802
v 115.985100 7.340806 -53.582802
v 118.862015 7.340806 -53.582802
v 118.862007 28.893099 -53.582802
v 118.862007 28.893099 -50.705887
v 118.862015 7.340806 -53.582802
v 118.862007 28.893099 -50.705887
v 118.862015 7.340806 -50.705887
v 115.985100 7.340806 -53.582802
v 118.862007 28.893099 -53.582802
v 118.862015 7.340806 -53.582802
v 115.985100 7.340806 -53.582802
v 115.985092 28.893099 -53.582802
v 118.862007 28.893099 -53.582802
v 118.862015 7.340806 -50.705887
v 118.862007 28.893099 -50.705887
v 115.985092 28.893099 -50.705887
v 118.862015 7.340806 -50.705887
v 115.985092 28.893099 -50.705887
v 115.985100 7.340806 -50.705887
v 115.985100 -1.640780 -53.582802
v 115.985100 -1.640780 -50.705887
v 115.985100 7.340806 -50.705887
v 115.985100 7.340806 -53.582802
v 115.985100 -1.640780 -53.582802
v 115.985100 7.340806 -50.705887
v 118.862015 7.340806 -50.705887
v 118.862015 -1.640779 -50.705887
v 118.862015 7.340806 -53.582802
v 118.862015 -1.640779 -50.705887
v 118.862015 -1.640779 -53.582802
v 118.862015 7.340806 -53.582802
v 118.862015 7.340806 -53.582802
v 118.862015 -1.640779 -53.582802
v 115.985100 7.340806 -53.582802
v 118.862015 -1.640779 -53.582802
v 115.985100 -1.640780 -53.582802
v 115.985100 7.340806 -53.582802
v 115.985100 -1.640780 -50.705887
v 118.862015 -1.640779 -50.705887
v 118.862015 7.340806 -50.705887
v 115.985100 7.340806 -50.705887
v 115.985100 -1.640780 -50.705887
v 118.862015 7.340806 -50.705887
v 118.500641 33.562820 -51.067253
v 117.423553 39.313141 -52.144344
v 116.346466 33.562820 -51.067253
v 119.219872 32.485733 -50.348026
v 118.500641 33.562820 -53.221432
v 118.500641 33.562820 -51.067253
v 119.219872 32.485733 -50.348026
v 119.219872 32.485733 -53.940659
v 118.500641 33.562820 -53.221432
v 117.423553 39.313141 -52.144344
v 118.500641 33.562820 -51.067253
v 118.500641 33.562820 -53.221432
v 115.627235 32.485733 -53.940659
v 115.627235 32.485733 -50.348026
v 116.346466 33.562820 -51.067253
v 115.627235 32.485733 -53.940659
v 116.346466 33.562820 -51.067253
v 116.346466 33.562820 -53.221432
v 117.423553 39.313141 -52.144344
v 116.346466 33.562820 -53.221432
v 116.346466 33.562820 -51.067253
v 119.219872 32.485733 -53.940659
v 115.627235 32.485733 -53.940659
v 118.500641 33.562820 -53.221432
v 115.627235 32.485733 -53.940659
v 116.346466 33.562820 -53.221432
v 118.500641 33.562820 -53.221432
v 118.500641 33.562820 -51.067253
v 116.346466 33.562820 -51.067253
v 115.627235 32.485733 -50.348026
v 118.500641 33.562820 -51.067253
v 115.627235 32.485733 -50.348026
v 119.219872 32.485733 -50.348026
v 116.346466 33.562820 -53.221432
v 117.423553 39.313141 -52.144344
v 118.500641 33.562820 -53.221432
v 115.627235 32.485733 -50.348026
v 115.627235 32.485733 -53.940659
v 119.219872 32.485733 -53.940659
v 115.627235 32.485733 -50.348026
v 119.219872 32.485733 -53.940659
v 119.219872 32.485733 -50.348026
v 115.985092 28.893099 -50.705887
v 115.985092 32.485733 -53.582802
v 115.985092 28.893099 -53.582802
v 115.985092 28.893099 -50.705887
v 115.985092 32.485733 -50.705887
v 118.862007 28.893099 -53.582802
v 118.862007 32.485733 -50.705887
v 118.862007 28.893099 -50.705887
v 118.862007 28.893099 -53.582802
v 118.862007 32.485733 -53.582802
v 118.862007 32.485733 -50.705887
v 118.862007 28.893099 -50.705887
v 115.985092 32.485733 -50.705887
v 115.985092 28.893099 -50.705887
v 118.862007 28.893099 -50.705887
v 118.862007 32.485733 -50.705887
v 115.985092 28.893099 -53.582802
v 118.862007 32.485733 -53.582802
v 118.862007 28.893099 -53.582802
v 115.985092 28.893099 -53.582802
v 115.985092 32.485733 -53.582802
v 118.862007 32.485733 -53.582802
vn -1.0000 -0.0000 -0.0000
vn 1.0000 -0.0000 -0.0000
vn -0.0000 -0.0000 -1.0000
vn -0.0000 -0.0000 1.0000
vn -0.0000 0.1841 0.9829
vn 0.8316 0.5553 -0.0000
vn 0.9829 0.1841 -0.0000
vn -0.8316 0.5553 -0.0000
vn -0.9829 0.1841 -0.0000
vn -0.0000 0.5553 -0.8316
vn -0.0000 0.5553 0.8316
vn -0.0000 0.1841 -0.9829
vn -0.0000 -1.0000 -0.0000
vt 0.966797 -0.966797
vt 0.966797 6.517578
vt 0.000000 6.517578
vt 0.000000 -0.966797
vt 7.953125 -0.966797
vt 8.951172 6.519531
vt 8.951172 -0.966797
vt 7.953125 6.519531
vt 0.000000 2.152344
vt 0.966797 2.152344
vt 10.947266 2.152344
vt 10.947266 -0.966797
vt 9.949219 2.152344
vt 9.949219 -0.966797
vt 1.964844 -0.218750
vt 1.216797 3.773438
vt 0.468750 -0.218750
vt 0.466797 -0.218750
vt 2.464844 -0.966797
vt 2.462891 -0.966797
vt 0.134766 1.861328
vt 0.468750 1.861328
vt 0.468750 2.193359
vt 0.134766 2.193359
vt 0.966797 -0.982422
vt 0.000000 0.000000
vt 0.000000 -0.982422
vt 0.966797 0.000000
s 1
usemtl Material_0.046
f 4265/1081/501 4266/1082/501 4267/1083/501
f 4268/1081/501 4269/1083/501 4270/1084/501
f 4271/1084/502 4272/1083/502 4273/1082/502
f 4274/1084/502 4275/1082/502 4276/1081/502
f 4277/1085/503 4278/1086/503 4279/1087/503
f 4280/1085/503 4281/1088/503 4282/1086/503
f 4283/1087/504 4284/1086/504 4285/1088/504
f 4286/1087/504 4287/1088/504 4288/1085/504
f 4289/1081/501 4290/1084/501 4291/1089/501
f 4292/1090/501 4293/1081/501 4294/1089/501
f 4295/1089/502 4296/1084/502 4297/1090/502
f 4298/1084/502 4299/1081/502 4300/1090/502
f 4301/1091/503 4302/1092/503 4303/1093/503
f 4304/1092/503 4305/1094/503 4306/1093/503
f 4307/1094/504 4308/1092/504 4309/1091/504
f 4310/1093/504 4311/1094/504 4312/1091/504
usemtl Material_1.046
f 4313/1095/505 4314/1096/505 4315/1097/505
f 4316/1084/506 4317/1095/506 4318/1098/506
f 4319/1084/506 4320/1099/506 4321/1095/506
f 4322/1096/507 4323/1097/507 4324/1095/507
f 4325/1084/508 4326/1099/508 4327/1095/508
f 4328/1084/508 4329/1095/508 4330/1097/508
f 4331/1096/509 4332/1097/509 4333/1095/509
f 4334/1084/510 4335/1099/510 4336/1097/510
f 4337/1099/510 4338/1095/510 4339/1097/510
f 4340/1095/511 4341/1097/511 4342/1084/511
f 4343/1095/511 4344/1084/511 4345/1100/511
f 4346/1095/512 4347/1096/512 4348/1097/512
f 4349/1101/513 4350/1102/513 4351/1103/513
f 4352/1101/513 4353/1103/513 4354/1104/513
usemtl Material_3.046
f 4355/1105/501 4356/1106/501 4357/1107/501
f 4358/1105/501 4359/1108/501 4356/1106/501
f 4360/1107/502 4361/1108/502 4362/1105/502
f 4363/1107/502 4364/1106/502 4365/1108/502
f 4366/1105/504 4367/1106/504 4368/1107/504
f 4369/1105/504 4370/1108/504 4367/1106/504
f 4371/1107/503 4372/1108/503 4373/1105/503
f 4374/1107/503 4375/1106/503 4376/1108/503
o node.040
v 115.985100 7.340806 -57.832764
v 115.985092 28.893099 -57.832764
v 115.985092 28.893099 -60.709679
v 115.985100 7.340806 -57.832764
v 115.985092 28.893099 -60.709679
v 115.985100 7.340806 -60.709679
v 118.862015 7.340806 -60.709679
v 118.862007 28.893099 -60.709679
v 118.862007 28.893099 -57.832764
v 118.862015 7.340806 -60.709679
v 118.862007 28.893099 -57.832764
v 118.862015 7.340806 -57.832764
v 115.985100 7.340806 -60.709679
v 118.862007 28.893099 -60.709679
v 118.862015 7.340806 -60.709679
v 115.985100 7.340806 -60.709679
v 115.985092 28.893099 -60.709679
v 118.862007 28.893099 -60.709679
v 118.862015 7.340806 -57.832764
v 118.862007 28.893099 -57.832764
v 115.985092 28.893099 -57.832764
v 118.862015 7.340806 -57.832764
v 115.985092 28.893099 -57.832764
v 115.985100 7.340806 -57.832764
v 115.985100 -1.640780 -60.709679
v 115.985100 -1.640780 -57.832764
v 115.985100 7.340806 -57.832764
v 115.985100 7.340806 -60.709679
v 115.985100 -1.640780 -60.709679
v 115.985100 7.340806 -57.832764
v 118.862015 7.340806 -57.832764
v 118.862015 -1.640779 -57.832764
v 118.862015 7.340806 -60.709679
v 118.862015 -1.640779 -57.832764
v 118.862015 -1.640779 -60.709679
v 118.862015 7.340806 -60.709679
v 118.862015 7.340806 -60.709679
v 118.862015 -1.640779 -60.709679
v 115.985100 7.340806 -60.709679
v 118.862015 -1.640779 -60.709679
v 115.985100 -1.640780 -60.709679
v 115.985100 7.340806 -60.709679
v 115.985100 -1.640780 -57.832764
v 118.862015 -1.640779 -57.832764
v 118.862015 7.340806 -57.832764
v 115.985100 7.340806 -57.832764
v 115.985100 -1.640780 -57.832764
v 118.862015 7.340806 -57.832764
v 118.500641 33.562820 -58.194130
v 117.423553 39.313141 -59.271221
v 116.346466 33.562820 -58.194130
v 119.219872 32.485733 -57.474903
v 118.500641 33.562820 -60.348309
v 118.500641 33.562820 -58.194130
v 119.219872 32.485733 -57.474903
v 119.219872 32.485733 -61.067535
v 118.500641 33.562820 -60.348309
v 117.423553 39.313141 -59.271221
v 118.500641 33.562820 -58.194130
v 118.500641 33.562820 -60.348309
v 115.627235 32.485733 -61.067535
v 115.627235 32.485733 -57.474903
v 116.346466 33.562820 -58.194130
v 115.627235 32.485733 -61.067535
v 116.346466 33.562820 -58.194130
v 116.346466 33.562820 -60.348309
v 117.423553 39.313141 -59.271221
v 116.346466 33.562820 -60.348309
v 116.346466 33.562820 -58.194130
v 119.219872 32.485733 -61.067535
v 115.627235 32.485733 -61.067535
v 118.500641 33.562820 -60.348309
v 115.627235 32.485733 -61.067535
v 116.346466 33.562820 -60.348309
v 118.500641 33.562820 -60.348309
v 118.500641 33.562820 -58.194130
v 116.346466 33.562820 -58.194130
v 115.627235 32.485733 -57.474903
v 118.500641 33.562820 -58.194130
v 115.627235 32.485733 -57.474903
v 119.219872 32.485733 -57.474903
v 116.346466 33.562820 -60.348309
v 117.423553 39.313141 -59.271221
v 118.500641 33.562820 -60.348309
v 115.627235 32.485733 -57.474903
v 115.627235 32.485733 -61.067535
v 119.219872 32.485733 -61.067535
v 115.627235 32.485733 -57.474903
v 119.219872 32.485733 -61.067535
v 119.219872 32.485733 -57.474903
v 115.985092 28.893099 -57.832764
v 115.985092 32.485733 -60.709679
v 115.985092 28.893099 -60.709679
v 115.985092 28.893099 -57.832764
v 115.985092 32.485733 -57.832764
v 118.862007 28.893099 -60.709679
v 118.862007 32.485733 -57.832764
v 118.862007 28.893099 -57.832764
v 118.862007 28.893099 -60.709679
v 118.862007 32.485733 -60.709679
v 118.862007 32.485733 -57.832764
v 118.862007 28.893099 -57.832764
v 115.985092 32.485733 -57.832764
v 115.985092 28.893099 -57.832764
v 118.862007 28.893099 -57.832764
v 118.862007 32.485733 -57.832764
v 115.985092 28.893099 -60.709679
v 118.862007 32.485733 -60.709679
v 118.862007 28.893099 -60.709679
v 115.985092 28.893099 -60.709679
v 115.985092 32.485733 -60.709679
v 118.862007 32.485733 -60.709679
vn -1.0000 -0.0000 -0.0000
vn 1.0000 -0.0000 -0.0000
vn -0.0000 -0.0000 -1.0000
vn -0.0000 -0.0000 1.0000
vn -0.0000 0.1841 0.9829
vn 0.8316 0.5553 -0.0000
vn 0.9829 0.1841 -0.0000
vn -0.8316 0.5553 -0.0000
vn -0.9829 0.1841 -0.0000
vn -0.0000 0.5553 -0.8316
vn -0.0000 0.5553 0.8316
vn -0.0000 0.1841 -0.9829
vn -0.0000 -1.0000 -0.0000
vt 0.966797 -0.966797
vt 0.966797 6.517578
vt 0.000000 6.517578
vt 0.000000 -0.966797
vt 7.953125 -0.966797
vt 8.951172 6.519531
vt 8.951172 -0.966797
vt 7.953125 6.519531
vt 0.000000 2.152344
vt 0.966797 2.152344
vt 10.947266 2.152344
vt 10.947266 -0.966797
vt 9.949219 2.152344
vt 9.949219 -0.966797
vt 1.964844 -0.218750
vt 1.216797 3.773438
vt 0.468750 -0.218750
vt 0.466797 -0.218750
vt 2.464844 -0.966797
vt 2.462891 -0.966797
vt 0.134766 1.861328
vt 0.468750 1.861328
vt 0.468750 2.193359
vt 0.134766 2.193359
vt 0.966797 -0.982422
vt 0.000000 0.000000
vt 0.000000 -0.982422
vt 0.966797 0.000000
s 1
usemtl Material_0.047
f 4377/1109/514 4378/1110/514 4379/1111/514
f 4380/1109/514 4381/1111/514 4382/1112/514
f 4383/1112/515 4384/1111/515 4385/1110/515
f 4386/1112/515 4387/1110/515 4388/1109/515
f 4389/1113/516 4390/1114/516 4391/1115/516
f 4392/1113/516 4393/1116/516 4394/1114/516
f 4395/1115/517 4396/1114/517 4397/1116/517
f 4398/1115/517 4399/1116/517 4400/1113/517
f 4401/1109/514 4402/1112/514 4403/1117/514
f 4404/1118/514 4405/1109/514 4406/1117/514
f 4407/1117/515 4408/1112/515 4409/1118/515
f 4410/1112/515 4411/1109/515 4412/1118/515
f 4413/1119/516 4414/1120/516 4415/1121/516
f 4416/1120/516 4417/1122/516 4418/1121/516
f 4419/1122/517 4420/1120/517 4421/1119/517
f 4422/1121/517 4423/1122/517 4424/1119/517
usemtl Material_1.047
f 4425/1123/518 4426/1124/518 4427/1125/518
f 4428/1112/519 4429/1123/519 4430/1126/519
f 4431/1112/519 4432/1127/519 4433/1123/519
f 4434/1124/520 4435/1125/520 4436/1123/520
f 4437/1112/521 4438/1127/521 4439/1123/521
f 4440/1112/521 4441/1123/521 4442/1125/521
f 4443/1124/522 4444/1125/522 4445/1123/522
f 4446/1112/523 4447/1127/523 4448/1125/523
f 4449/1127/523 4450/1123/523 4451/1125/523
f 4452/1123/524 4453/1125/524 4454/1112/524
f 4455/1123/524 4456/1112/524 4457/1128/524
f 4458/1123/525 4459/1124/525 4460/1125/525
f 4461/1129/526 4462/1130/526 4463/1131/526
f 4464/1129/526 4465/1131/526 4466/1132/526
usemtl Material_3.047
f 4467/1133/514 4468/1134/514 4469/1135/514
f 4470/1133/514 4471/1136/514 4468/1134/514
f 4472/1135/515 4473/1136/515 4474/1133/515
f 4475/1135/515 4476/1134/515 4477/1136/515
f 4478/1133/517 4479/1134/517 4480/1135/517
f 4481/1133/517 4482/1136/517 4479/1134/517
f 4483/1135/516 4484/1136/516 4485/1133/516
f 4486/1135/516 4487/1134/516 4488/1136/516
o node.041
v 115.985100 7.340806 -64.349899
v 115.985092 28.893099 -64.349899
v 115.985092 28.893099 -67.226814
v 115.985100 7.340806 -64.349899
v 115.985092 28.893099 -67.226814
v 115.985100 7.340806 -67.226814
v 118.862015 7.340806 -67.226814
v 118.862007 28.893099 -67.226814
v 118.862007 28.893099 -64.349899
v 118.862015 7.340806 -67.226814
v 118.862007 28.893099 -64.349899
v 118.862015 7.340806 -64.349899
v 115.985100 7.340806 -67.226814
v 118.862007 28.893099 -67.226814
v 118.862015 7.340806 -67.226814
v 115.985100 7.340806 -67.226814
v 115.985092 28.893099 -67.226814
v 118.862007 28.893099 -67.226814
v 118.862015 7.340806 -64.349899
v 118.862007 28.893099 -64.349899
v 115.985092 28.893099 -64.349899
v 118.862015 7.340806 -64.349899
v 115.985092 28.893099 -64.349899
v 115.985100 7.340806 -64.349899
v 115.985100 -1.640780 -67.226814
v 115.985100 -1.640780 -64.349899
v 115.985100 7.340806 -64.349899
v 115.985100 7.340806 -67.226814
v 115.985100 -1.640780 -67.226814
v 115.985100 7.340806 -64.349899
v 118.862015 7.340806 -64.349899
v 118.862015 -1.640779 -64.349899
v 118.862015 7.340806 -67.226814
v 118.862015 -1.640779 -64.349899
v 118.862015 -1.640779 -67.226814
v 118.862015 7.340806 -67.226814
v 118.862015 7.340806 -67.226814
v 118.862015 -1.640779 -67.226814
v 115.985100 7.340806 -67.226814
v 118.862015 -1.640779 -67.226814
v 115.985100 -1.640780 -67.226814
v 115.985100 7.340806 -67.226814
v 115.985100 -1.640780 -64.349899
v 118.862015 -1.640779 -64.349899
v 118.862015 7.340806 -64.349899
v 115.985100 7.340806 -64.349899
v 115.985100 -1.640780 -64.349899
v 118.862015 7.340806 -64.349899
v 118.500641 33.562820 -64.711266
v 117.423553 39.313141 -65.788353
v 116.346466 33.562820 -64.711266
v 119.219872 32.485733 -63.992039
v 118.500641 33.562820 -66.865448
v 118.500641 33.562820 -64.711266
v 119.219872 32.485733 -63.992039
v 119.219872 32.485733 -67.584671
v 118.500641 33.562820 -66.865448
v 117.423553 39.313141 -65.788353
v 118.500641 33.562820 -64.711266
v 118.500641 33.562820 -66.865448
v 115.627235 32.485733 -67.584671
v 115.627235 32.485733 -63.992039
v 116.346466 33.562820 -64.711266
v 115.627235 32.485733 -67.584671
v 116.346466 33.562820 -64.711266
v 116.346466 33.562820 -66.865440
v 117.423553 39.313141 -65.788353
v 116.346466 33.562820 -66.865440
v 116.346466 33.562820 -64.711266
v 119.219872 32.485733 -67.584671
v 115.627235 32.485733 -67.584671
v 118.500641 33.562820 -66.865448
v 115.627235 32.485733 -67.584671
v 116.346466 33.562820 -66.865440
v 118.500641 33.562820 -66.865448
v 118.500641 33.562820 -64.711266
v 116.346466 33.562820 -64.711266
v 115.627235 32.485733 -63.992039
v 118.500641 33.562820 -64.711266
v 115.627235 32.485733 -63.992039
v 119.219872 32.485733 -63.992039
v 116.346466 33.562820 -66.865440
v 117.423553 39.313141 -65.788353
v 118.500641 33.562820 -66.865448
v 115.627235 32.485733 -63.992039
v 115.627235 32.485733 -67.584671
v 119.219872 32.485733 -67.584671
v 115.627235 32.485733 -63.992039
v 119.219872 32.485733 -67.584671
v 119.219872 32.485733 -63.992039
v 115.985092 28.893099 -64.349899
v 115.985092 32.485733 -67.226814
v 115.985092 28.893099 -67.226814
v 115.985092 28.893099 -64.349899
v 115.985092 32.485733 -64.349899
v 118.862007 28.893099 -67.226814
v 118.862007 32.485733 -64.349899
v 118.862007 28.893099 -64.349899
v 118.862007 28.893099 -67.226814
v 118.862007 32.485733 -67.226814
v 118.862007 32.485733 -64.349899
v 118.862007 28.893099 -64.349899
v 115.985092 32.485733 -64.349899
v 115.985092 28.893099 -64.349899
v 118.862007 28.893099 -64.349899
v 118.862007 32.485733 -64.349899
v 115.985092 28.893099 -67.226814
v 118.862007 32.485733 -67.226814
v 118.862007 28.893099 -67.226814
v 115.985092 28.893099 -67.226814
v 115.985092 32.485733 -67.226814
v 118.862007 32.485733 -67.226814
vn -1.0000 -0.0000 -0.0000
vn 1.0000 -0.0000 -0.0000
vn -0.0000 -0.0000 -1.0000
vn -0.0000 -0.0000 1.0000
vn -0.0000 0.1841 0.9829
vn 0.8316 0.5553 -0.0000
vn 0.9829 0.1841 -0.0000
vn -0.8316 0.5553 -0.0000
vn -0.9829 0.1841 -0.0000
vn -0.0000 0.5553 -0.8316
vn -0.0000 0.5553 0.8316
vn -0.0000 0.1841 -0.9829
vn -0.0000 -1.0000 -0.0000
vt 0.966797 -0.966797
vt 0.966797 6.517578
vt 0.000000 6.517578
vt 0.000000 -0.966797
vt 7.953125 -0.966797
vt 8.951172 6.519531
vt 8.951172 -0.966797
vt 7.953125 6.519531
vt 0.000000 2.152344
vt 0.966797 2.152344
vt 10.947266 2.152344
vt 10.947266 -0.966797
vt 9.949219 2.152344
vt 9.949219 -0.966797
vt 1.964844 -0.218750
vt 1.216797 3.773438
vt 0.468750 -0.218750
vt 0.466797 -0.218750
vt 2.464844 -0.966797
vt 2.462891 -0.966797
vt 0.134766 1.861328
vt 0.468750 1.861328
vt 0.468750 2.193359
vt 0.134766 2.193359
vt 0.966797 -0.982422
vt 0.000000 0.000000
vt 0.000000 -0.982422
vt 0.966797 0.000000
s 1
usemtl Material_0.048
f 4489/1137/527 4490/1138/527 4491/1139/527
f 4492/1137/527 4493/1139/527 4494/1140/527
f 4495/1140/528 4496/1139/528 4497/1138/528
f 4498/1140/528 4499/1138/528 4500/1137/528
f 4501/1141/529 4502/1142/529 4503/1143/529
f 4504/1141/529 4505/1144/529 4506/1142/529
f 4507/1143/530 4508/1142/530 4509/1144/530
f 4510/1143/530 4511/1144/530 4512/1141/530
f 4513/1137/527 4514/1140/527 4515/1145/527
f 4516/1146/527 4517/1137/527 4518/1145/527
f 4519/1145/528 4520/1140/528 4521/1146/528
f 4522/1140/528 4523/1137/528 4524/1146/528
f 4525/1147/529 4526/1148/529 4527/1149/529
f 4528/1148/529 4529/1150/529 4530/1149/529
f 4531/1150/530 4532/1148/530 4533/1147/530
f 4534/1149/530 4535/1150/530 4536/1147/530
usemtl Material_1.048
f 4537/1151/531 4538/1152/531 4539/1153/531
f 4540/1140/532 4541/1151/532 4542/1154/532
f 4543/1140/532 4544/1155/532 4545/1151/532
f 4546/1152/533 4547/1153/533 4548/1151/533
f 4549/1140/534 4550/1155/534 4551/1151/534
f 4552/1140/534 4553/1151/534 4554/1153/534
f 4555/1152/535 4556/1153/535 4557/1151/535
f 4558/1140/536 4559/1155/536 4560/1153/536
f 4561/1155/536 4562/1151/536 4563/1153/536
f 4564/1151/537 4565/1153/537 4566/1140/537
f 4567/1151/537 4568/1140/537 4569/1156/537
f 4570/1151/538 4571/1152/538 4572/1153/538
f 4573/1157/539 4574/1158/539 4575/1159/539
f 4576/1157/539 4577/1159/539 4578/1160/539
usemtl Material_3.048
f 4579/1161/527 4580/1162/527 4581/1163/527
f 4582/1161/527 4583/1164/527 4580/1162/527
f 4584/1163/528 4585/1164/528 4586/1161/528
f 4587/1163/528 4588/1162/528 4589/1164/528
f 4590/1161/530 4591/1162/530 4592/1163/530
f 4593/1161/530 4594/1164/530 4591/1162/530
f 4595/1163/529 4596/1164/529 4597/1161/529
f 4598/1163/529 4599/1162/529 4600/1164/529
o node.042
v 115.985100 7.340806 -72.198181
v 115.985092 28.893099 -72.198181
v 115.985092 28.893099 -75.075096
v 115.985100 7.340806 -72.198181
v 115.985092 28.893099 -75.075096
v 115.985100 7.340806 -75.075096
v 118.862015 7.340806 -75.075096
v 118.862007 28.893099 -75.075096
v 118.862007 28.893099 -72.198181
v 118.862015 7.340806 -75.075096
v 118.862007 28.893099 -72.198181
v 118.862015 7.340806 -72.198181
v 115.985100 7.340806 -75.075096
v 118.862007 28.893099 -75.075096
v 118.862015 7.340806 -75.075096
v 115.985100 7.340806 -75.075096
v 115.985092 28.893099 -75.075096
v 118.862007 28.893099 -75.075096
v 118.862015 7.340806 -72.198181
v 118.862007 28.893099 -72.198181
v 115.985092 28.893099 -72.198181
v 118.862015 7.340806 -72.198181
v 115.985092 28.893099 -72.198181
v 115.985100 7.340806 -72.198181
v 115.985100 -1.640780 -75.075096
v 115.985100 -1.640780 -72.198181
v 115.985100 7.340806 -72.198181
v 115.985100 7.340806 -75.075096
v 115.985100 -1.640780 -75.075096
v 115.985100 7.340806 -72.198181
v 118.862015 7.340806 -72.198181
v 118.862015 -1.640779 -72.198181
v 118.862015 7.340806 -75.075096
v 118.862015 -1.640779 -72.198181
v 118.862015 -1.640779 -75.075096
v 118.862015 7.340806 -75.075096
v 118.862015 7.340806 -75.075096
v 118.862015 -1.640779 -75.075096
v 115.985100 7.340806 -75.075096
v 118.862015 -1.640779 -75.075096
v 115.985100 -1.640780 -75.075096
v 115.985100 7.340806 -75.075096
v 115.985100 -1.640780 -72.198181
v 118.862015 -1.640779 -72.198181
v 118.862015 7.340806 -72.198181
v 115.985100 7.340806 -72.198181
v 115.985100 -1.640780 -72.198181
v 118.862015 7.340806 -72.198181
v 118.500641 33.562820 -72.559547
v 117.423553 39.313141 -73.636635
v 116.346466 33.562820 -72.559547
v 119.219872 32.485733 -71.840317
v 118.500641 33.562820 -74.713730
v 118.500641 33.562820 -72.559547
v 119.219872 32.485733 -71.840317
v 119.219872 32.485733 -75.432953
v 118.500641 33.562820 -74.713730
v 117.423553 39.313141 -73.636635
v 118.500641 33.562820 -72.559547
v 118.500641 33.562820 -74.713730
v 115.627235 32.485733 -75.432953
v 115.627235 32.485733 -71.840317
v 116.346466 33.562820 -72.559547
v 115.627235 32.485733 -75.432953
v 116.346466 33.562820 -72.559547
v 116.346466 33.562820 -74.713722
v 117.423553 39.313141 -73.636635
v 116.346466 33.562820 -74.713722
v 116.346466 33.562820 -72.559547
v 119.219872 32.485733 -75.432953
v 115.627235 32.485733 -75.432953
v 118.500641 33.562820 -74.713730
v 115.627235 32.485733 -75.432953
v 116.346466 33.562820 -74.713722
v 118.500641 33.562820 -74.713730
v 118.500641 33.562820 -72.559547
v 116.346466 33.562820 -72.559547
v 115.627235 32.485733 -71.840317
v 118.500641 33.562820 -72.559547
v 115.627235 32.485733 -71.840317
v 119.219872 32.485733 -71.840317
v 116.346466 33.562820 -74.713722
v 117.423553 39.313141 -73.636635
v 118.500641 33.562820 -74.713730
v 115.627235 32.485733 -71.840317
v 115.627235 32.485733 -75.432953
v 119.219872 32.485733 -75.432953
v 115.627235 32.485733 -71.840317
v 119.219872 32.485733 -75.432953
v 119.219872 32.485733 -71.840317
v 115.985092 28.893099 -72.198181
v 115.985092 32.485733 -75.075096
v 115.985092 28.893099 -75.075096
v 115.985092 28.893099 -72.198181
v 115.985092 32.485733 -72.198181
v 118.862007 28.893099 -75.075096
v 118.862007 32.485733 -72.198181
v 118.862007 28.893099 -72.198181
v 118.862007 28.893099 -75.075096
v 118.862007 32.485733 -75.075096
v 118.862007 32.485733 -72.198181
v 118.862007 28.893099 -72.198181
v 115.985092 32.485733 -72.198181
v 115.985092 28.893099 -72.198181
v 118.862007 28.893099 -72.198181
v 118.862007 32.485733 -72.198181
v 115.985092 28.893099 -75.075096
v 118.862007 32.485733 -75.075096
v 118.862007 28.893099 -75.075096
v 115.985092 28.893099 -75.075096
v 115.985092 32.485733 -75.075096
v 118.862007 32.485733 -75.075096
vn -1.0000 -0.0000 -0.0000
vn 1.0000 -0.0000 -0.0000
vn -0.0000 -0.0000 -1.0000
vn -0.0000 -0.0000 1.0000
vn -0.0000 0.1841 0.9829
vn 0.8316 0.5553 -0.0000
vn 0.9829 0.1841 -0.0000
vn -0.8316 0.5553 -0.0000
vn -0.9829 0.1841 -0.0000
vn -0.0000 0.5553 -0.8316
vn -0.0000 0.5553 0.8316
vn -0.0000 0.1841 -0.9829
vn -0.0000 -1.0000 -0.0000
vt 0.966797 -0.966797
vt 0.966797 6.517578
vt 0.000000 6.517578
vt 0.000000 -0.966797
vt 7.953125 -0.966797
vt 8.951172 6.519531
vt 8.951172 -0.966797
vt 7.953125 6.519531
vt 0.000000 2.152344
vt 0.966797 2.152344
vt 10.947266 2.152344
vt 10.947266 -0.966797
vt 9.949219 2.152344
vt 9.949219 -0.966797
vt 1.964844 -0.218750
vt 1.216797 3.773438
vt 0.468750 -0.218750
vt 0.466797 -0.218750
vt 2.464844 -0.966797
vt 2.462891 -0.966797
vt 0.134766 1.861328
vt 0.468750 1.861328
vt 0.468750 2.193359
vt 0.134766 2.193359
vt 0.966797 -0.982422
vt 0.000000 0.000000
vt 0.000000 -0.982422
vt 0.966797 0.000000
s 1
usemtl Material_0.049
f 4601/1165/540 4602/1166/540 4603/1167/540
f 4604/1165/540 4605/1167/540 4606/1168/540
f 4607/1168/541 4608/1167/541 4609/1166/541
f 4610/1168/541 4611/1166/541 4612/1165/541
f 4613/1169/542 4614/1170/542 4615/1171/542
f 4616/1169/542 4617/1172/542 4618/1170/542
f 4619/1171/543 4620/1170/543 4621/1172/543
f 4622/1171/543 4623/1172/543 4624/1169/543
f 4625/1165/540 4626/1168/540 4627/1173/540
f 4628/1174/540 4629/1165/540 4630/1173/540
f 4631/1173/541 4632/1168/541 4633/1174/541
f 4634/1168/541 4635/1165/541 4636/1174/541
f 4637/1175/542 4638/1176/542 4639/1177/542
f 4640/1176/542 4641/1178/542 4642/1177/542
f 4643/1178/543 4644/1176/543 4645/1175/543
f 4646/1177/543 4647/1178/543 4648/1175/543
usemtl Material_1.049
f 4649/1179/544 4650/1180/544 4651/1181/544
f 4652/1168/545 4653/1179/545 4654/1182/545
f 4655/1168/545 4656/1183/545 4657/1179/545
f 4658/1180/546 4659/1181/546 4660/1179/546
f 4661/1168/547 4662/1183/547 4663/1179/547
f 4664/1168/547 4665/1179/547 4666/1181/547
f 4667/1180/548 4668/1181/548 4669/1179/548
f 4670/1168/549 4671/1183/549 4672/1181/549
f 4673/1183/549 4674/1179/549 4675/1181/549
f 4676/1179/550 4677/1181/550 4678/1168/550
f 4679/1179/550 4680/1168/550 4681/1184/550
f 4682/1179/551 4683/1180/551 4684/1181/551
f 4685/1185/552 4686/1186/552 4687/1187/552
f 4688/1185/552 4689/1187/552 4690/1188/552
usemtl Material_3.049
f 4691/1189/540 4692/1190/540 4693/1191/540
f 4694/1189/540 4695/1192/540 4692/1190/540
f 4696/1191/541 4697/1192/541 4698/1189/541
f 4699/1191/541 4700/1190/541 4701/1192/541
f 4702/1189/543 4703/1190/543 4704/1191/543
f 4705/1189/543 4706/1192/543 4703/1190/543
f 4707/1191/542 4708/1192/542 4709/1189/542
f 4710/1191/542 4711/1190/542 4712/1192/542
o node.043
v 115.985100 7.340806 -79.976532
v 115.985092 28.893099 -79.976532
v 115.985092 28.893099 -82.853447
v 115.985100 7.340806 -79.976532
v 115.985092 28.893099 -82.853447
v 115.985100 7.340806 -82.853447
v 118.862015 7.340806 -82.853447
v 118.862007 28.893099 -82.853447
v 118.862007 28.893099 -79.976532
v 118.862015 7.340806 -82.853447
v 118.862007 28.893099 -79.976532
v 118.862015 7.340806 -79.976532
v 115.985100 7.340806 -82.853447
v 118.862007 28.893099 -82.853447
v 118.862015 7.340806 -82.853447
v 115.985100 7.340806 -82.853447
v 115.985092 28.893099 -82.853447
v 118.862007 28.893099 -82.853447
v 118.862015 7.340806 -79.976532
v 118.862007 28.893099 -79.976532
v 115.985092 28.893099 -79.976532
v 118.862015 7.340806 -79.976532
v 115.985092 28.893099 -79.976532
v 115.985100 7.340806 -79.976532
v 115.985100 -1.640780 -82.853447
v 115.985100 -1.640780 -79.976532
v 115.985100 7.340806 -79.976532
v 115.985100 7.340806 -82.853447
v 115.985100 -1.640780 -82.853447
v 115.985100 7.340806 -79.976532
v 118.862015 7.340806 -79.976532
v 118.862015 -1.640779 -79.976532
v 118.862015 7.340806 -82.853447
v 118.862015 -1.640779 -79.976532
v 118.862015 -1.640779 -82.853447
v 118.862015 7.340806 -82.853447
v 118.862015 7.340806 -82.853447
v 118.862015 -1.640779 -82.853447
v 115.985100 7.340806 -82.853447
v 118.862015 -1.640779 -82.853447
v 115.985100 -1.640780 -82.853447
v 115.985100 7.340806 -82.853447
v 115.985100 -1.640780 -79.976532
v 118.862015 -1.640779 -79.976532
v 118.862015 7.340806 -79.976532
v 115.985100 7.340806 -79.976532
v 115.985100 -1.640780 -79.976532
v 118.862015 7.340806 -79.976532
v 118.500641 33.562820 -80.337898
v 117.423553 39.313141 -81.414986
v 116.346466 33.562820 -80.337898
v 119.219872 32.485733 -79.618668
v 118.500641 33.562820 -82.492081
v 118.500641 33.562820 -80.337898
v 119.219872 32.485733 -79.618668
v 119.219872 32.485733 -83.211304
v 118.500641 33.562820 -82.492081
v 117.423553 39.313141 -81.414986
v 118.500641 33.562820 -80.337898
v 118.500641 33.562820 -82.492081
v 115.627235 32.485733 -83.211304
v 115.627235 32.485733 -79.618668
v 116.346466 33.562820 -80.337898
v 115.627235 32.485733 -83.211304
v 116.346466 33.562820 -80.337898
v 116.346466 33.562820 -82.492073
v 117.423553 39.313141 -81.414986
v 116.346466 33.562820 -82.492073
v 116.346466 33.562820 -80.337898
v 119.219872 32.485733 -83.211304
v 115.627235 32.485733 -83.211304
v 118.500641 33.562820 -82.492081
v 115.627235 32.485733 -83.211304
v 116.346466 33.562820 -82.492073
v 118.500641 33.562820 -82.492081
v 118.500641 33.562820 -80.337898
v 116.346466 33.562820 -80.337898
v 115.627235 32.485733 -79.618668
v 118.500641 33.562820 -80.337898
v 115.627235 32.485733 -79.618668
v 119.219872 32.485733 -79.618668
v 116.346466 33.562820 -82.492073
v 117.423553 39.313141 -81.414986
v 118.500641 33.562820 -82.492081
v 115.627235 32.485733 -79.618668
v 115.627235 32.485733 -83.211304
v 119.219872 32.485733 -83.211304
v 115.627235 32.485733 -79.618668
v 119.219872 32.485733 -83.211304
v 119.219872 32.485733 -79.618668
v 115.985092 28.893099 -79.976532
v 115.985092 32.485733 -82.853447
v 115.985092 28.893099 -82.853447
v 115.985092 28.893099 -79.976532
v 115.985092 32.485733 -79.976532
v 118.862007 28.893099 -82.853447
v 118.862007 32.485733 -79.976532
v 118.862007 28.893099 -79.976532
v 118.862007 28.893099 -82.853447
v 118.862007 32.485733 -82.853447
v 118.862007 32.485733 -79.976532
v 118.862007 28.893099 -79.976532
v 115.985092 32.485733 -79.976532
v 115.985092 28.893099 -79.976532
v 118.862007 28.893099 -79.976532
v 118.862007 32.485733 -79.976532
v 115.985092 28.893099 -82.853447
v 118.862007 32.485733 -82.853447
v 118.862007 28.893099 -82.853447
v 115.985092 28.893099 -82.853447
v 115.985092 32.485733 -82.853447
v 118.862007 32.485733 -82.853447
vn -1.0000 -0.0000 -0.0000
vn 1.0000 -0.0000 -0.0000
vn -0.0000 -0.0000 -1.0000
vn -0.0000 -0.0000 1.0000
vn -0.0000 0.1841 0.9829
vn 0.8316 0.5553 -0.0000
vn 0.9829 0.1841 -0.0000
vn -0.8316 0.5553 -0.0000
vn -0.9829 0.1841 -0.0000
vn -0.0000 0.5553 -0.8316
vn -0.0000 0.5553 0.8316
vn -0.0000 0.1841 -0.9829
vn -0.0000 -1.0000 -0.0000
vt 0.966797 -0.966797
vt 0.966797 6.517578
vt 0.000000 6.517578
vt 0.000000 -0.966797
vt 7.953125 -0.966797
vt 8.951172 6.519531
vt 8.951172 -0.966797
vt 7.953125 6.519531
vt 0.000000 2.152344
vt 0.966797 2.152344
vt 10.947266 2.152344
vt 10.947266 -0.966797
vt 9.949219 2.152344
vt 9.949219 -0.966797
vt 1.964844 -0.218750
vt 1.216797 3.773438
vt 0.468750 -0.218750
vt 0.466797 -0.218750
vt 2.464844 -0.966797
vt 2.462891 -0.966797
vt 0.134766 1.861328
vt 0.468750 1.861328
vt 0.468750 2.193359
vt 0.134766 2.193359
vt 0.966797 -0.982422
vt 0.000000 0.000000
vt 0.000000 -0.982422
vt 0.966797 0.000000
s 1
usemtl Material_0.050
f 4713/1193/553 4714/1194/553 4715/1195/553
f 4716/1193/553 4717/1195/553 4718/1196/553
f 4719/1196/554 4720/1195/554 4721/1194/554
f 4722/1196/554 4723/1194/554 4724/1193/554
f 4725/1197/555 4726/1198/555 4727/1199/555
f 4728/1197/555 4729/1200/555 4730/1198/555
f 4731/1199/556 4732/1198/556 4733/1200/556
f 4734/1199/556 4735/1200/556 4736/1197/556
f 4737/1193/553 4738/1196/553 4739/1201/553
f 4740/1202/553 4741/1193/553 4742/1201/553
f 4743/1201/554 4744/1196/554 4745/1202/554
f 4746/1196/554 4747/1193/554 4748/1202/554
f 4749/1203/555 4750/1204/555 4751/1205/555
f 4752/1204/555 4753/1206/555 4754/1205/555
f 4755/1206/556 4756/1204/556 4757/1203/556
f 4758/1205/556 4759/1206/556 4760/1203/556
usemtl Material_1.050
f 4761/1207/557 4762/1208/557 4763/1209/557
f 4764/1196/558 4765/1207/558 4766/1210/558
f 4767/1196/558 4768/1211/558 4769/1207/558
f 4770/1208/559 4771/1209/559 4772/1207/559
f 4773/1196/560 4774/1211/560 4775/1207/560
f 4776/1196/560 4777/1207/560 4778/1209/560
f 4779/1208/561 4780/1209/561 4781/1207/561
f 4782/1196/562 4783/1211/562 4784/1209/562
f 4785/1211/562 4786/1207/562 4787/1209/562
f 4788/1207/563 4789/1209/563 4790/1196/563
f 4791/1207/563 4792/1196/563 4793/1212/563
f 4794/1207/564 4795/1208/564 4796/1209/564
f 4797/1213/565 4798/1214/565 4799/1215/565
f 4800/1213/565 4801/1215/565 4802/1216/565
usemtl Material_3.050
f 4803/1217/553 4804/1218/553 4805/1219/553
f 4806/1217/553 4807/1220/553 4804/1218/553
f 4808/1219/554 4809/1220/554 4810/1217/554
f 4811/1219/554 4812/1218/554 4813/1220/554
f 4814/1217/556 4815/1218/556 4816/1219/556
f 4817/1217/556 4818/1220/556 4815/1218/556
f 4819/1219/555 4820/1220/555 4821/1217/555
f 4822/1219/555 4823/1218/555 4824/1220/555
o node.044
v 115.985100 7.340806 -88.658798
v 115.985092 28.893099 -88.658798
v 115.985092 28.893099 -91.535713
v 115.985100 7.340806 -88.658798
v 115.985092 28.893099 -91.535713
v 115.985100 7.340806 -91.535713
v 118.862015 7.340806 -91.535713
v 118.862007 28.893099 -91.535713
v 118.862007 28.893099 -88.658798
v 118.862015 7.340806 -91.535713
v 118.862007 28.893099 -88.658798
v 118.862015 7.340806 -88.658798
v 115.985100 7.340806 -91.535713
v 118.862007 28.893099 -91.535713
v 118.862015 7.340806 -91.535713
v 115.985100 7.340806 -91.535713
v 115.985092 28.893099 -91.535713
v 118.862007 28.893099 -91.535713
v 118.862015 7.340806 -88.658798
v 118.862007 28.893099 -88.658798
v 115.985092 28.893099 -88.658798
v 118.862015 7.340806 -88.658798
v 115.985092 28.893099 -88.658798
v 115.985100 7.340806 -88.658798
v 115.985100 -1.640780 -91.535713
v 115.985100 -1.640780 -88.658798
v 115.985100 7.340806 -88.658798
v 115.985100 7.340806 -91.535713
v 115.985100 -1.640780 -91.535713
v 115.985100 7.340806 -88.658798
v 118.862015 7.340806 -88.658798
v 118.862015 -1.640779 -88.658798
v 118.862015 7.340806 -91.535713
v 118.862015 -1.640779 -88.658798
v 118.862015 -1.640779 -91.535713
v 118.862015 7.340806 -91.535713
v 118.862015 7.340806 -91.535713
v 118.862015 -1.640779 -91.535713
v 115.985100 7.340806 -91.535713
v 118.862015 -1.640779 -91.535713
v 115.985100 -1.640780 -91.535713
v 115.985100 7.340806 -91.535713
v 115.985100 -1.640780 -88.658798
v 118.862015 -1.640779 -88.658798
v 118.862015 7.340806 -88.658798
v 115.985100 7.340806 -88.658798
v 115.985100 -1.640780 -88.658798
v 118.862015 7.340806 -88.658798
v 118.500641 33.562820 -89.020164
v 117.423553 39.313141 -90.097252
v 116.346466 33.562820 -89.020164
v 119.219872 32.485733 -88.300934
v 118.500641 33.562820 -91.174347
v 118.500641 33.562820 -89.020164
v 119.219872 32.485733 -88.300934
v 119.219872 32.485733 -91.893570
v 118.500641 33.562820 -91.174347
v 117.423553 39.313141 -90.097252
v 118.500641 33.562820 -89.020164
v 118.500641 33.562820 -91.174347
v 115.627235 32.485733 -91.893570
v 115.627235 32.485733 -88.300934
v 116.346466 33.562820 -89.020164
v 115.627235 32.485733 -91.893570
v 116.346466 33.562820 -89.020164
v 116.346466 33.562820 -91.174339
v 117.423553 39.313141 -90.097252
v 116.346466 33.562820 -91.174339
v 116.346466 33.562820 -89.020164
v 119.219872 32.485733 -91.893570
v 115.627235 32.485733 -91.893570
v 118.500641 33.562820 -91.174347
v 115.627235 32.485733 -91.893570
v 116.346466 33.562820 -91.174339
v 118.500641 33.562820 -91.174347
v 118.500641 33.562820 -89.020164
v 116.346466 33.562820 -89.020164
v 115.627235 32.485733 -88.300934
v 118.500641 33.562820 -89.020164
v 115.627235 32.485733 -88.300934
v 119.219872 32.485733 -88.300934
v 116.346466 33.562820 -91.174339
v 117.423553 39.313141 -90.097252
v 118.500641 33.562820 -91.174347
v 115.627235 32.485733 -88.300934
v 115.627235 32.485733 -91.893570
v 119.219872 32.485733 -91.893570
v 115.627235 32.485733 -88.300934
v 119.219872 32.485733 -91.893570
v 119.219872 32.485733 -88.300934
v 115.985092 28.893099 -88.658798
v 115.985092 32.485733 -91.535713
v 115.985092 28.893099 -91.535713
v 115.985092 28.893099 -88.658798
v 115.985092 32.485733 -88.658798
v 118.862007 28.893099 -91.535713
v 118.862007 32.485733 -88.658798
v 118.862007 28.893099 -88.658798
v 118.862007 28.893099 -91.535713
v 118.862007 32.485733 -91.535713
v 118.862007 32.485733 -88.658798
v 118.862007 28.893099 -88.658798
v 115.985092 32.485733 -88.658798
v 115.985092 28.893099 -88.658798
v 118.862007 28.893099 -88.658798
v 118.862007 32.485733 -88.658798
v 115.985092 28.893099 -91.535713
v 118.862007 32.485733 -91.535713
v 118.862007 28.893099 -91.535713
v 115.985092 28.893099 -91.535713
v 115.985092 32.485733 -91.535713
v 118.862007 32.485733 -91.535713
vn -1.0000 -0.0000 -0.0000
vn 1.0000 -0.0000 -0.0000
vn -0.0000 -0.0000 -1.0000
vn -0.0000 -0.0000 1.0000
vn -0.0000 0.1841 0.9829
vn 0.8316 0.5553 -0.0000
vn 0.9829 0.1841 -0.0000
vn -0.8316 0.5553 -0.0000
vn -0.9829 0.1841 -0.0000
vn -0.0000 0.5553 -0.8316
vn -0.0000 0.5553 0.8316
vn -0.0000 0.1841 -0.9829
vn -0.0000 -1.0000 -0.0000
vt 0.966797 -0.966797
vt 0.966797 6.517578
vt 0.000000 6.517578
vt 0.000000 -0.966797
vt 7.953125 -0.966797
vt 8.951172 6.519531
vt 8.951172 -0.966797
vt 7.953125 6.519531
vt 0.000000 2.152344
vt 0.966797 2.152344
vt 10.947266 2.152344
vt 10.947266 -0.966797
vt 9.949219 2.152344
vt 9.949219 -0.966797
vt 1.964844 -0.218750
vt 1.216797 3.773438
vt 0.468750 -0.218750
vt 0.466797 -0.218750
vt 2.464844 -0.966797
vt 2.462891 -0.966797
vt 0.134766 1.861328
vt 0.468750 1.861328
vt 0.468750 2.193359
vt 0.134766 2.193359
vt 0.966797 -0.982422
vt 0.000000 0.000000
vt 0.000000 -0.982422
vt 0.966797 0.000000
s 1
usemtl Material_0.051
f 4825/1221/566 4826/1222/566 4827/1223/566
f 4828/1221/566 4829/1223/566 4830/1224/566
f 4831/1224/567 4832/1223/567 4833/1222/567
f 4834/1224/567 4835/1222/567 4836/1221/567
f 4837/1225/568 4838/1226/568 4839/1227/568
f 4840/1225/568 4841/1228/568 4842/1226/568
f 4843/1227/569 4844/1226/569 4845/1228/569
f 4846/1227/569 4847/1228/569 4848/1225/569
f 4849/1221/566 4850/1224/566 4851/1229/566
f 4852/1230/566 4853/1221/566 4854/1229/566
f 4855/1229/567 4856/1224/567 4857/1230/567
f 4858/1224/567 4859/1221/567 4860/1230/567
f 4861/1231/568 4862/1232/568 4863/1233/568
f 4864/1232/568 4865/1234/568 4866/1233/568
f 4867/1234/569 4868/1232/569 4869/1231/569
f 4870/1233/569 4871/1234/569 4872/1231/569
usemtl Material_1.051
f 4873/1235/570 4874/1236/570 4875/1237/570
f 4876/1224/571 4877/1235/571 4878/1238/571
f 4879/1224/571 4880/1239/571 4881/1235/571
f 4882/1236/572 4883/1237/572 4884/1235/572
f 4885/1224/573 4886/1239/573 4887/1235/573
f 4888/1224/573 4889/1235/573 4890/1237/573
f 4891/1236/574 4892/1237/574 4893/1235/574
f 4894/1224/575 4895/1239/575 4896/1237/575
f 4897/1239/575 4898/1235/575 4899/1237/575
f 4900/1235/576 4901/1237/576 4902/1224/576
f 4903/1235/576 4904/1224/576 4905/1240/576
f 4906/1235/577 4907/1236/577 4908/1237/577
f 4909/1241/578 4910/1242/578 4911/1243/578
f 4912/1241/578 4913/1243/578 4914/1244/578
usemtl Material_3.051
f 4915/1245/566 4916/1246/566 4917/1247/566
f 4918/1245/566 4919/1248/566 4916/1246/566
f 4920/1247/567 4921/1248/567 4922/1245/567
f 4923/1247/567 4924/1246/567 4925/1248/567
f 4926/1245/569 4927/1246/569 4928/1247/569
f 4929/1245/569 4930/1248/569 4927/1246/569
f 4931/1247/568 4932/1248/568 4933/1245/568
f 4934/1247/568 4935/1246/568 4936/1248/568
o node.045
v 115.985100 7.340806 -96.609756
v 115.985092 28.893099 -96.609756
v 115.985092 28.893099 -99.486671
v 115.985100 7.340806 -96.609756
v 115.985092 28.893099 -99.486671
v 115.985100 7.340806 -99.486671
v 118.862015 7.340806 -99.486671
v 118.862007 28.893099 -99.486671
v 118.862007 28.893099 -96.609756
v 118.862015 7.340806 -99.486671
v 118.862007 28.893099 -96.609756
v 118.862015 7.340806 -96.609756
v 115.985100 7.340806 -99.486671
v 118.862007 28.893099 -99.486671
v 118.862015 7.340806 -99.486671
v 115.985100 7.340806 -99.486671
v 115.985092 28.893099 -99.486671
v 118.862007 28.893099 -99.486671
v 118.862015 7.340806 -96.609756
v 118.862007 28.893099 -96.609756
v 115.985092 28.893099 -96.609756
v 118.862015 7.340806 -96.609756
v 115.985092 28.893099 -96.609756
v 115.985100 7.340806 -96.609756
v 115.985100 -1.640780 -99.486671
v 115.985100 -1.640780 -96.609756
v 115.985100 7.340806 -96.609756
v 115.985100 7.340806 -99.486671
v 115.985100 -1.640780 -99.486671
v 115.985100 7.340806 -96.609756
v 118.862015 7.340806 -96.609756
v 118.862015 -1.640779 -96.609756
v 118.862015 7.340806 -99.486671
v 118.862015 -1.640779 -96.609756
v 118.862015 -1.640779 -99.486671
v 118.862015 7.340806 -99.486671
v 118.862015 7.340806 -99.486671
v 118.862015 -1.640779 -99.486671
v 115.985100 7.340806 -99.486671
v 118.862015 -1.640779 -99.486671
v 115.985100 -1.640780 -99.486671
v 115.985100 7.340806 -99.486671
v 115.985100 -1.640780 -96.609756
v 118.862015 -1.640779 -96.609756
v 118.862015 7.340806 -96.609756
v 115.985100 7.340806 -96.609756
v 115.985100 -1.640780 -96.609756
v 118.862015 7.340806 -96.609756
v 118.500641 33.562820 -96.971123
v 117.423553 39.313141 -98.048210
v 116.346466 33.562820 -96.971123
v 119.219872 32.485733 -96.251892
v 118.500641 33.562820 -99.125305
v 118.500641 33.562820 -96.971123
v 119.219872 32.485733 -96.251892
v 119.219872 32.485733 -99.844528
v 118.500641 33.562820 -99.125305
v 117.423553 39.313141 -98.048210
v 118.500641 33.562820 -96.971123
v 118.500641 33.562820 -99.125305
v 115.627235 32.485733 -99.844528
v 115.627235 32.485733 -96.251892
v 116.346466 33.562820 -96.971123
v 115.627235 32.485733 -99.844528
v 116.346466 33.562820 -96.971123
v 116.346466 33.562820 -99.125298
v 117.423553 39.313141 -98.048210
v 116.346466 33.562820 -99.125298
v 116.346466 33.562820 -96.971123
v 119.219872 32.485733 -99.844528
v 115.627235 32.485733 -99.844528
v 118.500641 33.562820 -99.125305
v 115.627235 32.485733 -99.844528
v 116.346466 33.562820 -99.125298
v 118.500641 33.562820 -99.125305
v 118.500641 33.562820 -96.971123
v 116.346466 33.562820 -96.971123
v 115.627235 32.485733 -96.251892
v 118.500641 33.562820 -96.971123
v 115.627235 32.485733 -96.251892
v 119.219872 32.485733 -96.251892
v 116.346466 33.562820 -99.125298
v 117.423553 39.313141 -98.048210
v 118.500641 33.562820 -99.125305
v 115.627235 32.485733 -96.251892
v 115.627235 32.485733 -99.844528
v 119.219872 32.485733 -99.844528
v 115.627235 32.485733 -96.251892
v 119.219872 32.485733 -99.844528
v 119.219872 32.485733 -96.251892
v 115.985092 28.893099 -96.609756
v 115.985092 32.485733 -99.486671
v 115.985092 28.893099 -99.486671
v 115.985092 28.893099 -96.609756
v 115.985092 32.485733 -96.609756
v 118.862007 28.893099 -99.486671
v 118.862007 32.485733 -96.609756
v 118.862007 28.893099 -96.609756
v 118.862007 28.893099 -99.486671
v 118.862007 32.485733 -99.486671
v 118.862007 32.485733 -96.609756
v 118.862007 28.893099 -96.609756
v 115.985092 32.485733 -96.609756
v 115.985092 28.893099 -96.609756
v 118.862007 28.893099 -96.609756
v 118.862007 32.485733 -96.609756
v 115.985092 28.893099 -99.486671
v 118.862007 32.485733 -99.486671
v 118.862007 28.893099 -99.486671
v 115.985092 28.893099 -99.486671
v 115.985092 32.485733 -99.486671
v 118.862007 32.485733 -99.486671
vn -1.0000 -0.0000 -0.0000
vn 1.0000 -0.0000 -0.0000
vn -0.0000 -0.0000 -1.0000
vn -0.0000 -0.0000 1.0000
vn -0.0000 0.1841 0.9829
vn 0.8316 0.5553 -0.0000
vn 0.9829 0.1841 -0.0000
vn -0.8316 0.5553 -0.0000
vn -0.9829 0.1841 -0.0000
vn -0.0000 0.5553 -0.8316
vn -0.0000 0.5553 0.8316
vn -0.0000 0.1841 -0.9829
vn -0.0000 -1.0000 -0.0000
vt 0.966797 -0.966797
vt 0.966797 6.517578
vt 0.000000 6.517578
vt 0.000000 -0.966797
vt 7.953125 -0.966797
vt 8.951172 6.519531
vt 8.951172 -0.966797
vt 7.953125 6.519531
vt 0.000000 2.152344
vt 0.966797 2.152344
vt 10.947266 2.152344
vt 10.947266 -0.966797
vt 9.949219 2.152344
vt 9.949219 -0.966797
vt 1.964844 -0.218750
vt 1.216797 3.773438
vt 0.468750 -0.218750
vt 0.466797 -0.218750
vt 2.464844 -0.966797
vt 2.462891 -0.966797
vt 0.134766 1.861328
vt 0.468750 1.861328
vt 0.468750 2.193359
vt 0.134766 2.193359
vt 0.966797 -0.982422
vt 0.000000 0.000000
vt 0.000000 -0.982422
vt 0.966797 0.000000
s 1
usemtl Material_0.052
f 4937/1249/579 4938/1250/579 4939/1251/579
f 4940/1249/579 4941/1251/579 4942/1252/579
f 4943/1252/580 4944/1251/580 4945/1250/580
f 4946/1252/580 4947/1250/580 4948/1249/580
f 4949/1253/581 4950/1254/581 4951/1255/581
f 4952/1253/581 4953/1256/581 4954/1254/581
f 4955/1255/582 4956/1254/582 4957/1256/582
f 4958/1255/582 4959/1256/582 4960/1253/582
f 4961/1249/579 4962/1252/579 4963/1257/579
f 4964/1258/579 4965/1249/579 4966/1257/579
f 4967/1257/580 4968/1252/580 4969/1258/580
f 4970/1252/580 4971/1249/580 4972/1258/580
f 4973/1259/581 4974/1260/581 4975/1261/581
f 4976/1260/581 4977/1262/581 4978/1261/581
f 4979/1262/582 4980/1260/582 4981/1259/582
f 4982/1261/582 4983/1262/582 4984/1259/582
usemtl Material_1.052
f 4985/1263/583 4986/1264/583 4987/1265/583
f 4988/1252/584 4989/1263/584 4990/1266/584
f 4991/1252/584 4992/1267/584 4993/1263/584
f 4994/1264/585 4995/1265/585 4996/1263/585
f 4997/1252/586 4998/1267/586 4999/1263/586
f 5000/1252/586 5001/1263/586 5002/1265/586
f 5003/1264/587 5004/1265/587 5005/1263/587
f 5006/1252/588 5007/1267/588 5008/1265/588
f 5009/1267/588 5010/1263/588 5011/1265/588
f 5012/1263/589 5013/1265/589 5014/1252/589
f 5015/1263/589 5016/1252/589 5017/1268/589
f 5018/1263/590 5019/1264/590 5020/1265/590
f 5021/1269/591 5022/1270/591 5023/1271/591
f 5024/1269/591 5025/1271/591 5026/1272/591
usemtl Material_3.052
f 5027/1273/579 5028/1274/579 5029/1275/579
f 5030/1273/579 5031/1276/579 5028/1274/579
f 5032/1275/580 5033/1276/580 5034/1273/580
f 5035/1275/580 5036/1274/580 5037/1276/580
f 5038/1273/582 5039/1274/582 5040/1275/582
f 5041/1273/582 5042/1276/582 5039/1274/582
f 5043/1275/581 5044/1276/581 5045/1273/581
f 5046/1275/581 5047/1274/581 5048/1276/581
o node.046
v 115.985100 7.340806 -104.139435
v 115.985092 28.893099 -104.139435
v 115.985092 28.893099 -107.016350
v 115.985100 7.340806 -104.139435
v 115.985092 28.893099 -107.016350
v 115.985100 7.340806 -107.016350
v 118.862015 7.340806 -107.016350
v 118.862007 28.893099 -107.016350
v 118.862007 28.893099 -104.139435
v 118.862015 7.340806 -107.016350
v 118.862007 28.893099 -104.139435
v 118.862015 7.340806 -104.139435
v 115.985100 7.340806 -107.016350
v 118.862007 28.893099 -107.016350
v 118.862015 7.340806 -107.016350
v 115.985100 7.340806 -107.016350
v 115.985092 28.893099 -107.016350
v 118.862007 28.893099 -107.016350
v 118.862015 7.340806 -104.139435
v 118.862007 28.893099 -104.139435
v 115.985092 28.893099 -104.139435
v 118.862015 7.340806 -104.139435
v 115.985092 28.893099 -104.139435
v 115.985100 7.340806 -104.139435
v 115.985100 -1.640780 -107.016350
v 115.985100 -1.640780 -104.139435
v 115.985100 7.340806 -104.139435
v 115.985100 7.340806 -107.016350
v 115.985100 -1.640780 -107.016350
v 115.985100 7.340806 -104.139435
v 118.862015 7.340806 -104.139435
v 118.862015 -1.640779 -104.139435
v 118.862015 7.340806 -107.016350
v 118.862015 -1.640779 -104.139435
v 118.862015 -1.640779 -107.016350
v 118.862015 7.340806 -107.016350
v 118.862015 7.340806 -107.016350
v 118.862015 -1.640779 -107.016350
v 115.985100 7.340806 -107.016350
v 118.862015 -1.640779 -107.016350
v 115.985100 -1.640780 -107.016350
v 115.985100 7.340806 -107.016350
v 115.985100 -1.640780 -104.139435
v 118.862015 -1.640779 -104.139435
v 118.862015 7.340806 -104.139435
v 115.985100 7.340806 -104.139435
v 115.985100 -1.640780 -104.139435
v 118.862015 7.340806 -104.139435
v 118.500641 33.562820 -104.500801
v 117.423553 39.313141 -105.577888
v 116.346466 33.562820 -104.500801
v 119.219872 32.485733 -103.781570
v 118.500641 33.562820 -106.654984
v 118.500641 33.562820 -104.500801
v 119.219872 32.485733 -103.781570
v 119.219872 32.485733 -107.374207
v 118.500641 33.562820 -106.654984
v 117.423553 39.313141 -105.577888
v 118.500641 33.562820 -104.500801
v 118.500641 33.562820 -106.654984
v 115.627235 32.485733 -107.374207
v 115.627235 32.485733 -103.781570
v 116.346466 33.562820 -104.500801
v 115.627235 32.485733 -107.374207
v 116.346466 33.562820 -104.500801
v 116.346466 33.562820 -106.654976
v 117.423553 39.313141 -105.577888
v 116.346466 33.562820 -106.654976
v 116.346466 33.562820 -104.500801
v 119.219872 32.485733 -107.374207
v 115.627235 32.485733 -107.374207
v 118.500641 33.562820 -106.654984
v 115.627235 32.485733 -107.374207
v 116.346466 33.562820 -106.654976
v 118.500641 33.562820 -106.654984
v 118.500641 33.562820 -104.500801
v 116.346466 33.562820 -104.500801
v 115.627235 32.485733 -103.781570
v 118.500641 33.562820 -104.500801
v 115.627235 32.485733 -103.781570
v 119.219872 32.485733 -103.781570
v 116.346466 33.562820 -106.654976
v 117.423553 39.313141 -105.577888
v 118.500641 33.562820 -106.654984
v 115.627235 32.485733 -103.781570
v 115.627235 32.485733 -107.374207
v 119.219872 32.485733 -107.374207
v 115.627235 32.485733 -103.781570
v 119.219872 32.485733 -107.374207
v 119.219872 32.485733 -103.781570
v 115.985092 28.893099 -104.139435
v 115.985092 32.485733 -107.016350
v 115.985092 28.893099 -107.016350
v 115.985092 28.893099 -104.139435
v 115.985092 32.485733 -104.139435
v 118.862007 28.893099 -107.016350
v 118.862007 32.485733 -104.139435
v 118.862007 28.893099 -104.139435
v 118.862007 28.893099 -107.016350
v 118.862007 32.485733 -107.016350
v 118.862007 32.485733 -104.139435
v 118.862007 28.893099 -104.139435
v 115.985092 32.485733 -104.139435
v 115.985092 28.893099 -104.139435
v 118.862007 28.893099 -104.139435
v 118.862007 32.485733 -104.139435
v 115.985092 28.893099 -107.016350
v 118.862007 32.485733 -107.016350
v 118.862007 28.893099 -107.016350
v 115.985092 28.893099 -107.016350
v 115.985092 32.485733 -107.016350
v 118.862007 32.485733 -107.016350
vn -1.0000 -0.0000 -0.0000
vn 1.0000 -0.0000 -0.0000
vn -0.0000 -0.0000 -1.0000
vn -0.0000 -0.0000 1.0000
vn -0.0000 0.1841 0.9829
vn 0.8316 0.5553 -0.0000
vn 0.9829 0.1841 -0.0000
vn -0.8316 0.5553 -0.0000
vn -0.9829 0.1841 -0.0000
vn -0.0000 0.5553 -0.8316
vn -0.0000 0.5553 0.8316
vn -0.0000 0.1841 -0.9829
vn -0.0000 -1.0000 -0.0000
vt 0.966797 -0.966797
vt 0.966797 6.517578
vt 0.000000 6.517578
vt 0.000000 -0.966797
vt 7.953125 -0.966797
vt 8.951172 6.519531
vt 8.951172 -0.966797
vt 7.953125 6.519531
vt 0.000000 2.152344
vt 0.966797 2.152344
vt 10.947266 2.152344
vt 10.947266 -0.966797
vt 9.949219 2.152344
vt 9.949219 -0.966797
vt 1.964844 -0.218750
vt 1.216797 3.773438
vt 0.468750 -0.218750
vt 0.466797 -0.218750
vt 2.464844 -0.966797
vt 2.462891 -0.966797
vt 0.134766 1.861328
vt 0.468750 1.861328
vt 0.468750 2.193359
vt 0.134766 2.193359
vt 0.966797 -0.982422
vt 0.000000 0.000000
vt 0.000000 -0.982422
vt 0.966797 0.000000
s 1
usemtl Material_0.053
f 5049/1277/592 5050/1278/592 5051/1279/592
f 5052/1277/592 5053/1279/592 5054/1280/592
f 5055/1280/593 5056/1279/593 5057/1278/593
f 5058/1280/593 5059/1278/593 5060/1277/593
f 5061/1281/594 5062/1282/594 5063/1283/594
f 5064/1281/594 5065/1284/594 5066/1282/594
f 5067/1283/595 5068/1282/595 5069/1284/595
f 5070/1283/595 5071/1284/595 5072/1281/595
f 5073/1277/592 5074/1280/592 5075/1285/592
f 5076/1286/592 5077/1277/592 5078/1285/592
f 5079/1285/593 5080/1280/593 5081/1286/593
f 5082/1280/593 5083/1277/593 5084/1286/593
f 5085/1287/594 5086/1288/594 5087/1289/594
f 5088/1288/594 5089/1290/594 5090/1289/594
f 5091/1290/595 5092/1288/595 5093/1287/595
f 5094/1289/595 5095/1290/595 5096/1287/595
usemtl Material_1.053
f 5097/1291/596 5098/1292/596 5099/1293/596
f 5100/1280/597 5101/1291/597 5102/1294/597
f 5103/1280/597 5104/1295/597 5105/1291/597
f 5106/1292/598 5107/1293/598 5108/1291/598
f 5109/1280/599 5110/1295/599 5111/1291/599
f 5112/1280/599 5113/1291/599 5114/1293/599
f 5115/1292/600 5116/1293/600 5117/1291/600
f 5118/1280/601 5119/1295/601 5120/1293/601
f 5121/1295/601 5122/1291/601 5123/1293/601
f 5124/1291/602 5125/1293/602 5126/1280/602
f 5127/1291/602 5128/1280/602 5129/1296/602
f 5130/1291/603 5131/1292/603 5132/1293/603
f 5133/1297/604 5134/1298/604 5135/1299/604
f 5136/1297/604 5137/1299/604 5138/1300/604
usemtl Material_3.053
f 5139/1301/592 5140/1302/592 5141/1303/592
f 5142/1301/592 5143/1304/592 5140/1302/592
f 5144/1303/593 5145/1304/593 5146/1301/593
f 5147/1303/593 5148/1302/593 5149/1304/593
f 5150/1301/595 5151/1302/595 5152/1303/595
f 5153/1301/595 5154/1304/595 5151/1302/595
f 5155/1303/594 5156/1304/594 5157/1301/594
f 5158/1303/594 5159/1302/594 5160/1304/594
o node.047
v 135.897110 7.340806 -30.099854
v 135.897110 28.893099 -30.099854
v 135.897110 28.893099 -32.976768
v 135.897110 7.340806 -30.099854
v 135.897110 28.893099 -32.976768
v 135.897110 7.340806 -32.976768
v 138.774017 7.340806 -32.976768
v 138.774017 28.893099 -32.976768
v 138.774017 28.893099 -30.099855
v 138.774017 7.340806 -32.976768
v 138.774017 28.893099 -30.099855
v 138.774017 7.340806 -30.099855
v 135.897110 7.340806 -32.976768
v 138.774017 28.893099 -32.976768
v 138.774017 7.340806 -32.976768
v 135.897110 7.340806 -32.976768
v 135.897110 28.893099 -32.976768
v 138.774017 28.893099 -32.976768
v 138.774017 7.340806 -30.099855
v 138.774017 28.893099 -30.099855
v 135.897110 28.893099 -30.099854
v 138.774017 7.340806 -30.099855
v 135.897110 28.893099 -30.099854
v 135.897110 7.340806 -30.099854
v 135.897110 -1.640780 -32.976768
v 135.897110 -1.640780 -30.099854
v 135.897110 7.340806 -30.099854
v 135.897110 7.340806 -32.976768
v 135.897110 -1.640780 -32.976768
v 135.897110 7.340806 -30.099854
v 138.774017 7.340806 -30.099855
v 138.774017 -1.640779 -30.099855
v 138.774017 7.340806 -32.976768
v 138.774017 -1.640779 -30.099855
v 138.774017 -1.640779 -32.976768
v 138.774017 7.340806 -32.976768
v 138.774017 7.340806 -32.976768
v 138.774017 -1.640779 -32.976768
v 135.897110 7.340806 -32.976768
v 138.774017 -1.640779 -32.976768
v 135.897110 -1.640780 -32.976768
v 135.897110 7.340806 -32.976768
v 135.897110 -1.640780 -30.099854
v 138.774017 -1.640779 -30.099855
v 138.774017 7.340806 -30.099855
v 135.897110 7.340806 -30.099854
v 135.897110 -1.640780 -30.099854
v 138.774017 7.340806 -30.099855
v 138.412643 33.562820 -30.461224
v 137.335556 39.313141 -31.538311
v 136.258469 33.562820 -30.461224
v 139.131882 32.485733 -29.741995
v 138.412643 33.562820 -32.615402
v 138.412643 33.562820 -30.461224
v 139.131882 32.485733 -29.741995
v 139.131882 32.485733 -33.334629
v 138.412643 33.562820 -32.615402
v 137.335556 39.313141 -31.538311
v 138.412643 33.562820 -30.461224
v 138.412643 33.562820 -32.615402
v 135.539246 32.485733 -33.334629
v 135.539246 32.485733 -29.741995
v 136.258469 33.562820 -30.461224
v 135.539246 32.485733 -33.334629
v 136.258469 33.562820 -30.461224
v 136.258469 33.562820 -32.615398
v 137.335556 39.313141 -31.538311
v 136.258469 33.562820 -32.615398
v 136.258469 33.562820 -30.461224
v 139.131882 32.485733 -33.334629
v 135.539246 32.485733 -33.334629
v 138.412643 33.562820 -32.615402
v 135.539246 32.485733 -33.334629
v 136.258469 33.562820 -32.615398
v 138.412643 33.562820 -32.615402
v 138.412643 33.562820 -30.461224
v 136.258469 33.562820 -30.461224
v 135.539246 32.485733 -29.741995
v 138.412643 33.562820 -30.461224
v 135.539246 32.485733 -29.741995
v 139.131882 32.485733 -29.741995
v 136.258469 33.562820 -32.615398
v 137.335556 39.313141 -31.538311
v 138.412643 33.562820 -32.615402
v 135.539246 32.485733 -29.741995
v 135.539246 32.485733 -33.334629
v 139.131882 32.485733 -33.334629
v 135.539246 32.485733 -29.741995
v 139.131882 32.485733 -33.334629
v 139.131882 32.485733 -29.741995
v 135.897110 28.893099 -30.099854
v 135.897110 32.485733 -32.976768
v 135.897110 28.893099 -32.976768
v 135.897110 28.893099 -30.099854
v 135.897110 32.485733 -30.099854
v 138.774017 28.893099 -32.976768
v 138.774017 32.485733 -30.099855
v 138.774017 28.893099 -30.099855
v 138.774017 28.893099 -32.976768
v 138.774017 32.485733 -32.976768
v 138.774017 32.485733 -30.099855
v 138.774017 28.893099 -30.099855
v 135.897110 32.485733 -30.099854
v 135.897110 28.893099 -30.099854
v 138.774017 28.893099 -30.099855
v 138.774017 32.485733 -30.099855
v 135.897110 28.893099 -32.976768
v 138.774017 32.485733 -32.976768
v 138.774017 28.893099 -32.976768
v 135.897110 28.893099 -32.976768
v 135.897110 32.485733 -32.976768
v 138.774017 32.485733 -32.976768
vn -1.0000 -0.0000 -0.0000
vn 1.0000 -0.0000 -0.0000
vn -0.0000 -0.0000 -1.0000
vn -0.0000 -0.0000 1.0000
vn -0.0000 0.1841 0.9829
vn 0.8316 0.5553 -0.0000
vn 0.9829 0.1841 -0.0000
vn -0.8316 0.5553 -0.0000
vn -0.9829 0.1841 -0.0000
vn -0.0000 0.5553 -0.8316
vn -0.0000 0.5553 0.8316
vn -0.0000 0.1841 -0.9829
vn -0.0000 -1.0000 -0.0000
vt 0.966797 -0.966797
vt 0.966797 6.517578
vt 0.000000 6.517578
vt 0.000000 -0.966797
vt 7.953125 -0.966797
vt 8.951172 6.519531
vt 8.951172 -0.966797
vt 7.953125 6.519531
vt 0.000000 2.152344
vt 0.966797 2.152344
vt 10.947266 2.152344
vt 10.947266 -0.966797
vt 9.949219 2.152344
vt 9.949219 -0.966797
vt 1.964844 -0.218750
vt 1.216797 3.773438
vt 0.468750 -0.218750
vt 0.466797 -0.218750
vt 2.464844 -0.966797
vt 2.462891 -0.966797
vt 0.134766 1.861328
vt 0.468750 1.861328
vt 0.468750 2.193359
vt 0.134766 2.193359
vt 0.966797 -0.982422
vt 0.000000 0.000000
vt 0.000000 -0.982422
vt 0.966797 0.000000
s 1
usemtl Material_0.054
f 5161/1305/605 5162/1306/605 5163/1307/605
f 5164/1305/605 5165/1307/605 5166/1308/605
f 5167/1308/606 5168/1307/606 5169/1306/606
f 5170/1308/606 5171/1306/606 5172/1305/606
f 5173/1309/607 5174/1310/607 5175/1311/607
f 5176/1309/607 5177/1312/607 5178/1310/607
f 5179/1311/608 5180/1310/608 5181/1312/608
f 5182/1311/608 5183/1312/608 5184/1309/608
f 5185/1305/605 5186/1308/605 5187/1313/605
f 5188/1314/605 5189/1305/605 5190/1313/605
f 5191/1313/606 5192/1308/606 5193/1314/606
f 5194/1308/606 5195/1305/606 5196/1314/606
f 5197/1315/607 5198/1316/607 5199/1317/607
f 5200/1316/607 5201/1318/607 5202/1317/607
f 5203/1318/608 5204/1316/608 5205/1315/608
f 5206/1317/608 5207/1318/608 5208/1315/608
usemtl Material_1.054
f 5209/1319/609 5210/1320/609 5211/1321/609
f 5212/1308/610 5213/1319/610 5214/1322/610
f 5215/1308/610 5216/1323/610 5217/1319/610
f 5218/1320/611 5219/1321/611 5220/1319/611
f 5221/1308/612 5222/1323/612 5223/1319/612
f 5224/1308/612 5225/1319/612 5226/1321/612
f 5227/1320/613 5228/1321/613 5229/1319/613
f 5230/1308/614 5231/1323/614 5232/1321/614
f 5233/1323/614 5234/1319/614 5235/1321/614
f 5236/1319/615 5237/1321/615 5238/1308/615
f 5239/1319/615 5240/1308/615 5241/1324/615
f 5242/1319/616 5243/1320/616 5244/1321/616
f 5245/1325/617 5246/1326/617 5247/1327/617
f 5248/1325/617 5249/1327/617 5250/1328/617
usemtl Material_3.054
f 5251/1329/605 5252/1330/605 5253/1331/605
f 5254/1329/605 5255/1332/605 5252/1330/605
f 5256/1331/606 5257/1332/606 5258/1329/606
f 5259/1331/606 5260/1330/606 5261/1332/606
f 5262/1329/608 5263/1330/608 5264/1331/608
f 5265/1329/608 5266/1332/608 5263/1330/608
f 5267/1331/607 5268/1332/607 5269/1329/607
f 5270/1331/607 5271/1330/607 5272/1332/607
o node.048
v 135.897110 7.340806 -36.725540
v 135.897110 28.893099 -36.725540
v 135.897110 28.893099 -39.602455
v 135.897110 7.340806 -36.725540
v 135.897110 28.893099 -39.602455
v 135.897110 7.340806 -39.602455
v 138.774017 7.340806 -39.602455
v 138.774017 28.893099 -39.602455
v 138.774017 28.893099 -36.725540
v 138.774017 7.340806 -39.602455
v 138.774017 28.893099 -36.725540
v 138.774017 7.340806 -36.725540
v 135.897110 7.340806 -39.602455
v 138.774017 28.893099 -39.602455
v 138.774017 7.340806 -39.602455
v 135.897110 7.340806 -39.602455
v 135.897110 28.893099 -39.602455
v 138.774017 28.893099 -39.602455
v 138.774017 7.340806 -36.725540
v 138.774017 28.893099 -36.725540
v 135.897110 28.893099 -36.725540
v 138.774017 7.340806 -36.725540
v 135.897110 28.893099 -36.725540
v 135.897110 7.340806 -36.725540
v 135.897110 -1.640780 -39.602455
v 135.897110 -1.640780 -36.725540
v 135.897110 7.340806 -36.725540
v 135.897110 7.340806 -39.602455
v 135.897110 -1.640780 -39.602455
v 135.897110 7.340806 -36.725540
v 138.774017 7.340806 -36.725540
v 138.774017 -1.640779 -36.725540
v 138.774017 7.340806 -39.602455
v 138.774017 -1.640779 -36.725540
v 138.774017 -1.640779 -39.602455
v 138.774017 7.340806 -39.602455
v 138.774017 7.340806 -39.602455
v 138.774017 -1.640779 -39.602455
v 135.897110 7.340806 -39.602455
v 138.774017 -1.640779 -39.602455
v 135.897110 -1.640780 -39.602455
v 135.897110 7.340806 -39.602455
v 135.897110 -1.640780 -36.725540
v 138.774017 -1.640779 -36.725540
v 138.774017 7.340806 -36.725540
v 135.897110 7.340806 -36.725540
v 135.897110 -1.640780 -36.725540
v 138.774017 7.340806 -36.725540
v 138.412643 33.562820 -37.086906
v 137.335556 39.313141 -38.163998
v 136.258469 33.562820 -37.086906
v 139.131882 32.485733 -36.367680
v 138.412643 33.562820 -39.241085
v 138.412643 33.562820 -37.086906
v 139.131882 32.485733 -36.367680
v 139.131882 32.485733 -39.960312
v 138.412643 33.562820 -39.241085
v 137.335556 39.313141 -38.163998
v 138.412643 33.562820 -37.086906
v 138.412643 33.562820 -39.241085
v 135.539246 32.485733 -39.960312
v 135.539246 32.485733 -36.367680
v 136.258469 33.562820 -37.086906
v 135.539246 32.485733 -39.960312
v 136.258469 33.562820 -37.086906
v 136.258469 33.562820 -39.241085
v 137.335556 39.313141 -38.163998
v 136.258469 33.562820 -39.241085
v 136.258469 33.562820 -37.086906
v 139.131882 32.485733 -39.960312
v 135.539246 32.485733 -39.960312
v 138.412643 33.562820 -39.241085
v 135.539246 32.485733 -39.960312
v 136.258469 33.562820 -39.241085
v 138.412643 33.562820 -39.241085
v 138.412643 33.562820 -37.086906
v 136.258469 33.562820 -37.086906
v 135.539246 32.485733 -36.367680
v 138.412643 33.562820 -37.086906
v 135.539246 32.485733 -36.367680
v 139.131882 32.485733 -36.367680
v 136.258469 33.562820 -39.241085
v 137.335556 39.313141 -38.163998
v 138.412643 33.562820 -39.241085
v 135.539246 32.485733 -36.367680
v 135.539246 32.485733 -39.960312
v 139.131882 32.485733 -39.960312
v 135.539246 32.485733 -36.367680
v 139.131882 32.485733 -39.960312
v 139.131882 32.485733 -36.367680
v 135.897110 28.893099 -36.725540
v 135.897110 32.485733 -39.602455
v 135.897110 28.893099 -39.602455
v 135.897110 28.893099 -36.725540
v 135.897110 32.485733 -36.725540
v 138.774017 28.893099 -39.602455
v 138.774017 32.485733 -36.725540
v 138.774017 28.893099 -36.725540
v 138.774017 28.893099 -39.602455
v 138.774017 32.485733 -39.602455
v 138.774017 32.485733 -36.725540
v 138.774017 28.893099 -36.725540
v 135.897110 32.485733 -36.725540
v 135.897110 28.893099 -36.725540
v 138.774017 28.893099 -36.725540
v 138.774017 32.485733 -36.725540
v 135.897110 28.893099 -39.602455
v 138.774017 32.485733 -39.602455
v 138.774017 28.893099 -39.602455
v 135.897110 28.893099 -39.602455
v 135.897110 32.485733 -39.602455
v 138.774017 32.485733 -39.602455
vn -1.0000 -0.0000 -0.0000
vn 1.0000 -0.0000 -0.0000
vn -0.0000 -0.0000 -1.0000
vn -0.0000 -0.0000 1.0000
vn -0.0000 0.1841 0.9829
vn 0.8316 0.5553 -0.0000
vn 0.9829 0.1841 -0.0000
vn -0.8316 0.5553 -0.0000
vn -0.9829 0.1841 -0.0000
vn -0.0000 0.5553 -0.8316
vn -0.0000 0.5553 0.8316
vn -0.0000 0.1841 -0.9829
vn -0.0000 -1.0000 -0.0000
vt 0.966797 -0.966797
vt 0.966797 6.517578
vt 0.000000 6.517578
vt 0.000000 -0.966797
vt 7.953125 -0.966797
vt 8.951172 6.519531
vt 8.951172 -0.966797
vt 7.953125 6.519531
vt 0.000000 2.152344
vt 0.966797 2.152344
vt 10.947266 2.152344
vt 10.947266 -0.966797
vt 9.949219 2.152344
vt 9.949219 -0.966797
vt 1.964844 -0.218750
vt 1.216797 3.773438
vt 0.468750 -0.218750
vt 0.466797 -0.218750
vt 2.464844 -0.966797
vt 2.462891 -0.966797
vt 0.134766 1.861328
vt 0.468750 1.861328
vt 0.468750 2.193359
vt 0.134766 2.193359
vt 0.966797 -0.982422
vt 0.000000 0.000000
vt 0.000000 -0.982422
vt 0.966797 0.000000
s 1
usemtl Material_0.055
f 5273/1333/618 5274/1334/618 5275/1335/618
f 5276/1333/618 5277/1335/618 5278/1336/618
f 5279/1336/619 5280/1335/619 5281/1334/619
f 5282/1336/619 5283/1334/619 5284/1333/619
f 5285/1337/620 5286/1338/620 5287/1339/620
f 5288/1337/620 5289/1340/620 5290/1338/620
f 5291/1339/621 5292/1338/621 5293/1340/621
f 5294/1339/621 5295/1340/621 5296/1337/621
f 5297/1333/618 5298/1336/618 5299/1341/618
f 5300/1342/618 5301/1333/618 5302/1341/618
f 5303/1341/619 5304/1336/619 5305/1342/619
f 5306/1336/619 5307/1333/619 5308/1342/619
f 5309/1343/620 5310/1344/620 5311/1345/620
f 5312/1344/620 5313/1346/620 5314/1345/620
f 5315/1346/621 5316/1344/621 5317/1343/621
f 5318/1345/621 5319/1346/621 5320/1343/621
usemtl Material_1.055
f 5321/1347/622 5322/1348/622 5323/1349/622
f 5324/1336/623 5325/1347/623 5326/1350/623
f 5327/1336/623 5328/1351/623 5329/1347/623
f 5330/1348/624 5331/1349/624 5332/1347/624
f 5333/1336/625 5334/1351/625 5335/1347/625
f 5336/1336/625 5337/1347/625 5338/1349/625
f 5339/1348/626 5340/1349/626 5341/1347/626
f 5342/1336/627 5343/1351/627 5344/1349/627
f 5345/1351/627 5346/1347/627 5347/1349/627
f 5348/1347/628 5349/1349/628 5350/1336/628
f 5351/1347/628 5352/1336/628 5353/1352/628
f 5354/1347/629 5355/1348/629 5356/1349/629
f 5357/1353/630 5358/1354/630 5359/1355/630
f 5360/1353/630 5361/1355/630 5362/1356/630
usemtl Material_3.055
f 5363/1357/618 5364/1358/618 5365/1359/618
f 5366/1357/618 5367/1360/618 5364/1358/618
f 5368/1359/619 5369/1360/619 5370/1357/619
f 5371/1359/619 5372/1358/619 5373/1360/619
f 5374/1357/621 5375/1358/621 5376/1359/621
f 5377/1357/621 5378/1360/621 5375/1358/621
f 5379/1359/620 5380/1360/620 5381/1357/620
f 5382/1359/620 5383/1358/620 5384/1360/620
o node.049
v 135.897110 7.340806 -43.724915
v 135.897110 28.893099 -43.724915
v 135.897110 28.893099 -46.601830
v 135.897110 7.340806 -43.724915
v 135.897110 28.893099 -46.601830
v 135.897110 7.340806 -46.601830
v 138.774017 7.340806 -46.601830
v 138.774017 28.893099 -46.601830
v 138.774017 28.893099 -43.724915
v 138.774017 7.340806 -46.601830
v 138.774017 28.893099 -43.724915
v 138.774017 7.340806 -43.724915
v 135.897110 7.340806 -46.601830
v 138.774017 28.893099 -46.601830
v 138.774017 7.340806 -46.601830
v 135.897110 7.340806 -46.601830
v 135.897110 28.893099 -46.601830
v 138.774017 28.893099 -46.601830
v 138.774017 7.340806 -43.724915
v 138.774017 28.893099 -43.724915
v 135.897110 28.893099 -43.724915
v 138.774017 7.340806 -43.724915
v 135.897110 28.893099 -43.724915
v 135.897110 7.340806 -43.724915
v 135.897110 -1.640780 -46.601830
v 135.897110 -1.640780 -43.724915
v 135.897110 7.340806 -43.724915
v 135.897110 7.340806 -46.601830
v 135.897110 -1.640780 -46.601830
v 135.897110 7.340806 -43.724915
v 138.774017 7.340806 -43.724915
v 138.774017 -1.640779 -43.724915
v 138.774017 7.340806 -46.601830
v 138.774017 -1.640779 -43.724915
v 138.774017 -1.640779 -46.601830
v 138.774017 7.340806 -46.601830
v 138.774017 7.340806 -46.601830
v 138.774017 -1.640779 -46.601830
v 135.897110 7.340806 -46.601830
v 138.774017 -1.640779 -46.601830
v 135.897110 -1.640780 -46.601830
v 135.897110 7.340806 -46.601830
v 135.897110 -1.640780 -43.724915
v 138.774017 -1.640779 -43.724915
v 138.774017 7.340806 -43.724915
v 135.897110 7.340806 -43.724915
v 135.897110 -1.640780 -43.724915
v 138.774017 7.340806 -43.724915
v 138.412643 33.562820 -44.086281
v 137.335556 39.313141 -45.163372
v 136.258469 33.562820 -44.086281
v 139.131882 32.485733 -43.367054
v 138.412643 33.562820 -46.240459
v 138.412643 33.562820 -44.086281
v 139.131882 32.485733 -43.367054
v 139.131882 32.485733 -46.959686
v 138.412643 33.562820 -46.240459
v 137.335556 39.313141 -45.163372
v 138.412643 33.562820 -44.086281
v 138.412643 33.562820 -46.240459
v 135.539246 32.485733 -46.959686
v 135.539246 32.485733 -43.367054
v 136.258469 33.562820 -44.086281
v 135.539246 32.485733 -46.959686
v 136.258469 33.562820 -44.086281
v 136.258469 33.562820 -46.240459
v 137.335556 39.313141 -45.163372
v 136.258469 33.562820 -46.240459
v 136.258469 33.562820 -44.086281
v 139.131882 32.485733 -46.959686
v 135.539246 32.485733 -46.959686
v 138.412643 33.562820 -46.240459
v 135.539246 32.485733 -46.959686
v 136.258469 33.562820 -46.240459
v 138.412643 33.562820 -46.240459
v 138.412643 33.562820 -44.086281
v 136.258469 33.562820 -44.086281
v 135.539246 32.485733 -43.367054
v 138.412643 33.562820 -44.086281
v 135.539246 32.485733 -43.367054
v 139.131882 32.485733 -43.367054
v 136.258469 33.562820 -46.240459
v 137.335556 39.313141 -45.163372
v 138.412643 33.562820 -46.240459
v 135.539246 32.485733 -43.367054
v 135.539246 32.485733 -46.959686
v 139.131882 32.485733 -46.959686
v 135.539246 32.485733 -43.367054
v 139.131882 32.485733 -46.959686
v 139.131882 32.485733 -43.367054
v 135.897110 28.893099 -43.724915
v 135.897110 32.485733 -46.601830
v 135.897110 28.893099 -46.601830
v 135.897110 28.893099 -43.724915
v 135.897110 32.485733 -43.724915
v 138.774017 28.893099 -46.601830
v 138.774017 32.485733 -43.724915
v 138.774017 28.893099 -43.724915
v 138.774017 28.893099 -46.601830
v 138.774017 32.485733 -46.601830
v 138.774017 32.485733 -43.724915
v 138.774017 28.893099 -43.724915
v 135.897110 32.485733 -43.724915
v 135.897110 28.893099 -43.724915
v 138.774017 28.893099 -43.724915
v 138.774017 32.485733 -43.724915
v 135.897110 28.893099 -46.601830
v 138.774017 32.485733 -46.601830
v 138.774017 28.893099 -46.601830
v 135.897110 28.893099 -46.601830
v 135.897110 32.485733 -46.601830
v 138.774017 32.485733 -46.601830
vn -1.0000 -0.0000 -0.0000
vn 1.0000 -0.0000 -0.0000
vn -0.0000 -0.0000 -1.0000
vn -0.0000 -0.0000 1.0000
vn -0.0000 0.1841 0.9829
vn 0.8316 0.5553 -0.0000
vn 0.9829 0.1841 -0.0000
vn -0.8316 0.5553 -0.0000
vn -0.9829 0.1841 -0.0000
vn -0.0000 0.5553 -0.8316
vn -0.0000 0.5553 0.8316
vn -0.0000 0.1841 -0.9829
vn -0.0000 -1.0000 -0.0000
vt 0.966797 -0.966797
vt 0.966797 6.517578
vt 0.000000 6.517578
vt 0.000000 -0.966797
vt 7.953125 -0.966797
vt 8.951172 6.519531
vt 8.951172 -0.966797
vt 7.953125 6.519531
vt 0.000000 2.152344
vt 0.966797 2.152344
vt 10.947266 2.152344
vt 10.947266 -0.966797
vt 9.949219 2.152344
vt 9.949219 -0.966797
vt 1.964844 -0.218750
vt 1.216797 3.773438
vt 0.468750 -0.218750
vt 0.466797 -0.218750
vt 2.464844 -0.966797
vt 2.462891 -0.966797
vt 0.134766 1.861328
vt 0.468750 1.861328
vt 0.468750 2.193359
vt 0.134766 2.193359
vt 0.966797 -0.982422
vt 0.000000 0.000000
vt 0.000000 -0.982422
vt 0.966797 0.000000
s 1
usemtl Material_0.056
f 5385/1361/631 5386/1362/631 5387/1363/631
f 5388/1361/631 5389/1363/631 5390/1364/631
f 5391/1364/632 5392/1363/632 5393/1362/632
f 5394/1364/632 5395/1362/632 5396/1361/632
f 5397/1365/633 5398/1366/633 5399/1367/633
f 5400/1365/633 5401/1368/633 5402/1366/633
f 5403/1367/634 5404/1366/634 5405/1368/634
f 5406/1367/634 5407/1368/634 5408/1365/634
f 5409/1361/631 5410/1364/631 5411/1369/631
f 5412/1370/631 5413/1361/631 5414/1369/631
f 5415/1369/632 5416/1364/632 5417/1370/632
f 5418/1364/632 5419/1361/632 5420/1370/632
f 5421/1371/633 5422/1372/633 5423/1373/633
f 5424/1372/633 5425/1374/633 5426/1373/633
f 5427/1374/634 5428/1372/634 5429/1371/634
f 5430/1373/634 5431/1374/634 5432/1371/634
usemtl Material_1.056
f 5433/1375/635 5434/1376/635 5435/1377/635
f 5436/1364/636 5437/1375/636 5438/1378/636
f 5439/1364/636 5440/1379/636 5441/1375/636
f 5442/1376/637 5443/1377/637 5444/1375/637
f 5445/1364/638 5446/1379/638 5447/1375/638
f 5448/1364/638 5449/1375/638 5450/1377/638
f 5451/1376/639 5452/1377/639 5453/1375/639
f 5454/1364/640 5455/1379/640 5456/1377/640
f 5457/1379/640 5458/1375/640 5459/1377/640
f 5460/1375/641 5461/1377/641 5462/1364/641
f 5463/1375/641 5464/1364/641 5465/1380/641
f 5466/1375/642 5467/1376/642 5468/1377/642
f 5469/1381/643 5470/1382/643 5471/1383/643
f 5472/1381/643 5473/1383/643 5474/1384/643
usemtl Material_3.056
f 5475/1385/631 5476/1386/631 5477/1387/631
f 5478/1385/631 5479/1388/631 5476/1386/631
f 5480/1387/632 5481/1388/632 5482/1385/632
f 5483/1387/632 5484/1386/632 5485/1388/632
f 5486/1385/634 5487/1386/634 5488/1387/634
f 5489/1385/634 5490/1388/634 5487/1386/634
f 5491/1387/633 5492/1388/633 5493/1385/633
f 5494/1387/633 5495/1386/633 5496/1388/633
o node.050
v 135.897110 7.340806 -50.705887
v 135.897110 28.893099 -50.705887
v 135.897110 28.893099 -53.582802
v 135.897110 7.340806 -50.705887
v 135.897110 28.893099 -53.582802
v 135.897110 7.340806 -53.582802
v 138.774017 7.340806 -53.582802
v 138.774017 28.893099 -53.582802
v 138.774017 28.893099 -50.705887
v 138.774017 7.340806 -53.582802
v 138.774017 28.893099 -50.705887
v 138.774017 7.340806 -50.705887
v 135.897110 7.340806 -53.582802
v 138.774017 28.893099 -53.582802
v 138.774017 7.340806 -53.582802
v 135.897110 7.340806 -53.582802
v 135.897110 28.893099 -53.582802
v 138.774017 28.893099 -53.582802
v 138.774017 7.340806 -50.705887
v 138.774017 28.893099 -50.705887
v 135.897110 28.893099 -50.705887
v 138.774017 7.340806 -50.705887
v 135.897110 28.893099 -50.705887
v 135.897110 7.340806 -50.705887
v 135.897110 -1.640780 -53.582802
v 135.897110 -1.640780 -50.705887
v 135.897110 7.340806 -50.705887
v 135.897110 7.340806 -53.582802
v 135.897110 -1.640780 -53.582802
v 135.897110 7.340806 -50.705887
v 138.774017 7.340806 -50.705887
v 138.774017 -1.640779 -50.705887
v 138.774017 7.340806 -53.582802
v 138.774017 -1.640779 -50.705887
v 138.774017 -1.640779 -53.582802
v 138.774017 7.340806 -53.582802
v 138.774017 7.340806 -53.582802
v 138.774017 -1.640779 -53.582802
v 135.897110 7.340806 -53.582802
v 138.774017 -1.640779 -53.582802
v 135.897110 -1.640780 -53.582802
v 135.897110 7.340806 -53.582802
v 135.897110 -1.640780 -50.705887
v 138.774017 -1.640779 -50.705887
v 138.774017 7.340806 -50.705887
v 135.897110 7.340806 -50.705887
v 135.897110 -1.640780 -50.705887
v 138.774017 7.340806 -50.705887
v 138.412643 33.562820 -51.067253
v 137.335556 39.313141 -52.144344
v 136.258469 33.562820 -51.067253
v 139.131882 32.485733 -50.348026
v 138.412643 33.562820 -53.221432
v 138.412643 33.562820 -51.067253
v 139.131882 32.485733 -50.348026
v 139.131882 32.485733 -53.940659
v 138.412643 33.562820 -53.221432
v 137.335556 39.313141 -52.144344
v 138.412643 33.562820 -51.067253
v 138.412643 33.562820 -53.221432
v 135.539246 32.485733 -53.940659
v 135.539246 32.485733 -50.348026
v 136.258469 33.562820 -51.067253
v 135.539246 32.485733 -53.940659
v 136.258469 33.562820 -51.067253
v 136.258469 33.562820 -53.221432
v 137.335556 39.313141 -52.144344
v 136.258469 33.562820 -53.221432
v 136.258469 33.562820 -51.067253
v 139.131882 32.485733 -53.940659
v 135.539246 32.485733 -53.940659
v 138.412643 33.562820 -53.221432
v 135.539246 32.485733 -53.940659
v 136.258469 33.562820 -53.221432
v 138.412643 33.562820 -53.221432
v 138.412643 33.562820 -51.067253
v 136.258469 33.562820 -51.067253
v 135.539246 32.485733 -50.348026
v 138.412643 33.562820 -51.067253
v 135.539246 32.485733 -50.348026
v 139.131882 32.485733 -50.348026
v 136.258469 33.562820 -53.221432
v 137.335556 39.313141 -52.144344
v 138.412643 33.562820 -53.221432
v 135.539246 32.485733 -50.348026
v 135.539246 32.485733 -53.940659
v 139.131882 32.485733 -53.940659
v 135.539246 32.485733 -50.348026
v 139.131882 32.485733 -53.940659
v 139.131882 32.485733 -50.348026
v 135.897110 28.893099 -50.705887
v 135.897110 32.485733 -53.582802
v 135.897110 28.893099 -53.582802
v 135.897110 28.893099 -50.705887
v 135.897110 32.485733 -50.705887
v 138.774017 28.893099 -53.582802
v 138.774017 32.485733 -50.705887
v 138.774017 28.893099 -50.705887
v 138.774017 28.893099 -53.582802
v 138.774017 32.485733 -53.582802
v 138.774017 32.485733 -50.705887
v 138.774017 28.893099 -50.705887
v 135.897110 32.485733 -50.705887
v 135.897110 28.893099 -50.705887
v 138.774017 28.893099 -50.705887
v 138.774017 32.485733 -50.705887
v 135.897110 28.893099 -53.582802
v 138.774017 32.485733 -53.582802
v 138.774017 28.893099 -53.582802
v 135.897110 28.893099 -53.582802
v 135.897110 32.485733 -53.582802
v 138.774017 32.485733 -53.582802
vn -1.0000 -0.0000 -0.0000
vn 1.0000 -0.0000 -0.0000
vn -0.0000 -0.0000 -1.0000
vn -0.0000 -0.0000 1.0000
vn -0.0000 0.1841 0.9829
vn 0.8316 0.5553 -0.0000
vn 0.9829 0.1841 -0.0000
vn -0.8316 0.5553 -0.0000
vn -0.9829 0.1841 -0.0000
vn -0.0000 0.5553 -0.8316
vn -0.0000 0.5553 0.8316
vn -0.0000 0.1841 -0.9829
vn -0.0000 -1.0000 -0.0000
vt 0.966797 -0.966797
vt 0.966797 6.517578
vt 0.000000 6.517578
vt 0.000000 -0.966797
vt 7.953125 -0.966797
vt 8.951172 6.519531
vt 8.951172 -0.966797
vt 7.953125 6.519531
vt 0.000000 2.152344
vt 0.966797 2.152344
vt 10.947266 2.152344
vt 10.947266 -0.966797
vt 9.949219 2.152344
vt 9.949219 -0.966797
vt 1.964844 -0.218750
vt 1.216797 3.773438
vt 0.468750 -0.218750
vt 0.466797 -0.218750
vt 2.464844 -0.966797
vt 2.462891 -0.966797
vt 0.134766 1.861328
vt 0.468750 1.861328
vt 0.468750 2.193359
vt 0.134766 2.193359
vt 0.966797 -0.982422
vt 0.000000 0.000000
vt 0.000000 -0.982422
vt 0.966797 0.000000
s 1
usemtl Material_0.057
f 5497/1389/644 5498/1390/644 5499/1391/644
f 5500/1389/644 5501/1391/644 5502/1392/644
f 5503/1392/645 5504/1391/645 5505/1390/645
f 5506/1392/645 5507/1390/645 5508/1389/645
f 5509/1393/646 5510/1394/646 5511/1395/646
f 5512/1393/646 5513/1396/646 5514/1394/646
f 5515/1395/647 5516/1394/647 5517/1396/647
f 5518/1395/647 5519/1396/647 5520/1393/647
f 5521/1389/644 5522/1392/644 5523/1397/644
f 5524/1398/644 5525/1389/644 5526/1397/644
f 5527/1397/645 5528/1392/645 5529/1398/645
f 5530/1392/645 5531/1389/645 5532/1398/645
f 5533/1399/646 5534/1400/646 5535/1401/646
f 5536/1400/646 5537/1402/646 5538/1401/646
f 5539/1402/647 5540/1400/647 5541/1399/647
f 5542/1401/647 5543/1402/647 5544/1399/647
usemtl Material_1.057
f 5545/1403/648 5546/1404/648 5547/1405/648
f 5548/1392/649 5549/1403/649 5550/1406/649
f 5551/1392/649 5552/1407/649 5553/1403/649
f 5554/1404/650 5555/1405/650 5556/1403/650
f 5557/1392/651 5558/1407/651 5559/1403/651
f 5560/1392/651 5561/1403/651 5562/1405/651
f 5563/1404/652 5564/1405/652 5565/1403/652
f 5566/1392/653 5567/1407/653 5568/1405/653
f 5569/1407/653 5570/1403/653 5571/1405/653
f 5572/1403/654 5573/1405/654 5574/1392/654
f 5575/1403/654 5576/1392/654 5577/1408/654
f 5578/1403/655 5579/1404/655 5580/1405/655
f 5581/1409/656 5582/1410/656 5583/1411/656
f 5584/1409/656 5585/1411/656 5586/1412/656
usemtl Material_3.057
f 5587/1413/644 5588/1414/644 5589/1415/644
f 5590/1413/644 5591/1416/644 5588/1414/644
f 5592/1415/645 5593/1416/645 5594/1413/645
f 5595/1415/645 5596/1414/645 5597/1416/645
f 5598/1413/647 5599/1414/647 5600/1415/647
f 5601/1413/647 5602/1416/647 5599/1414/647
f 5603/1415/646 5604/1416/646 5605/1413/646
f 5606/1415/646 5607/1414/646 5608/1416/646
o node.051
v 135.897110 7.340806 -57.832764
v 135.897110 28.893099 -57.832764
v 135.897110 28.893099 -60.709679
v 135.897110 7.340806 -57.832764
v 135.897110 28.893099 -60.709679
v 135.897110 7.340806 -60.709679
v 138.774017 7.340806 -60.709679
v 138.774017 28.893099 -60.709679
v 138.774017 28.893099 -57.832764
v 138.774017 7.340806 -60.709679
v 138.774017 28.893099 -57.832764
v 138.774017 7.340806 -57.832764
v 135.897110 7.340806 -60.709679
v 138.774017 28.893099 -60.709679
v 138.774017 7.340806 -60.709679
v 135.897110 7.340806 -60.709679
v 135.897110 28.893099 -60.709679
v 138.774017 28.893099 -60.709679
v 138.774017 7.340806 -57.832764
v 138.774017 28.893099 -57.832764
v 135.897110 28.893099 -57.832764
v 138.774017 7.340806 -57.832764
v 135.897110 28.893099 -57.832764
v 135.897110 7.340806 -57.832764
v 135.897110 -1.640780 -60.709679
v 135.897110 -1.640780 -57.832764
v 135.897110 7.340806 -57.832764
v 135.897110 7.340806 -60.709679
v 135.897110 -1.640780 -60.709679
v 135.897110 7.340806 -57.832764
v 138.774017 7.340806 -57.832764
v 138.774017 -1.640779 -57.832764
v 138.774017 7.340806 -60.709679
v 138.774017 -1.640779 -57.832764
v 138.774017 -1.640779 -60.709679
v 138.774017 7.340806 -60.709679
v 138.774017 7.340806 -60.709679
v 138.774017 -1.640779 -60.709679
v 135.897110 7.340806 -60.709679
v 138.774017 -1.640779 -60.709679
v 135.897110 -1.640780 -60.709679
v 135.897110 7.340806 -60.709679
v 135.897110 -1.640780 -57.832764
v 138.774017 -1.640779 -57.832764
v 138.774017 7.340806 -57.832764
v 135.897110 7.340806 -57.832764
v 135.897110 -1.640780 -57.832764
v 138.774017 7.340806 -57.832764
v 138.412643 33.562820 -58.194130
v 137.335556 39.313141 -59.271221
v 136.258469 33.562820 -58.194130
v 139.131882 32.485733 -57.474903
v 138.412643 33.562820 -60.348309
v 138.412643 33.562820 -58.194130
v 139.131882 32.485733 -57.474903
v 139.131882 32.485733 -61.067535
v 138.412643 33.562820 -60.348309
v 137.335556 39.313141 -59.271221
v 138.412643 33.562820 -58.194130
v 138.412643 33.562820 -60.348309
v 135.539246 32.485733 -61.067535
v 135.539246 32.485733 -57.474903
v 136.258469 33.562820 -58.194130
v 135.539246 32.485733 -61.067535
v 136.258469 33.562820 -58.194130
v 136.258469 33.562820 -60.348309
v 137.335556 39.313141 -59.271221
v 136.258469 33.562820 -60.348309
v 136.258469 33.562820 -58.194130
v 139.131882 32.485733 -61.067535
v 135.539246 32.485733 -61.067535
v 138.412643 33.562820 -60.348309
v 135.539246 32.485733 -61.067535
v 136.258469 33.562820 -60.348309
v 138.412643 33.562820 -60.348309
v 138.412643 33.562820 -58.194130
v 136.258469 33.562820 -58.194130
v 135.539246 32.485733 -57.474903
v 138.412643 33.562820 -58.194130
v 135.539246 32.485733 -57.474903
v 139.131882 32.485733 -57.474903
v 136.258469 33.562820 -60.348309
v 137.335556 39.313141 -59.271221
v 138.412643 33.562820 -60.348309
v 135.539246 32.485733 -57.474903
v 135.539246 32.485733 -61.067535
v 139.131882 32.485733 -61.067535
v 135.539246 32.485733 -57.474903
v 139.131882 32.485733 -61.067535
v 139.131882 32.485733 -57.474903
v 135.897110 28.893099 -57.832764
v 135.897110 32.485733 -60.709679
v 135.897110 28.893099 -60.709679
v 135.897110 28.893099 -57.832764
v 135.897110 32.485733 -57.832764
v 138.774017 28.893099 -60.709679
v 138.774017 32.485733 -57.832764
v 138.774017 28.893099 -57.832764
v 138.774017 28.893099 -60.709679
v 138.774017 32.485733 -60.709679
v 138.774017 32.485733 -57.832764
v 138.774017 28.893099 -57.832764
v 135.897110 32.485733 -57.832764
v 135.897110 28.893099 -57.832764
v 138.774017 28.893099 -57.832764
v 138.774017 32.485733 -57.832764
v 135.897110 28.893099 -60.709679
v 138.774017 32.485733 -60.709679
v 138.774017 28.893099 -60.709679
v 135.897110 28.893099 -60.709679
v 135.897110 32.485733 -60.709679
v 138.774017 32.485733 -60.709679
vn -1.0000 -0.0000 -0.0000
vn 1.0000 -0.0000 -0.0000
vn -0.0000 -0.0000 -1.0000
vn -0.0000 -0.0000 1.0000
vn -0.0000 0.1841 0.9829
vn 0.8316 0.5553 -0.0000
vn 0.9829 0.1841 -0.0000
vn -0.8316 0.5553 -0.0000
vn -0.9829 0.1841 -0.0000
vn -0.0000 0.5553 -0.8316
vn -0.0000 0.5553 0.8316
vn -0.0000 0.1841 -0.9829
vn -0.0000 -1.0000 -0.0000
vt 0.966797 -0.966797
vt 0.966797 6.517578
vt 0.000000 6.517578
vt 0.000000 -0.966797
vt 7.953125 -0.966797
vt 8.951172 6.519531
vt 8.951172 -0.966797
vt 7.953125 6.519531
vt 0.000000 2.152344
vt 0.966797 2.152344
vt 10.947266 2.152344
vt 10.947266 -0.966797
vt 9.949219 2.152344
vt 9.949219 -0.966797
vt 1.964844 -0.218750
vt 1.216797 3.773438
vt 0.468750 -0.218750
vt 0.466797 -0.218750
vt 2.464844 -0.966797
vt 2.462891 -0.966797
vt 0.134766 1.861328
vt 0.468750 1.861328
vt 0.468750 2.193359
vt 0.134766 2.193359
vt 0.966797 -0.982422
vt 0.000000 0.000000
vt 0.000000 -0.982422
vt 0.966797 0.000000
s 1
usemtl Material_0.058
f 5609/1417/657 5610/1418/657 5611/1419/657
f 5612/1417/657 5613/1419/657 5614/1420/657
f 5615/1420/658 5616/1419/658 5617/1418/658
f 5618/1420/658 5619/1418/658 5620/1417/658
f 5621/1421/659 5622/1422/659 5623/1423/659
f 5624/1421/659 5625/1424/659 5626/1422/659
f 5627/1423/660 5628/1422/660 5629/1424/660
f 5630/1423/660 5631/1424/660 5632/1421/660
f 5633/1417/657 5634/1420/657 5635/1425/657
f 5636/1426/657 5637/1417/657 5638/1425/657
f 5639/1425/658 5640/1420/658 5641/1426/658
f 5642/1420/658 5643/1417/658 5644/1426/658
f 5645/1427/659 5646/1428/659 5647/1429/659
f 5648/1428/659 5649/1430/659 5650/1429/659
f 5651/1430/660 5652/1428/660 5653/1427/660
f 5654/1429/660 5655/1430/660 5656/1427/660
usemtl Material_1.058
f 5657/1431/661 5658/1432/661 5659/1433/661
f 5660/1420/662 5661/1431/662 5662/1434/662
f 5663/1420/662 5664/1435/662 5665/1431/662
f 5666/1432/663 5667/1433/663 5668/1431/663
f 5669/1420/664 5670/1435/664 5671/1431/664
f 5672/1420/664 5673/1431/664 5674/1433/664
f 5675/1432/665 5676/1433/665 5677/1431/665
f 5678/1420/666 5679/1435/666 5680/1433/666
f 5681/1435/666 5682/1431/666 5683/1433/666
f 5684/1431/667 5685/1433/667 5686/1420/667
f 5687/1431/667 5688/1420/667 5689/1436/667
f 5690/1431/668 5691/1432/668 5692/1433/668
f 5693/1437/669 5694/1438/669 5695/1439/669
f 5696/1437/669 5697/1439/669 5698/1440/669
usemtl Material_3.058
f 5699/1441/657 5700/1442/657 5701/1443/657
f 5702/1441/657 5703/1444/657 5700/1442/657
f 5704/1443/658 5705/1444/658 5706/1441/658
f 5707/1443/658 5708/1442/658 5709/1444/658
f 5710/1441/660 5711/1442/660 5712/1443/660
f 5713/1441/660 5714/1444/660 5711/1442/660
f 5715/1443/659 5716/1444/659 5717/1441/659
f 5718/1443/659 5719/1442/659 5720/1444/659
o node.052
v 135.897110 7.340806 -64.349899
v 135.897110 28.893099 -64.349899
v 135.897110 28.893099 -67.226814
v 135.897110 7.340806 -64.349899
v 135.897110 28.893099 -67.226814
v 135.897110 7.340806 -67.226814
v 138.774017 7.340806 -67.226814
v 138.774017 28.893099 -67.226814
v 138.774017 28.893099 -64.349899
v 138.774017 7.340806 -67.226814
v 138.774017 28.893099 -64.349899
v 138.774017 7.340806 -64.349899
v 135.897110 7.340806 -67.226814
v 138.774017 28.893099 -67.226814
v 138.774017 7.340806 -67.226814
v 135.897110 7.340806 -67.226814
v 135.897110 28.893099 -67.226814
v 138.774017 28.893099 -67.226814
v 138.774017 7.340806 -64.349899
v 138.774017 28.893099 -64.349899
v 135.897110 28.893099 -64.349899
v 138.774017 7.340806 -64.349899
v 135.897110 28.893099 -64.349899
v 135.897110 7.340806 -64.349899
v 135.897110 -1.640780 -67.226814
v 135.897110 -1.640780 -64.349899
v 135.897110 7.340806 -64.349899
v 135.897110 7.340806 -67.226814
v 135.897110 -1.640780 -67.226814
v 135.897110 7.340806 -64.349899
v 138.774017 7.340806 -64.349899
v 138.774017 -1.640779 -64.349899
v 138.774017 7.340806 -67.226814
v 138.774017 -1.640779 -64.349899
v 138.774017 -1.640779 -67.226814
v 138.774017 7.340806 -67.226814
v 138.774017 7.340806 -67.226814
v 138.774017 -1.640779 -67.226814
v 135.897110 7.340806 -67.226814
v 138.774017 -1.640779 -67.226814
v 135.897110 -1.640780 -67.226814
v 135.897110 7.340806 -67.226814
v 135.897110 -1.640780 -64.349899
v 138.774017 -1.640779 -64.349899
v 138.774017 7.340806 -64.349899
v 135.897110 7.340806 -64.349899
v 135.897110 -1.640780 -64.349899
v 138.774017 7.340806 -64.349899
v 138.412643 33.562820 -64.711266
v 137.335556 39.313141 -65.788353
v 136.258469 33.562820 -64.711266
v 139.131882 32.485733 -63.992039
v 138.412643 33.562820 -66.865448
v 138.412643 33.562820 -64.711266
v 139.131882 32.485733 -63.992039
v 139.131882 32.485733 -67.584671
v 138.412643 33.562820 -66.865448
v 137.335556 39.313141 -65.788353
v 138.412643 33.562820 -64.711266
v 138.412643 33.562820 -66.865448
v 135.539246 32.485733 -67.584671
v 135.539246 32.485733 -63.992039
v 136.258469 33.562820 -64.711266
v 135.539246 32.485733 -67.584671
v 136.258469 33.562820 -64.711266
v 136.258469 33.562820 -66.865440
v 137.335556 39.313141 -65.788353
v 136.258469 33.562820 -66.865440
v 136.258469 33.562820 -64.711266
v 139.131882 32.485733 -67.584671
v 135.539246 32.485733 -67.584671
v 138.412643 33.562820 -66.865448
v 135.539246 32.485733 -67.584671
v 136.258469 33.562820 -66.865440
v 138.412643 33.562820 -66.865448
v 138.412643 33.562820 -64.711266
v 136.258469 33.562820 -64.711266
v 135.539246 32.485733 -63.992039
v 138.412643 33.562820 -64.711266
v 135.539246 32.485733 -63.992039
v 139.131882 32.485733 -63.992039
v 136.258469 33.562820 -66.865440
v 137.335556 39.313141 -65.788353
v 138.412643 33.562820 -66.865448
v 135.539246 32.485733 -63.992039
v 135.539246 32.485733 -67.584671
v 139.131882 32.485733 -67.584671
v 135.539246 32.485733 -63.992039
v 139.131882 32.485733 -67.584671
v 139.131882 32.485733 -63.992039
v 135.897110 28.893099 -64.349899
v 135.897110 32.485733 -67.226814
v 135.897110 28.893099 -67.226814
v 135.897110 28.893099 -64.349899
v 135.897110 32.485733 -64.349899
v 138.774017 28.893099 -67.226814
v 138.774017 32.485733 -64.349899
v 138.774017 28.893099 -64.349899
v 138.774017 28.893099 -67.226814
v 138.774017 32.485733 -67.226814
v 138.774017 32.485733 -64.349899
v 138.774017 28.893099 -64.349899
v 135.897110 32.485733 -64.349899
v 135.897110 28.893099 -64.349899
v 138.774017 28.893099 -64.349899
v 138.774017 32.485733 -64.349899
v 135.897110 28.893099 -67.226814
v 138.774017 32.485733 -67.226814
v 138.774017 28.893099 -67.226814
v 135.897110 28.893099 -67.226814
v 135.897110 32.485733 -67.226814
v 138.774017 32.485733 -67.226814
vn -1.0000 -0.0000 -0.0000
vn 1.0000 -0.0000 -0.0000
vn -0.0000 -0.0000 -1.0000
vn -0.0000 -0.0000 1.0000
vn -0.0000 0.1841 0.9829
vn 0.8316 0.5553 -0.0000
vn 0.9829 0.1841 -0.0000
vn -0.8316 0.5553 -0.0000
vn -0.9829 0.1841 -0.0000
vn -0.0000 0.5553 -0.8316
vn -0.0000 0.5553 0.8316
vn -0.0000 0.1841 -0.9829
vn -0.0000 -1.0000 -0.0000
vt 0.966797 -0.966797
vt 0.966797 6.517578
vt 0.000000 6.517578
vt 0.000000 -0.966797
vt 7.953125 -0.966797
vt 8.951172 6.519531
vt 8.951172 -0.966797
vt 7.953125 6.519531
vt 0.000000 2.152344
vt 0.966797 2.152344
vt 10.947266 2.152344
vt 10.947266 -0.966797
vt 9.949219 2.152344
vt 9.949219 -0.966797
vt 1.964844 -0.218750
vt 1.216797 3.773438
vt 0.468750 -0.218750
vt 0.466797 -0.218750
vt 2.464844 -0.966797
vt 2.462891 -0.966797
vt 0.134766 1.861328
vt 0.468750 1.861328
vt 0.468750 2.193359
vt 0.134766 2.193359
vt 0.966797 -0.982422
vt 0.000000 0.000000
vt 0.000000 -0.982422
vt 0.966797 0.000000
s 1
usemtl Material_0.059
f 5721/1445/670 5722/1446/670 5723/1447/670
f 5724/1445/670 5725/1447/670 5726/1448/670
f 5727/1448/671 5728/1447/671 5729/1446/671
f 5730/1448/671 5731/1446/671 5732/1445/671
f 5733/1449/672 5734/1450/672 5735/1451/672
f 5736/1449/672 5737/1452/672 5738/1450/672
f 5739/1451/673 5740/1450/673 5741/1452/673
f 5742/1451/673 5743/1452/673 5744/1449/673
f 5745/1445/670 5746/1448/670 5747/1453/670
f 5748/1454/670 5749/1445/670 5750/1453/670
f 5751/1453/671 5752/1448/671 5753/1454/671
f 5754/1448/671 5755/1445/671 5756/1454/671
f 5757/1455/672 5758/1456/672 5759/1457/672
f 5760/1456/672 5761/1458/672 5762/1457/672
f 5763/1458/673 5764/1456/673 5765/1455/673
f 5766/1457/673 5767/1458/673 5768/1455/673
usemtl Material_1.059
f 5769/1459/674 5770/1460/674 5771/1461/674
f 5772/1448/675 5773/1459/675 5774/1462/675
f 5775/1448/675 5776/1463/675 5777/1459/675
f 5778/1460/676 5779/1461/676 5780/1459/676
f 5781/1448/677 5782/1463/677 5783/1459/677
f 5784/1448/677 5785/1459/677 5786/1461/677
f 5787/1460/678 5788/1461/678 5789/1459/678
f 5790/1448/679 5791/1463/679 5792/1461/679
f 5793/1463/679 5794/1459/679 5795/1461/679
f 5796/1459/680 5797/1461/680 5798/1448/680
f 5799/1459/680 5800/1448/680 5801/1464/680
f 5802/1459/681 5803/1460/681 5804/1461/681
f 5805/1465/682 5806/1466/682 5807/1467/682
f 5808/1465/682 5809/1467/682 5810/1468/682
usemtl Material_3.059
f 5811/1469/670 5812/1470/670 5813/1471/670
f 5814/1469/670 5815/1472/670 5812/1470/670
f 5816/1471/671 5817/1472/671 5818/1469/671
f 5819/1471/671 5820/1470/671 5821/1472/671
f 5822/1469/673 5823/1470/673 5824/1471/673
f 5825/1469/673 5826/1472/673 5823/1470/673
f 5827/1471/672 5828/1472/672 5829/1469/672
f 5830/1471/672 5831/1470/672 5832/1472/672
o node.053
v 135.897110 7.340806 -72.198181
v 135.897110 28.893099 -72.198181
v 135.897110 28.893099 -75.075096
v 135.897110 7.340806 -72.198181
v 135.897110 28.893099 -75.075096
v 135.897110 7.340806 -75.075096
v 138.774017 7.340806 -75.075096
v 138.774017 28.893099 -75.075096
v 138.774017 28.893099 -72.198181
v 138.774017 7.340806 -75.075096
v 138.774017 28.893099 -72.198181
v 138.774017 7.340806 -72.198181
v 135.897110 7.340806 -75.075096
v 138.774017 28.893099 -75.075096
v 138.774017 7.340806 -75.075096
v 135.897110 7.340806 -75.075096
v 135.897110 28.893099 -75.075096
v 138.774017 28.893099 -75.075096
v 138.774017 7.340806 -72.198181
v 138.774017 28.893099 -72.198181
v 135.897110 28.893099 -72.198181
v 138.774017 7.340806 -72.198181
v 135.897110 28.893099 -72.198181
v 135.897110 7.340806 -72.198181
v 135.897110 -1.640780 -75.075096
v 135.897110 -1.640780 -72.198181
v 135.897110 7.340806 -72.198181
v 135.897110 7.340806 -75.075096
v 135.897110 -1.640780 -75.075096
v 135.897110 7.340806 -72.198181
v 138.774017 7.340806 -72.198181
v 138.774017 -1.640779 -72.198181
v 138.774017 7.340806 -75.075096
v 138.774017 -1.640779 -72.198181
v 138.774017 -1.640779 -75.075096
v 138.774017 7.340806 -75.075096
v 138.774017 7.340806 -75.075096
v 138.774017 -1.640779 -75.075096
v 135.897110 7.340806 -75.075096
v 138.774017 -1.640779 -75.075096
v 135.897110 -1.640780 -75.075096
v 135.897110 7.340806 -75.075096
v 135.897110 -1.640780 -72.198181
v 138.774017 -1.640779 -72.198181
v 138.774017 7.340806 -72.198181
v 135.897110 7.340806 -72.198181
v 135.897110 -1.640780 -72.198181
v 138.774017 7.340806 -72.198181
v 138.412643 33.562820 -72.559547
v 137.335556 39.313141 -73.636635
v 136.258469 33.562820 -72.559547
v 139.131882 32.485733 -71.840317
v 138.412643 33.562820 -74.713730
v 138.412643 33.562820 -72.559547
v 139.131882 32.485733 -71.840317
v 139.131882 32.485733 -75.432953
v 138.412643 33.562820 -74.713730
v 137.335556 39.313141 -73.636635
v 138.412643 33.562820 -72.559547
v 138.412643 33.562820 -74.713730
v 135.539246 32.485733 -75.432953
v 135.539246 32.485733 -71.840317
v 136.258469 33.562820 -72.559547
v 135.539246 32.485733 -75.432953
v 136.258469 33.562820 -72.559547
v 136.258469 33.562820 -74.713722
v 137.335556 39.313141 -73.636635
v 136.258469 33.562820 -74.713722
v 136.258469 33.562820 -72.559547
v 139.131882 32.485733 -75.432953
v 135.539246 32.485733 -75.432953
v 138.412643 33.562820 -74.713730
v 135.539246 32.485733 -75.432953
v 136.258469 33.562820 -74.713722
v 138.412643 33.562820 -74.713730
v 138.412643 33.562820 -72.559547
v 136.258469 33.562820 -72.559547
v 135.539246 32.485733 -71.840317
v 138.412643 33.562820 -72.559547
v 135.539246 32.485733 -71.840317
v 139.131882 32.485733 -71.840317
v 136.258469 33.562820 -74.713722
v 137.335556 39.313141 -73.636635
v 138.412643 33.562820 -74.713730
v 135.539246 32.485733 -71.840317
v 135.539246 32.485733 -75.432953
v 139.131882 32.485733 -75.432953
v 135.539246 32.485733 -71.840317
v 139.131882 32.485733 -75.432953
v 139.131882 32.485733 -71.840317
v 135.897110 28.893099 -72.198181
v 135.897110 32.485733 -75.075096
v 135.897110 28.893099 -75.075096
v 135.897110 28.893099 -72.198181
v 135.897110 32.485733 -72.198181
v 138.774017 28.893099 -75.075096
v 138.774017 32.485733 -72.198181
v 138.774017 28.893099 -72.198181
v 138.774017 28.893099 -75.075096
v 138.774017 32.485733 -75.075096
v 138.774017 32.485733 -72.198181
v 138.774017 28.893099 -72.198181
v 135.897110 32.485733 -72.198181
v 135.897110 28.893099 -72.198181
v 138.774017 28.893099 -72.198181
v 138.774017 32.485733 -72.198181
v 135.897110 28.893099 -75.075096
v 138.774017 32.485733 -75.075096
v 138.774017 28.893099 -75.075096
v 135.897110 28.893099 -75.075096
v 135.897110 32.485733 -75.075096
v 138.774017 32.485733 -75.075096
vn -1.0000 -0.0000 -0.0000
vn 1.0000 -0.0000 -0.0000
vn -0.0000 -0.0000 -1.0000
vn -0.0000 -0.0000 1.0000
vn -0.0000 0.1841 0.9829
vn 0.8316 0.5553 -0.0000
vn 0.9829 0.1841 -0.0000
vn -0.8316 0.5553 -0.0000
vn -0.9829 0.1841 -0.0000
vn -0.0000 0.5553 -0.8316
vn -0.0000 0.5553 0.8316
vn -0.0000 0.1841 -0.9829
vn -0.0000 -1.0000 -0.0000
vt 0.966797 -0.966797
vt 0.966797 6.517578
vt 0.000000 6.517578
vt 0.000000 -0.966797
vt 7.953125 -0.966797
vt 8.951172 6.519531
vt 8.951172 -0.966797
vt 7.953125 6.519531
vt 0.000000 2.152344
vt 0.966797 2.152344
vt 10.947266 2.152344
vt 10.947266 -0.966797
vt 9.949219 2.152344
vt 9.949219 -0.966797
vt 1.964844 -0.218750
vt 1.216797 3.773438
vt 0.468750 -0.218750
vt 0.466797 -0.218750
vt 2.464844 -0.966797
vt 2.462891 -0.966797
vt 0.134766 1.861328
vt 0.468750 1.861328
vt 0.468750 2.193359
vt 0.134766 2.193359
vt 0.966797 -0.982422
vt 0.000000 0.000000
vt 0.000000 -0.982422
vt 0.966797 0.000000
s 1
usemtl Material_0.060
f 5833/1473/683 5834/1474/683 5835/1475/683
f 5836/1473/683 5837/1475/683 5838/1476/683
f 5839/1476/684 5840/1475/684 5841/1474/684
f 5842/1476/684 5843/1474/684 5844/1473/684
f 5845/1477/685 5846/1478/685 5847/1479/685
f 5848/1477/685 5849/1480/685 5850/1478/685
f 5851/1479/686 5852/1478/686 5853/1480/686
f 5854/1479/686 5855/1480/686 5856/1477/686
f 5857/1473/683 5858/1476/683 5859/1481/683
f 5860/1482/683 5861/1473/683 5862/1481/683
f 5863/1481/684 5864/1476/684 5865/1482/684
f 5866/1476/684 5867/1473/684 5868/1482/684
f 5869/1483/685 5870/1484/685 5871/1485/685
f 5872/1484/685 5873/1486/685 5874/1485/685
f 5875/1486/686 5876/1484/686 5877/1483/686
f 5878/1485/686 5879/1486/686 5880/1483/686
usemtl Material_1.060
f 5881/1487/687 5882/1488/687 5883/1489/687
f 5884/1476/688 5885/1487/688 5886/1490/688
f 5887/1476/688 5888/1491/688 5889/1487/688
f 5890/1488/689 5891/1489/689 5892/1487/689
f 5893/1476/690 5894/1491/690 5895/1487/690
f 5896/1476/690 5897/1487/690 5898/1489/690
f 5899/1488/691 5900/1489/691 5901/1487/691
f 5902/1476/692 5903/1491/692 5904/1489/692
f 5905/1491/692 5906/1487/692 5907/1489/692
f 5908/1487/693 5909/1489/693 5910/1476/693
f 5911/1487/693 5912/1476/693 5913/1492/693
f 5914/1487/694 5915/1488/694 5916/1489/694
f 5917/1493/695 5918/1494/695 5919/1495/695
f 5920/1493/695 5921/1495/695 5922/1496/695
usemtl Material_3.060
f 5923/1497/683 5924/1498/683 5925/1499/683
f 5926/1497/683 5927/1500/683 5924/1498/683
f 5928/1499/684 5929/1500/684 5930/1497/684
f 5931/1499/684 5932/1498/684 5933/1500/684
f 5934/1497/686 5935/1498/686 5936/1499/686
f 5937/1497/686 5938/1500/686 5935/1498/686
f 5939/1499/685 5940/1500/685 5941/1497/685
f 5942/1499/685 5943/1498/685 5944/1500/685
o node.054
v 135.897110 7.340806 -79.976532
v 135.897110 28.893099 -79.976532
v 135.897110 28.893099 -82.853447
v 135.897110 7.340806 -79.976532
v 135.897110 28.893099 -82.853447
v 135.897110 7.340806 -82.853447
v 138.774017 7.340806 -82.853447
v 138.774017 28.893099 -82.853447
v 138.774017 28.893099 -79.976532
v 138.774017 7.340806 -82.853447
v 138.774017 28.893099 -79.976532
v 138.774017 7.340806 -79.976532
v 135.897110 7.340806 -82.853447
v 138.774017 28.893099 -82.853447
v 138.774017 7.340806 -82.853447
v 135.897110 7.340806 -82.853447
v 135.897110 28.893099 -82.853447
v 138.774017 28.893099 -82.853447
v 138.774017 7.340806 -79.976532
v 138.774017 28.893099 -79.976532
v 135.897110 28.893099 -79.976532
v 138.774017 7.340806 -79.976532
v 135.897110 28.893099 -79.976532
v 135.897110 7.340806 -79.976532
v 135.897110 -1.640780 -82.853447
v 135.897110 -1.640780 -79.976532
v 135.897110 7.340806 -79.976532
v 135.897110 7.340806 -82.853447
v 135.897110 -1.640780 -82.853447
v 135.897110 7.340806 -79.976532
v 138.774017 7.340806 -79.976532
v 138.774017 -1.640779 -79.976532
v 138.774017 7.340806 -82.853447
v 138.774017 -1.640779 -79.976532
v 138.774017 -1.640779 -82.853447
v 138.774017 7.340806 -82.853447
v 138.774017 7.340806 -82.853447
v 138.774017 -1.640779 -82.853447
v 135.897110 7.340806 -82.853447
v 138.774017 -1.640779 -82.853447
v 135.897110 -1.640780 -82.853447
v 135.897110 7.340806 -82.853447
v 135.897110 -1.640780 -79.976532
v 138.774017 -1.640779 -79.976532
v 138.774017 7.340806 -79.976532
v 135.897110 7.340806 -79.976532
v 135.897110 -1.640780 -79.976532
v 138.774017 7.340806 -79.976532
v 138.412643 33.562820 -80.337898
v 137.335556 39.313141 -81.414986
v 136.258469 33.562820 -80.337898
v 139.131882 32.485733 -79.618668
v 138.412643 33.562820 -82.492081
v 138.412643 33.562820 -80.337898
v 139.131882 32.485733 -79.618668
v 139.131882 32.485733 -83.211304
v 138.412643 33.562820 -82.492081
v 137.335556 39.313141 -81.414986
v 138.412643 33.562820 -80.337898
v 138.412643 33.562820 -82.492081
v 135.539246 32.485733 -83.211304
v 135.539246 32.485733 -79.618668
v 136.258469 33.562820 -80.337898
v 135.539246 32.485733 -83.211304
v 136.258469 33.562820 -80.337898
v 136.258469 33.562820 -82.492073
v 137.335556 39.313141 -81.414986
v 136.258469 33.562820 -82.492073
v 136.258469 33.562820 -80.337898
v 139.131882 32.485733 -83.211304
v 135.539246 32.485733 -83.211304
v 138.412643 33.562820 -82.492081
v 135.539246 32.485733 -83.211304
v 136.258469 33.562820 -82.492073
v 138.412643 33.562820 -82.492081
v 138.412643 33.562820 -80.337898
v 136.258469 33.562820 -80.337898
v 135.539246 32.485733 -79.618668
v 138.412643 33.562820 -80.337898
v 135.539246 32.485733 -79.618668
v 139.131882 32.485733 -79.618668
v 136.258469 33.562820 -82.492073
v 137.335556 39.313141 -81.414986
v 138.412643 33.562820 -82.492081
v 135.539246 32.485733 -79.618668
v 135.539246 32.485733 -83.211304
v 139.131882 32.485733 -83.211304
v 135.539246 32.485733 -79.618668
v 139.131882 32.485733 -83.211304
v 139.131882 32.485733 -79.618668
v 135.897110 28.893099 -79.976532
v 135.897110 32.485733 -82.853447
v 135.897110 28.893099 -82.853447
v 135.897110 28.893099 -79.976532
v 135.897110 32.485733 -79.976532
v 138.774017 28.893099 -82.853447
v 138.774017 32.485733 -79.976532
v 138.774017 28.893099 -79.976532
v 138.774017 28.893099 -82.853447
v 138.774017 32.485733 -82.853447
v 138.774017 32.485733 -79.976532
v 138.774017 28.893099 -79.976532
v 135.897110 32.485733 -79.976532
v 135.897110 28.893099 -79.976532
v 138.774017 28.893099 -79.976532
v 138.774017 32.485733 -79.976532
v 135.897110 28.893099 -82.853447
v 138.774017 32.485733 -82.853447
v 138.774017 28.893099 -82.853447
v 135.897110 28.893099 -82.853447
v 135.897110 32.485733 -82.853447
v 138.774017 32.485733 -82.853447
vn -1.0000 -0.0000 -0.0000
vn 1.0000 -0.0000 -0.0000
vn -0.0000 -0.0000 -1.0000
vn -0.0000 -0.0000 1.0000
vn -0.0000 0.1841 0.9829
vn 0.8316 0.5553 -0.0000
vn 0.9829 0.1841 -0.0000
vn -0.8316 0.5553 -0.0000
vn -0.9829 0.1841 -0.0000
vn -0.0000 0.5553 -0.8316
vn -0.0000 0.5553 0.8316
vn -0.0000 0.1841 -0.9829
vn -0.0000 -1.0000 -0.0000
vt 0.966797 -0.966797
vt 0.966797 6.517578
vt 0.000000 6.517578
vt 0.000000 -0.966797
vt 7.953125 -0.966797
vt 8.951172 6.519531
vt 8.951172 -0.966797
vt 7.953125 6.519531
vt 0.000000 2.152344
vt 0.966797 2.152344
vt 10.947266 2.152344
vt 10.947266 -0.966797
vt 9.949219 2.152344
vt 9.949219 -0.966797
vt 1.964844 -0.218750
vt 1.216797 3.773438
vt 0.468750 -0.218750
vt 0.466797 -0.218750
vt 2.464844 -0.966797
vt 2.462891 -0.966797
vt 0.134766 1.861328
vt 0.468750 1.861328
vt 0.468750 2.193359
vt 0.134766 2.193359
vt 0.966797 -0.982422
vt 0.000000 0.000000
vt 0.000000 -0.982422
vt 0.966797 0.000000
s 1
usemtl Material_0.061
f 5945/1501/696 5946/1502/696 5947/1503/696
f 5948/1501/696 5949/1503/696 5950/1504/696
f 5951/1504/697 5952/1503/697 5953/1502/697
f 5954/1504/697 5955/1502/697 5956/1501/697
f 5957/1505/698 5958/1506/698 5959/1507/698
f 5960/1505/698 5961/1508/698 5962/1506/698
f 5963/1507/699 5964/1506/699 5965/1508/699
f 5966/1507/699 5967/1508/699 5968/1505/699
f 5969/1501/696 5970/1504/696 5971/1509/696
f 5972/1510/696 5973/1501/696 5974/1509/696
f 5975/1509/697 5976/1504/697 5977/1510/697
f 5978/1504/697 5979/1501/697 5980/1510/697
f 5981/1511/698 5982/1512/698 5983/1513/698
f 5984/1512/698 5985/1514/698 5986/1513/698
f 5987/1514/699 5988/1512/699 5989/1511/699
f 5990/1513/699 5991/1514/699 5992/1511/699
usemtl Material_1.061
f 5993/1515/700 5994/1516/700 5995/1517/700
f 5996/1504/701 5997/1515/701 5998/1518/701
f 5999/1504/701 6000/1519/701 6001/1515/701
f 6002/1516/702 6003/1517/702 6004/1515/702
f 6005/1504/703 6006/1519/703 6007/1515/703
f 6008/1504/703 6009/1515/703 6010/1517/703
f 6011/1516/704 6012/1517/704 6013/1515/704
f 6014/1504/705 6015/1519/705 6016/1517/705
f 6017/1519/705 6018/1515/705 6019/1517/705
f 6020/1515/706 6021/1517/706 6022/1504/706
f 6023/1515/706 6024/1504/706 6025/1520/706
f 6026/1515/707 6027/1516/707 6028/1517/707
f 6029/1521/708 6030/1522/708 6031/1523/708
f 6032/1521/708 6033/1523/708 6034/1524/708
usemtl Material_3.061
f 6035/1525/696 6036/1526/696 6037/1527/696
f 6038/1525/696 6039/1528/696 6036/1526/696
f 6040/1527/697 6041/1528/697 6042/1525/697
f 6043/1527/697 6044/1526/697 6045/1528/697
f 6046/1525/699 6047/1526/699 6048/1527/699
f 6049/1525/699 6050/1528/699 6047/1526/699
f 6051/1527/698 6052/1528/698 6053/1525/698
f 6054/1527/698 6055/1526/698 6056/1528/698
o node.055
v 135.897110 7.340806 -88.658798
v 135.897110 28.893099 -88.658798
v 135.897110 28.893099 -91.535713
v 135.897110 7.340806 -88.658798
v 135.897110 28.893099 -91.535713
v 135.897110 7.340806 -91.535713
v 138.774017 7.340806 -91.535713
v 138.774017 28.893099 -91.535713
v 138.774017 28.893099 -88.658798
v 138.774017 7.340806 -91.535713
v 138.774017 28.893099 -88.658798
v 138.774017 7.340806 -88.658798
v 135.897110 7.340806 -91.535713
v 138.774017 28.893099 -91.535713
v 138.774017 7.340806 -91.535713
v 135.897110 7.340806 -91.535713
v 135.897110 28.893099 -91.535713
v 138.774017 28.893099 -91.535713
v 138.774017 7.340806 -88.658798
v 138.774017 28.893099 -88.658798
v 135.897110 28.893099 -88.658798
v 138.774017 7.340806 -88.658798
v 135.897110 28.893099 -88.658798
v 135.897110 7.340806 -88.658798
v 135.897110 -1.640780 -91.535713
v 135.897110 -1.640780 -88.658798
v 135.897110 7.340806 -88.658798
v 135.897110 7.340806 -91.535713
v 135.897110 -1.640780 -91.535713
v 135.897110 7.340806 -88.658798
v 138.774017 7.340806 -88.658798
v 138.774017 -1.640779 -88.658798
v 138.774017 7.340806 -91.535713
v 138.774017 -1.640779 -88.658798
v 138.774017 -1.640779 -91.535713
v 138.774017 7.340806 -91.535713
v 138.774017 7.340806 -91.535713
v 138.774017 -1.640779 -91.535713
v 135.897110 7.340806 -91.535713
v 138.774017 -1.640779 -91.535713
v 135.897110 -1.640780 -91.535713
v 135.897110 7.340806 -91.535713
v 135.897110 -1.640780 -88.658798
v 138.774017 -1.640779 -88.658798
v 138.774017 7.340806 -88.658798
v 135.897110 7.340806 -88.658798
v 135.897110 -1.640780 -88.658798
v 138.774017 7.340806 -88.658798
v 138.412643 33.562820 -89.020164
v 137.335556 39.313141 -90.097252
v 136.258469 33.562820 -89.020164
v 139.131882 32.485733 -88.300934
v 138.412643 33.562820 -91.174347
v 138.412643 33.562820 -89.020164
v 139.131882 32.485733 -88.300934
v 139.131882 32.485733 -91.893570
v 138.412643 33.562820 -91.174347
v 137.335556 39.313141 -90.097252
v 138.412643 33.562820 -89.020164
v 138.412643 33.562820 -91.174347
v 135.539246 32.485733 -91.893570
v 135.539246 32.485733 -88.300934
v 136.258469 33.562820 -89.020164
v 135.539246 32.485733 -91.893570
v 136.258469 33.562820 -89.020164
v 136.258469 33.562820 -91.174339
v 137.335556 39.313141 -90.097252
v 136.258469 33.562820 -91.174339
v 136.258469 33.562820 -89.020164
v 139.131882 32.485733 -91.893570
v 135.539246 32.485733 -91.893570
v 138.412643 33.562820 -91.174347
v 135.539246 32.485733 -91.893570
v 136.258469 33.562820 -91.174339
v 138.412643 33.562820 -91.174347
v 138.412643 33.562820 -89.020164
v 136.258469 33.562820 -89.020164
v 135.539246 32.485733 -88.300934
v 138.412643 33.562820 -89.020164
v 135.539246 32.485733 -88.300934
v 139.131882 32.485733 -88.300934
v 136.258469 33.562820 -91.174339
v 137.335556 39.313141 -90.097252
v 138.412643 33.562820 -91.174347
v 135.539246 32.485733 -88.300934
v 135.539246 32.485733 -91.893570
v 139.131882 32.485733 -91.893570
v 135.539246 32.485733 -88.300934
v 139.131882 32.485733 -91.893570
v 139.131882 32.485733 -88.300934
v 135.897110 28.893099 -88.658798
v 135.897110 32.485733 -91.535713
v 135.897110 28.893099 -91.535713
v 135.897110 28.893099 -88.658798
v 135.897110 32.485733 -88.658798
v 138.774017 28.893099 -91.535713
v 138.774017 32.485733 -88.658798
v 138.774017 28.893099 -88.658798
v 138.774017 28.893099 -91.535713
v 138.774017 32.485733 -91.535713
v 138.774017 32.485733 -88.658798
v 138.774017 28.893099 -88.658798
v 135.897110 32.485733 -88.658798
v 135.897110 28.893099 -88.658798
v 138.774017 28.893099 -88.658798
v 138.774017 32.485733 -88.658798
v 135.897110 28.893099 -91.535713
v 138.774017 32.485733 -91.535713
v 138.774017 28.893099 -91.535713
v 135.897110 28.893099 -91.535713
v 135.897110 32.485733 -91.535713
v 138.774017 32.485733 -91.535713
vn -1.0000 -0.0000 -0.0000
vn 1.0000 -0.0000 -0.0000
vn -0.0000 -0.0000 -1.0000
vn -0.0000 -0.0000 1.0000
vn -0.0000 0.1841 0.9829
vn 0.8316 0.5553 -0.0000
vn 0.9829 0.1841 -0.0000
vn -0.8316 0.5553 -0.0000
vn -0.9829 0.1841 -0.0000
vn -0.0000 0.5553 -0.8316
vn -0.0000 0.5553 0.8316
vn -0.0000 0.1841 -0.9829
vn -0.0000 -1.0000 -0.0000
vt 0.966797 -0.966797
vt 0.966797 6.517578
vt 0.000000 6.517578
vt 0.000000 -0.966797
vt 7.953125 -0.966797
vt 8.951172 6.519531
vt 8.951172 -0.966797
vt 7.953125 6.519531
vt 0.000000 2.152344
vt 0.966797 2.152344
vt 10.947266 2.152344
vt 10.947266 -0.966797
vt 9.949219 2.152344
vt 9.949219 -0.966797
vt 1.964844 -0.218750
vt 1.216797 3.773438
vt 0.468750 -0.218750
vt 0.466797 -0.218750
vt 2.464844 -0.966797
vt 2.462891 -0.966797
vt 0.134766 1.861328
vt 0.468750 1.861328
vt 0.468750 2.193359
vt 0.134766 2.193359
vt 0.966797 -0.982422
vt 0.000000 0.000000
vt 0.000000 -0.982422
vt 0.966797 0.000000
s 1
usemtl Material_0.062
f 6057/1529/709 6058/1530/709 6059/1531/709
f 6060/1529/709 6061/1531/709 6062/1532/709
f 6063/1532/710 6064/1531/710 6065/1530/710
f 6066/1532/710 6067/1530/710 6068/1529/710
f 6069/1533/711 6070/1534/711 6071/1535/711
f 6072/1533/711 6073/1536/711 6074/1534/711
f 6075/1535/712 6076/1534/712 6077/1536/712
f 6078/1535/712 6079/1536/712 6080/1533/712
f 6081/1529/709 6082/1532/709 6083/1537/709
f 6084/1538/709 6085/1529/709 6086/1537/709
f 6087/1537/710 6088/1532/710 6089/1538/710
f 6090/1532/710 6091/1529/710 6092/1538/710
f 6093/1539/711 6094/1540/711 6095/1541/711
f 6096/1540/711 6097/1542/711 6098/1541/711
f 6099/1542/712 6100/1540/712 6101/1539/712
f 6102/1541/712 6103/1542/712 6104/1539/712
usemtl Material_1.062
f 6105/1543/713 6106/1544/713 6107/1545/713
f 6108/1532/714 6109/1543/714 6110/1546/714
f 6111/1532/714 6112/1547/714 6113/1543/714
f 6114/1544/715 6115/1545/715 6116/1543/715
f 6117/1532/716 6118/1547/716 6119/1543/716
f 6120/1532/716 6121/1543/716 6122/1545/716
f 6123/1544/717 6124/1545/717 6125/1543/717
f 6126/1532/718 6127/1547/718 6128/1545/718
f 6129/1547/718 6130/1543/718 6131/1545/718
f 6132/1543/719 6133/1545/719 6134/1532/719
f 6135/1543/719 6136/1532/719 6137/1548/719
f 6138/1543/720 6139/1544/720 6140/1545/720
f 6141/1549/721 6142/1550/721 6143/1551/721
f 6144/1549/721 6145/1551/721 6146/1552/721
usemtl Material_3.062
f 6147/1553/709 6148/1554/709 6149/1555/709
f 6150/1553/709 6151/1556/709 6148/1554/709
f 6152/1555/710 6153/1556/710 6154/1553/710
f 6155/1555/710 6156/1554/710 6157/1556/710
f 6158/1553/712 6159/1554/712 6160/1555/712
f 6161/1553/712 6162/1556/712 6159/1554/712
f 6163/1555/711 6164/1556/711 6165/1553/711
f 6166/1555/711 6167/1554/711 6168/1556/711
o node.056
v 135.897110 7.340806 -96.609756
v 135.897110 28.893099 -96.609756
v 135.897110 28.893099 -99.486671
v 135.897110 7.340806 -96.609756
v 135.897110 28.893099 -99.486671
v 135.897110 7.340806 -99.486671
v 138.774017 7.340806 -99.486671
v 138.774017 28.893099 -99.486671
v 138.774017 28.893099 -96.609756
v 138.774017 7.340806 -99.486671
v 138.774017 28.893099 -96.609756
v 138.774017 7.340806 -96.609756
v 135.897110 7.340806 -99.486671
v 138.774017 28.893099 -99.486671
v 138.774017 7.340806 -99.486671
v 135.897110 7.340806 -99.486671
v 135.897110 28.893099 -99.486671
v 138.774017 28.893099 -99.486671
v 138.774017 7.340806 -96.609756
v 138.774017 28.893099 -96.609756
v 135.897110 28.893099 -96.609756
v 138.774017 7.340806 -96.609756
v 135.897110 28.893099 -96.609756
v 135.897110 7.340806 -96.609756
v 135.897110 -1.640780 -99.486671
v 135.897110 -1.640780 -96.609756
v 135.897110 7.340806 -96.609756
v 135.897110 7.340806 -99.486671
v 135.897110 -1.640780 -99.486671
v 135.897110 7.340806 -96.609756
v 138.774017 7.340806 -96.609756
v 138.774017 -1.640779 -96.609756
v 138.774017 7.340806 -99.486671
v 138.774017 -1.640779 -96.609756
v 138.774017 -1.640779 -99.486671
v 138.774017 7.340806 -99.486671
v 138.774017 7.340806 -99.486671
v 138.774017 -1.640779 -99.486671
v 135.897110 7.340806 -99.486671
v 138.774017 -1.640779 -99.486671
v 135.897110 -1.640780 -99.486671
v 135.897110 7.340806 -99.486671
v 135.897110 -1.640780 -96.609756
v 138.774017 -1.640779 -96.609756
v 138.774017 7.340806 -96.609756
v 135.897110 7.340806 -96.609756
v 135.897110 -1.640780 -96.609756
v 138.774017 7.340806 -96.609756
v 138.412643 33.562820 -96.971123
v 137.335556 39.313141 -98.048210
v 136.258469 33.562820 -96.971123
v 139.131882 32.485733 -96.251892
v 138.412643 33.562820 -99.125305
v 138.412643 33.562820 -96.971123
v 139.131882 32.485733 -96.251892
v 139.131882 32.485733 -99.844528
v 138.412643 33.562820 -99.125305
v 137.335556 39.313141 -98.048210
v 138.412643 33.562820 -96.971123
v 138.412643 33.562820 -99.125305
v 135.539246 32.485733 -99.844528
v 135.539246 32.485733 -96.251892
v 136.258469 33.562820 -96.971123
v 135.539246 32.485733 -99.844528
v 136.258469 33.562820 -96.971123
v 136.258469 33.562820 -99.125298
v 137.335556 39.313141 -98.048210
v 136.258469 33.562820 -99.125298
v 136.258469 33.562820 -96.971123
v 139.131882 32.485733 -99.844528
v 135.539246 32.485733 -99.844528
v 138.412643 33.562820 -99.125305
v 135.539246 32.485733 -99.844528
v 136.258469 33.562820 -99.125298
v 138.412643 33.562820 -99.125305
v 138.412643 33.562820 -96.971123
v 136.258469 33.562820 -96.971123
v 135.539246 32.485733 -96.251892
v 138.412643 33.562820 -96.971123
v 135.539246 32.485733 -96.251892
v 139.131882 32.485733 -96.251892
v 136.258469 33.562820 -99.125298
v 137.335556 39.313141 -98.048210
v 138.412643 33.562820 -99.125305
v 135.539246 32.485733 -96.251892
v 135.539246 32.485733 -99.844528
v 139.131882 32.485733 -99.844528
v 135.539246 32.485733 -96.251892
v 139.131882 32.485733 -99.844528
v 139.131882 32.485733 -96.251892
v 135.897110 28.893099 -96.609756
v 135.897110 32.485733 -99.486671
v 135.897110 28.893099 -99.486671
v 135.897110 28.893099 -96.609756
v 135.897110 32.485733 -96.609756
v 138.774017 28.893099 -99.486671
v 138.774017 32.485733 -96.609756
v 138.774017 28.893099 -96.609756
v 138.774017 28.893099 -99.486671
v 138.774017 32.485733 -99.486671
v 138.774017 32.485733 -96.609756
v 138.774017 28.893099 -96.609756
v 135.897110 32.485733 -96.609756
v 135.897110 28.893099 -96.609756
v 138.774017 28.893099 -96.609756
v 138.774017 32.485733 -96.609756
v 135.897110 28.893099 -99.486671
v 138.774017 32.485733 -99.486671
v 138.774017 28.893099 -99.486671
v 135.897110 28.893099 -99.486671
v 135.897110 32.485733 -99.486671
v 138.774017 32.485733 -99.486671
vn -1.0000 -0.0000 -0.0000
vn 1.0000 -0.0000 -0.0000
vn -0.0000 -0.0000 -1.0000
vn -0.0000 -0.0000 1.0000
vn -0.0000 0.1841 0.9829
vn 0.8316 0.5553 -0.0000
vn 0.9829 0.1841 -0.0000
vn -0.8316 0.5553 -0.0000
vn -0.9829 0.1841 -0.0000
vn -0.0000 0.5553 -0.8316
vn -0.0000 0.5553 0.8316
vn -0.0000 0.1841 -0.9829
vn -0.0000 -1.0000 -0.0000
vt 0.966797 -0.966797
vt 0.966797 6.517578
vt 0.000000 6.517578
vt 0.000000 -0.966797
vt 7.953125 -0.966797
vt 8.951172 6.519531
vt 8.951172 -0.966797
vt 7.953125 6.519531
vt 0.000000 2.152344
vt 0.966797 2.152344
vt 10.947266 2.152344
vt 10.947266 -0.966797
vt 9.949219 2.152344
vt 9.949219 -0.966797
vt 1.964844 -0.218750
vt 1.216797 3.773438
vt 0.468750 -0.218750
vt 0.466797 -0.218750
vt 2.464844 -0.966797
vt 2.462891 -0.966797
vt 0.134766 1.861328
vt 0.468750 1.861328
vt 0.468750 2.193359
vt 0.134766 2.193359
vt 0.966797 -0.982422
vt 0.000000 0.000000
vt 0.000000 -0.982422
vt 0.966797 0.000000
s 1
usemtl Material_0.063
f 6169/1557/722 6170/1558/722 6171/1559/722
f 6172/1557/722 6173/1559/722 6174/1560/722
f 6175/1560/723 6176/1559/723 6177/1558/723
f 6178/1560/723 6179/1558/723 6180/1557/723
f 6181/1561/724 6182/1562/724 6183/1563/724
f 6184/1561/724 6185/1564/724 6186/1562/724
f 6187/1563/725 6188/1562/725 6189/1564/725
f 6190/1563/725 6191/1564/725 6192/1561/725
f 6193/1557/722 6194/1560/722 6195/1565/722
f 6196/1566/722 6197/1557/722 6198/1565/722
f 6199/1565/723 6200/1560/723 6201/1566/723
f 6202/1560/723 6203/1557/723 6204/1566/723
f 6205/1567/724 6206/1568/724 6207/1569/724
f 6208/1568/724 6209/1570/724 6210/1569/724
f 6211/1570/725 6212/1568/725 6213/1567/725
f 6214/1569/725 6215/1570/725 6216/1567/725
usemtl Material_1.063
f 6217/1571/726 6218/1572/726 6219/1573/726
f 6220/1560/727 6221/1571/727 6222/1574/727
f 6223/1560/727 6224/1575/727 6225/1571/727
f 6226/1572/728 6227/1573/728 6228/1571/728
f 6229/1560/729 6230/1575/729 6231/1571/729
f 6232/1560/729 6233/1571/729 6234/1573/729
f 6235/1572/730 6236/1573/730 6237/1571/730
f 6238/1560/731 6239/1575/731 6240/1573/731
f 6241/1575/731 6242/1571/731 6243/1573/731
f 6244/1571/732 6245/1573/732 6246/1560/732
f 6247/1571/732 6248/1560/732 6249/1576/732
f 6250/1571/733 6251/1572/733 6252/1573/733
f 6253/1577/734 6254/1578/734 6255/1579/734
f 6256/1577/734 6257/1579/734 6258/1580/734
usemtl Material_3.063
f 6259/1581/722 6260/1582/722 6261/1583/722
f 6262/1581/722 6263/1584/722 6260/1582/722
f 6264/1583/723 6265/1584/723 6266/1581/723
f 6267/1583/723 6268/1582/723 6269/1584/723
f 6270/1581/725 6271/1582/725 6272/1583/725
f 6273/1581/725 6274/1584/725 6271/1582/725
f 6275/1583/724 6276/1584/724 6277/1581/724
f 6278/1583/724 6279/1582/724 6280/1584/724
o node.057
v 135.897110 7.340806 -104.139435
v 135.897110 28.893099 -104.139435
v 135.897110 28.893099 -107.016350
v 135.897110 7.340806 -104.139435
v 135.897110 28.893099 -107.016350
v 135.897110 7.340806 -107.016350
v 138.774017 7.340806 -107.016350
v 138.774017 28.893099 -107.016350
v 138.774017 28.893099 -104.139435
v 138.774017 7.340806 -107.016350
v 138.774017 28.893099 -104.139435
v 138.774017 7.340806 -104.139435
v 135.897110 7.340806 -107.016350
v 138.774017 28.893099 -107.016350
v 138.774017 7.340806 -107.016350
v 135.897110 7.340806 -107.016350
v 135.897110 28.893099 -107.016350
v 138.774017 28.893099 -107.016350
v 138.774017 7.340806 -104.139435
v 138.774017 28.893099 -104.139435
v 135.897110 28.893099 -104.139435
v 138.774017 7.340806 -104.139435
v 135.897110 28.893099 -104.139435
v 135.897110 7.340806 -104.139435
v 135.897110 -1.640780 -107.016350
v 135.897110 -1.640780 -104.139435
v 135.897110 7.340806 -104.139435
v 135.897110 7.340806 -107.016350
v 135.897110 -1.640780 -107.016350
v 135.897110 7.340806 -104.139435
v 138.774017 7.340806 -104.139435
v 138.774017 -1.640779 -104.139435
v 138.774017 7.340806 -107.016350
v 138.774017 -1.640779 -104.139435
v 138.774017 -1.640779 -107.016350
v 138.774017 7.340806 -107.016350
v 138.774017 7.340806 -107.016350
v 138.774017 -1.640779 -107.016350
v 135.897110 7.340806 -107.016350
v 138.774017 -1.640779 -107.016350
v 135.897110 -1.640780 -107.016350
v 135.897110 7.340806 -107.016350
v 135.897110 -1.640780 -104.139435
v 138.774017 -1.640779 -104.139435
v 138.774017 7.340806 -104.139435
v 135.897110 7.340806 -104.139435
v 135.897110 -1.640780 -104.139435
v 138.774017 7.340806 -104.139435
v 138.412643 33.562820 -104.500801
v 137.335556 39.313141 -105.577888
v 136.258469 33.562820 -104.500801
v 139.131882 32.485733 -103.781570
v 138.412643 33.562820 -106.654984
v 138.412643 33.562820 -104.500801
v 139.131882 32.485733 -103.781570
v 139.131882 32.485733 -107.374207
v 138.412643 33.562820 -106.654984
v 137.335556 39.313141 -105.577888
v 138.412643 33.562820 -104.500801
v 138.412643 33.562820 -106.654984
v 135.539246 32.485733 -107.374207
v 135.539246 32.485733 -103.781570
v 136.258469 33.562820 -104.500801
v 135.539246 32.485733 -107.374207
v 136.258469 33.562820 -104.500801
v 136.258469 33.562820 -106.654976
v 137.335556 39.313141 -105.577888
v 136.258469 33.562820 -106.654976
v 136.258469 33.562820 -104.500801
v 139.131882 32.485733 -107.374207
v 135.539246 32.485733 -107.374207
v 138.412643 33.562820 -106.654984
v 135.539246 32.485733 -107.374207
v 136.258469 33.562820 -106.654976
v 138.412643 33.562820 -106.654984
v 138.412643 33.562820 -104.500801
v 136.258469 33.562820 -104.500801
v 135.539246 32.485733 -103.781570
v 138.412643 33.562820 -104.500801
v 135.539246 32.485733 -103.781570
v 139.131882 32.485733 -103.781570
v 136.258469 33.562820 -106.654976
v 137.335556 39.313141 -105.577888
v 138.412643 33.562820 -106.654984
v 135.539246 32.485733 -103.781570
v 135.539246 32.485733 -107.374207
v 139.131882 32.485733 -107.374207
v 135.539246 32.485733 -103.781570
v 139.131882 32.485733 -107.374207
v 139.131882 32.485733 -103.781570
v 135.897110 28.893099 -104.139435
v 135.897110 32.485733 -107.016350
v 135.897110 28.893099 -107.016350
v 135.897110 28.893099 -104.139435
v 135.897110 32.485733 -104.139435
v 138.774017 28.893099 -107.016350
v 138.774017 32.485733 -104.139435
v 138.774017 28.893099 -104.139435
v 138.774017 28.893099 -107.016350
v 138.774017 32.485733 -107.016350
v 138.774017 32.485733 -104.139435
v 138.774017 28.893099 -104.139435
v 135.897110 32.485733 -104.139435
v 135.897110 28.893099 -104.139435
v 138.774017 28.893099 -104.139435
v 138.774017 32.485733 -104.139435
v 135.897110 28.893099 -107.016350
v 138.774017 32.485733 -107.016350
v 138.774017 28.893099 -107.016350
v 135.897110 28.893099 -107.016350
v 135.897110 32.485733 -107.016350
v 138.774017 32.485733 -107.016350
vn -1.0000 -0.0000 -0.0000
vn 1.0000 -0.0000 -0.0000
vn -0.0000 -0.0000 -1.0000
vn -0.0000 -0.0000 1.0000
vn -0.0000 0.1841 0.9829
vn 0.8316 0.5553 -0.0000
vn 0.9829 0.1841 -0.0000
vn -0.8316 0.5553 -0.0000
vn -0.9829 0.1841 -0.0000
vn -0.0000 0.5553 -0.8316
vn -0.0000 0.5553 0.8316
vn -0.0000 0.1841 -0.9829
vn -0.0000 -1.0000 -0.0000
vt 0.966797 -0.966797
vt 0.966797 6.517578
vt 0.000000 6.517578
vt 0.000000 -0.966797
vt 7.953125 -0.966797
vt 8.951172 6.519531
vt 8.951172 -0.966797
vt 7.953125 6.519531
vt 0.000000 2.152344
vt 0.966797 2.152344
vt 10.947266 2.152344
vt 10.947266 -0.966797
vt 9.949219 2.152344
vt 9.949219 -0.966797
vt 1.964844 -0.218750
vt 1.216797 3.773438
vt 0.468750 -0.218750
vt 0.466797 -0.218750
vt 2.464844 -0.966797
vt 2.462891 -0.966797
vt 0.134766 1.861328
vt 0.468750 1.861328
vt 0.468750 2.193359
vt 0.134766 2.193359
vt 0.966797 -0.982422
vt 0.000000 0.000000
vt 0.000000 -0.982422
vt 0.966797 0.000000
s 1
usemtl Material_0.064
f 6281/1585/735 6282/1586/735 6283/1587/735
f 6284/1585/735 6285/1587/735 6286/1588/735
f 6287/1588/736 6288/1587/736 6289/1586/736
f 6290/1588/736 6291/1586/736 6292/1585/736
f 6293/1589/737 6294/1590/737 6295/1591/737
f 6296/1589/737 6297/1592/737 6298/1590/737
f 6299/1591/738 6300/1590/738 6301/1592/738
f 6302/1591/738 6303/1592/738 6304/1589/738
f 6305/1585/735 6306/1588/735 6307/1593/735
f 6308/1594/735 6309/1585/735 6310/1593/735
f 6311/1593/736 6312/1588/736 6313/1594/736
f 6314/1588/736 6315/1585/736 6316/1594/736
f 6317/1595/737 6318/1596/737 6319/1597/737
f 6320/1596/737 6321/1598/737 6322/1597/737
f 6323/1598/738 6324/1596/738 6325/1595/738
f 6326/1597/738 6327/1598/738 6328/1595/738
usemtl Material_1.064
f 6329/1599/739 6330/1600/739 6331/1601/739
f 6332/1588/740 6333/1599/740 6334/1602/740
f 6335/1588/740 6336/1603/740 6337/1599/740
f 6338/1600/741 6339/1601/741 6340/1599/741
f 6341/1588/742 6342/1603/742 6343/1599/742
f 6344/1588/742 6345/1599/742 6346/1601/742
f 6347/1600/743 6348/1601/743 6349/1599/743
f 6350/1588/744 6351/1603/744 6352/1601/744
f 6353/1603/744 6354/1599/744 6355/1601/744
f 6356/1599/745 6357/1601/745 6358/1588/745
f 6359/1599/745 6360/1588/745 6361/1604/745
f 6362/1599/746 6363/1600/746 6364/1601/746
f 6365/1605/747 6366/1606/747 6367/1607/747
f 6368/1605/747 6369/1607/747 6370/1608/747
usemtl Material_3.064
f 6371/1609/735 6372/1610/735 6373/1611/735
f 6374/1609/735 6375/1612/735 6372/1610/735
f 6376/1611/736 6377/1612/736 6378/1609/736
f 6379/1611/736 6380/1610/736 6381/1612/736
f 6382/1609/738 6383/1610/738 6384/1611/738
f 6385/1609/738 6386/1612/738 6383/1610/738
f 6387/1611/737 6388/1612/737 6389/1609/737
f 6390/1611/737 6391/1610/737 6392/1612/737
o node.058
v 135.897110 7.340806 -104.139435
v 135.897110 28.893099 -104.139435
v 135.897110 28.893099 -107.016350
v 135.897110 7.340806 -104.139435
v 135.897110 28.893099 -107.016350
v 135.897110 7.340806 -107.016350
v 138.774017 7.340806 -107.016350
v 138.774017 28.893099 -107.016350
v 138.774017 28.893099 -104.139435
v 138.774017 7.340806 -107.016350
v 138.774017 28.893099 -104.139435
v 138.774017 7.340806 -104.139435
v 135.897110 7.340806 -107.016350
v 138.774017 28.893099 -107.016350
v 138.774017 7.340806 -107.016350
v 135.897110 7.340806 -107.016350
v 135.897110 28.893099 -107.016350
v 138.774017 28.893099 -107.016350
v 138.774017 7.340806 -104.139435
v 138.774017 28.893099 -104.139435
v 135.897110 28.893099 -104.139435
v 138.774017 7.340806 -104.139435
v 135.897110 28.893099 -104.139435
v 135.897110 7.340806 -104.139435
v 135.897110 -1.640780 -107.016350
v 135.897110 -1.640780 -104.139435
v 135.897110 7.340806 -104.139435
v 135.897110 7.340806 -107.016350
v 135.897110 -1.640780 -107.016350
v 135.897110 7.340806 -104.139435
v 138.774017 7.340806 -104.139435
v 138.774017 -1.640779 -104.139435
v 138.774017 7.340806 -107.016350
v 138.774017 -1.640779 -104.139435
v 138.774017 -1.640779 -107.016350
v 138.774017 7.340806 -107.016350
v 138.774017 7.340806 -107.016350
v 138.774017 -1.640779 -107.016350
v 135.897110 7.340806 -107.016350
v 138.774017 -1.640779 -107.016350
v 135.897110 -1.640780 -107.016350
v 135.897110 7.340806 -107.016350
v 135.897110 -1.640780 -104.139435
v 138.774017 -1.640779 -104.139435
v 138.774017 7.340806 -104.139435
v 135.897110 7.340806 -104.139435
v 135.897110 -1.640780 -104.139435
v 138.774017 7.340806 -104.139435
v 138.412643 33.562820 -104.500801
v 137.335556 39.313141 -105.577888
v 136.258469 33.562820 -104.500801
v 139.131882 32.485733 -103.781570
v 138.412643 33.562820 -106.654984
v 138.412643 33.562820 -104.500801
v 139.131882 32.485733 -103.781570
v 139.131882 32.485733 -107.374207
v 138.412643 33.562820 -106.654984
v 137.335556 39.313141 -105.577888
v 138.412643 33.562820 -104.500801
v 138.412643 33.562820 -106.654984
v 135.539246 32.485733 -107.374207
v 135.539246 32.485733 -103.781570
v 136.258469 33.562820 -104.500801
v 135.539246 32.485733 -107.374207
v 136.258469 33.562820 -104.500801
v 136.258469 33.562820 -106.654976
v 137.335556 39.313141 -105.577888
v 136.258469 33.562820 -106.654976
v 136.258469 33.562820 -104.500801
v 139.131882 32.485733 -107.374207
v 135.539246 32.485733 -107.374207
v 138.412643 33.562820 -106.654984
v 135.539246 32.485733 -107.374207
v 136.258469 33.562820 -106.654976
v 138.412643 33.562820 -106.654984
v 138.412643 33.562820 -104.500801
v 136.258469 33.562820 -104.500801
v 135.539246 32.485733 -103.781570
v 138.412643 33.562820 -104.500801
v 135.539246 32.485733 -103.781570
v 139.131882 32.485733 -103.781570
v 136.258469 33.562820 -106.654976
v 137.335556 39.313141 -105.577888
v 138.412643 33.562820 -106.654984
v 135.539246 32.485733 -103.781570
v 135.539246 32.485733 -107.374207
v 139.131882 32.485733 -107.374207
v 135.539246 32.485733 -103.781570
v 139.131882 32.485733 -107.374207
v 139.131882 32.485733 -103.781570
v 135.897110 28.893099 -104.139435
v 135.897110 32.485733 -107.016350
v 135.897110 28.893099 -107.016350
v 135.897110 28.893099 -104.139435
v 135.897110 32.485733 -104.139435
v 138.774017 28.893099 -107.016350
v 138.774017 32.485733 -104.139435
v 138.774017 28.893099 -104.139435
v 138.774017 28.893099 -107.016350
v 138.774017 32.485733 -107.016350
v 138.774017 32.485733 -104.139435
v 138.774017 28.893099 -104.139435
v 135.897110 32.485733 -104.139435
v 135.897110 28.893099 -104.139435
v 138.774017 28.893099 -104.139435
v 138.774017 32.485733 -104.139435
v 135.897110 28.893099 -107.016350
v 138.774017 32.485733 -107.016350
v 138.774017 28.893099 -107.016350
v 135.897110 28.893099 -107.016350
v 135.897110 32.485733 -107.016350
v 138.774017 32.485733 -107.016350
vn -1.0000 -0.0000 -0.0000
vn 1.0000 -0.0000 -0.0000
vn -0.0000 -0.0000 -1.0000
vn -0.0000 -0.0000 1.0000
vn -0.0000 0.1841 0.9829
vn 0.8316 0.5553 -0.0000
vn 0.9829 0.1841 -0.0000
vn -0.8316 0.5553 -0.0000
vn -0.9829 0.1841 -0.0000
vn -0.0000 0.5553 -0.8316
vn -0.0000 0.5553 0.8316
vn -0.0000 0.1841 -0.9829
vn -0.0000 -1.0000 -0.0000
vt 0.966797 -0.966797
vt 0.966797 6.517578
vt 0.000000 6.517578
vt 0.000000 -0.966797
vt 7.953125 -0.966797
vt 8.951172 6.519531
vt 8.951172 -0.966797
vt 7.953125 6.519531
vt 0.000000 2.152344
vt 0.966797 2.152344
vt 10.947266 2.152344
vt 10.947266 -0.966797
vt 9.949219 2.152344
vt 9.949219 -0.966797
vt 1.964844 -0.218750
vt 1.216797 3.773438
vt 0.468750 -0.218750
vt 0.466797 -0.218750
vt 2.464844 -0.966797
vt 2.462891 -0.966797
vt 0.134766 1.861328
vt 0.468750 1.861328
vt 0.468750 2.193359
vt 0.134766 2.193359
vt 0.966797 -0.982422
vt 0.000000 0.000000
vt 0.000000 -0.982422
vt 0.966797 0.000000
s 1
usemtl Material_0.065
f 6393/1613/748 6394/1614/748 6395/1615/748
f 6396/1613/748 6397/1615/748 6398/1616/748
f 6399/1616/749 6400/1615/749 6401/1614/749
f 6402/1616/749 6403/1614/749 6404/1613/749
f 6405/1617/750 6406/1618/750 6407/1619/750
f 6408/1617/750 6409/1620/750 6410/1618/750
f 6411/1619/751 6412/1618/751 6413/1620/751
f 6414/1619/751 6415/1620/751 6416/1617/751
f 6417/1613/748 6418/1616/748 6419/1621/748
f 6420/1622/748 6421/1613/748 6422/1621/748
f 6423/1621/749 6424/1616/749 6425/1622/749
f 6426/1616/749 6427/1613/749 6428/1622/749
f 6429/1623/750 6430/1624/750 6431/1625/750
f 6432/1624/750 6433/1626/750 6434/1625/750
f 6435/1626/751 6436/1624/751 6437/1623/751
f 6438/1625/751 6439/1626/751 6440/1623/751
usemtl Material_1.065
f 6441/1627/752 6442/1628/752 6443/1629/752
f 6444/1616/753 6445/1627/753 6446/1630/753
f 6447/1616/753 6448/1631/753 6449/1627/753
f 6450/1628/754 6451/1629/754 6452/1627/754
f 6453/1616/755 6454/1631/755 6455/1627/755
f 6456/1616/755 6457/1627/755 6458/1629/755
f 6459/1628/756 6460/1629/756 6461/1627/756
f 6462/1616/757 6463/1631/757 6464/1629/757
f 6465/1631/757 6466/1627/757 6467/1629/757
f 6468/1627/758 6469/1629/758 6470/1616/758
f 6471/1627/758 6472/1616/758 6473/1632/758
f 6474/1627/759 6475/1628/759 6476/1629/759
f 6477/1633/760 6478/1634/760 6479/1635/760
f 6480/1633/760 6481/1635/760 6482/1636/760
usemtl Material_3.065
f 6483/1637/748 6484/1638/748 6485/1639/748
f 6486/1637/748 6487/1640/748 6484/1638/748
f 6488/1639/749 6489/1640/749 6490/1637/749
f 6491/1639/749 6492/1638/749 6493/1640/749
f 6494/1637/751 6495/1638/751 6496/1639/751
f 6497/1637/751 6498/1640/751 6495/1638/751
f 6499/1639/750 6500/1640/750 6501/1637/750
f 6502/1639/750 6503/1638/750 6504/1640/750
o node.059
v 135.897110 7.340806 -96.609756
v 135.897110 28.893099 -96.609756
v 135.897110 28.893099 -99.486671
v 135.897110 7.340806 -96.609756
v 135.897110 28.893099 -99.486671
v 135.897110 7.340806 -99.486671
v 138.774017 7.340806 -99.486671
v 138.774017 28.893099 -99.486671
v 138.774017 28.893099 -96.609756
v 138.774017 7.340806 -99.486671
v 138.774017 28.893099 -96.609756
v 138.774017 7.340806 -96.609756
v 135.897110 7.340806 -99.486671
v 138.774017 28.893099 -99.486671
v 138.774017 7.340806 -99.486671
v 135.897110 7.340806 -99.486671
v 135.897110 28.893099 -99.486671
v 138.774017 28.893099 -99.486671
v 138.774017 7.340806 -96.609756
v 138.774017 28.893099 -96.609756
v 135.897110 28.893099 -96.609756
v 138.774017 7.340806 -96.609756
v 135.897110 28.893099 -96.609756
v 135.897110 7.340806 -96.609756
v 135.897110 -1.640780 -99.486671
v 135.897110 -1.640780 -96.609756
v 135.897110 7.340806 -96.609756
v 135.897110 7.340806 -99.486671
v 135.897110 -1.640780 -99.486671
v 135.897110 7.340806 -96.609756
v 138.774017 7.340806 -96.609756
v 138.774017 -1.640779 -96.609756
v 138.774017 7.340806 -99.486671
v 138.774017 -1.640779 -96.609756
v 138.774017 -1.640779 -99.486671
v 138.774017 7.340806 -99.486671
v 138.774017 7.340806 -99.486671
v 138.774017 -1.640779 -99.486671
v 135.897110 7.340806 -99.486671
v 138.774017 -1.640779 -99.486671
v 135.897110 -1.640780 -99.486671
v 135.897110 7.340806 -99.486671
v 135.897110 -1.640780 -96.609756
v 138.774017 -1.640779 -96.609756
v 138.774017 7.340806 -96.609756
v 135.897110 7.340806 -96.609756
v 135.897110 -1.640780 -96.609756
v 138.774017 7.340806 -96.609756
v 138.412643 33.562820 -96.971123
v 137.335556 39.313141 -98.048210
v 136.258469 33.562820 -96.971123
v 139.131882 32.485733 -96.251892
v 138.412643 33.562820 -99.125305
v 138.412643 33.562820 -96.971123
v 139.131882 32.485733 -96.251892
v 139.131882 32.485733 -99.844528
v 138.412643 33.562820 -99.125305
v 137.335556 39.313141 -98.048210
v 138.412643 33.562820 -96.971123
v 138.412643 33.562820 -99.125305
v 135.539246 32.485733 -99.844528
v 135.539246 32.485733 -96.251892
v 136.258469 33.562820 -96.971123
v 135.539246 32.485733 -99.844528
v 136.258469 33.562820 -96.971123
v 136.258469 33.562820 -99.125298
v 137.335556 39.313141 -98.048210
v 136.258469 33.562820 -99.125298
v 136.258469 33.562820 -96.971123
v 139.131882 32.485733 -99.844528
v 135.539246 32.485733 -99.844528
v 138.412643 33.562820 -99.125305
v 135.539246 32.485733 -99.844528
v 136.258469 33.562820 -99.125298
v 138.412643 33.562820 -99.125305
v 138.412643 33.562820 -96.971123
v 136.258469 33.562820 -96.971123
v 135.539246 32.485733 -96.251892
v 138.412643 33.562820 -96.971123
v 135.539246 32.485733 -96.251892
v 139.131882 32.485733 -96.251892
v 136.258469 33.562820 -99.125298
v 137.335556 39.313141 -98.048210
v 138.412643 33.562820 -99.125305
v 135.539246 32.485733 -96.251892
v 135.539246 32.485733 -99.844528
v 139.131882 32.485733 -99.844528
v 135.539246 32.485733 -96.251892
v 139.131882 32.485733 -99.844528
v 139.131882 32.485733 -96.251892
v 135.897110 28.893099 -96.609756
v 135.897110 32.485733 -99.486671
v 135.897110 28.893099 -99.486671
v 135.897110 28.893099 -96.609756
v 135.897110 32.485733 -96.609756
v 138.774017 28.893099 -99.486671
v 138.774017 32.485733 -96.609756
v 138.774017 28.893099 -96.609756
v 138.774017 28.893099 -99.486671
v 138.774017 32.485733 -99.486671
v 138.774017 32.485733 -96.609756
v 138.774017 28.893099 -96.609756
v 135.897110 32.485733 -96.609756
v 135.897110 28.893099 -96.609756
v 138.774017 28.893099 -96.609756
v 138.774017 32.485733 -96.609756
v 135.897110 28.893099 -99.486671
v 138.774017 32.485733 -99.486671
v 138.774017 28.893099 -99.486671
v 135.897110 28.893099 -99.486671
v 135.897110 32.485733 -99.486671
v 138.774017 32.485733 -99.486671
vn -1.0000 -0.0000 -0.0000
vn 1.0000 -0.0000 -0.0000
vn -0.0000 -0.0000 -1.0000
vn -0.0000 -0.0000 1.0000
vn -0.0000 0.1841 0.9829
vn 0.8316 0.5553 -0.0000
vn 0.9829 0.1841 -0.0000
vn -0.8316 0.5553 -0.0000
vn -0.9829 0.1841 -0.0000
vn -0.0000 0.5553 -0.8316
vn -0.0000 0.5553 0.8316
vn -0.0000 0.1841 -0.9829
vn -0.0000 -1.0000 -0.0000
vt 0.966797 -0.966797
vt 0.966797 6.517578
vt 0.000000 6.517578
vt 0.000000 -0.966797
vt 7.953125 -0.966797
vt 8.951172 6.519531
vt 8.951172 -0.966797
vt 7.953125 6.519531
vt 0.000000 2.152344
vt 0.966797 2.152344
vt 10.947266 2.152344
vt 10.947266 -0.966797
vt 9.949219 2.152344
vt 9.949219 -0.966797
vt 1.964844 -0.218750
vt 1.216797 3.773438
vt 0.468750 -0.218750
vt 0.466797 -0.218750
vt 2.464844 -0.966797
vt 2.462891 -0.966797
vt 0.134766 1.861328
vt 0.468750 1.861328
vt 0.468750 2.193359
vt 0.134766 2.193359
vt 0.966797 -0.982422
vt 0.000000 0.000000
vt 0.000000 -0.982422
vt 0.966797 0.000000
s 1
usemtl Material_0.066
f 6505/1641/761 6506/1642/761 6507/1643/761
f 6508/1641/761 6509/1643/761 6510/1644/761
f 6511/1644/762 6512/1643/762 6513/1642/762
f 6514/1644/762 6515/1642/762 6516/1641/762
f 6517/1645/763 6518/1646/763 6519/1647/763
f 6520/1645/763 6521/1648/763 6522/1646/763
f 6523/1647/764 6524/1646/764 6525/1648/764
f 6526/1647/764 6527/1648/764 6528/1645/764
f 6529/1641/761 6530/1644/761 6531/1649/761
f 6532/1650/761 6533/1641/761 6534/1649/761
f 6535/1649/762 6536/1644/762 6537/1650/762
f 6538/1644/762 6539/1641/762 6540/1650/762
f 6541/1651/763 6542/1652/763 6543/1653/763
f 6544/1652/763 6545/1654/763 6546/1653/763
f 6547/1654/764 6548/1652/764 6549/1651/764
f 6550/1653/764 6551/1654/764 6552/1651/764
usemtl Material_1.066
f 6553/1655/765 6554/1656/765 6555/1657/765
f 6556/1644/766 6557/1655/766 6558/1658/766
f 6559/1644/766 6560/1659/766 6561/1655/766
f 6562/1656/767 6563/1657/767 6564/1655/767
f 6565/1644/768 6566/1659/768 6567/1655/768
f 6568/1644/768 6569/1655/768 6570/1657/768
f 6571/1656/769 6572/1657/769 6573/1655/769
f 6574/1644/770 6575/1659/770 6576/1657/770
f 6577/1659/770 6578/1655/770 6579/1657/770
f 6580/1655/771 6581/1657/771 6582/1644/771
f 6583/1655/771 6584/1644/771 6585/1660/771
f 6586/1655/772 6587/1656/772 6588/1657/772
f 6589/1661/773 6590/1662/773 6591/1663/773
f 6592/1661/773 6593/1663/773 6594/1664/773
usemtl Material_3.066
f 6595/1665/761 6596/1666/761 6597/1667/761
f 6598/1665/761 6599/1668/761 6596/1666/761
f 6600/1667/762 6601/1668/762 6602/1665/762
f 6603/1667/762 6604/1666/762 6605/1668/762
f 6606/1665/764 6607/1666/764 6608/1667/764
f 6609/1665/764 6610/1668/764 6607/1666/764
f 6611/1667/763 6612/1668/763 6613/1665/763
f 6614/1667/763 6615/1666/763 6616/1668/763
o node.060
v 135.897110 7.340806 -88.658798
v 135.897110 28.893099 -88.658798
v 135.897110 28.893099 -91.535713
v 135.897110 7.340806 -88.658798
v 135.897110 28.893099 -91.535713
v 135.897110 7.340806 -91.535713
v 138.774017 7.340806 -91.535713
v 138.774017 28.893099 -91.535713
v 138.774017 28.893099 -88.658798
v 138.774017 7.340806 -91.535713
v 138.774017 28.893099 -88.658798
v 138.774017 7.340806 -88.658798
v 135.897110 7.340806 -91.535713
v 138.774017 28.893099 -91.535713
v 138.774017 7.340806 -91.535713
v 135.897110 7.340806 -91.535713
v 135.897110 28.893099 -91.535713
v 138.774017 28.893099 -91.535713
v 138.774017 7.340806 -88.658798
v 138.774017 28.893099 -88.658798
v 135.897110 28.893099 -88.658798
v 138.774017 7.340806 -88.658798
v 135.897110 28.893099 -88.658798
v 135.897110 7.340806 -88.658798
v 135.897110 -1.640780 -91.535713
v 135.897110 -1.640780 -88.658798
v 135.897110 7.340806 -88.658798
v 135.897110 7.340806 -91.535713
v 135.897110 -1.640780 -91.535713
v 135.897110 7.340806 -88.658798
v 138.774017 7.340806 -88.658798
v 138.774017 -1.640779 -88.658798
v 138.774017 7.340806 -91.535713
v 138.774017 -1.640779 -88.658798
v 138.774017 -1.640779 -91.535713
v 138.774017 7.340806 -91.535713
v 138.774017 7.340806 -91.535713
v 138.774017 -1.640779 -91.535713
v 135.897110 7.340806 -91.535713
v 138.774017 -1.640779 -91.535713
v 135.897110 -1.640780 -91.535713
v 135.897110 7.340806 -91.535713
v 135.897110 -1.640780 -88.658798
v 138.774017 -1.640779 -88.658798
v 138.774017 7.340806 -88.658798
v 135.897110 7.340806 -88.658798
v 135.897110 -1.640780 -88.658798
v 138.774017 7.340806 -88.658798
v 138.412643 33.562820 -89.020164
v 137.335556 39.313141 -90.097252
v 136.258469 33.562820 -89.020164
v 139.131882 32.485733 -88.300934
v 138.412643 33.562820 -91.174347
v 138.412643 33.562820 -89.020164
v 139.131882 32.485733 -88.300934
v 139.131882 32.485733 -91.893570
v 138.412643 33.562820 -91.174347
v 137.335556 39.313141 -90.097252
v 138.412643 33.562820 -89.020164
v 138.412643 33.562820 -91.174347
v 135.539246 32.485733 -91.893570
v 135.539246 32.485733 -88.300934
v 136.258469 33.562820 -89.020164
v 135.539246 32.485733 -91.893570
v 136.258469 33.562820 -89.020164
v 136.258469 33.562820 -91.174339
v 137.335556 39.313141 -90.097252
v 136.258469 33.562820 -91.174339
v 136.258469 33.562820 -89.020164
v 139.131882 32.485733 -91.893570
v 135.539246 32.485733 -91.893570
v 138.412643 33.562820 -91.174347
v 135.539246 32.485733 -91.893570
v 136.258469 33.562820 -91.174339
v 138.412643 33.562820 -91.174347
v 138.412643 33.562820 -89.020164
v 136.258469 33.562820 -89.020164
v 135.539246 32.485733 -88.300934
v 138.412643 33.562820 -89.020164
v 135.539246 32.485733 -88.300934
v 139.131882 32.485733 -88.300934
v 136.258469 33.562820 -91.174339
v 137.335556 39.313141 -90.097252
v 138.412643 33.562820 -91.174347
v 135.539246 32.485733 -88.300934
v 135.539246 32.485733 -91.893570
v 139.131882 32.485733 -91.893570
v 135.539246 32.485733 -88.300934
v 139.131882 32.485733 -91.893570
v 139.131882 32.485733 -88.300934
v 135.897110 28.893099 -88.658798
v 135.897110 32.485733 -91.535713
v 135.897110 28.893099 -91.535713
v 135.897110 28.893099 -88.658798
v 135.897110 32.485733 -88.658798
v 138.774017 28.893099 -91.535713
v 138.774017 32.485733 -88.658798
v 138.774017 28.893099 -88.658798
v 138.774017 28.893099 -91.535713
v 138.774017 32.485733 -91.535713
v 138.774017 32.485733 -88.658798
v 138.774017 28.893099 -88.658798
v 135.897110 32.485733 -88.658798
v 135.897110 28.893099 -88.658798
v 138.774017 28.893099 -88.658798
v 138.774017 32.485733 -88.658798
v 135.897110 28.893099 -91.535713
v 138.774017 32.485733 -91.535713
v 138.774017 28.893099 -91.535713
v 135.897110 28.893099 -91.535713
v 135.897110 32.485733 -91.535713
v 138.774017 32.485733 -91.535713
vn -1.0000 -0.0000 -0.0000
vn 1.0000 -0.0000 -0.0000
vn -0.0000 -0.0000 -1.0000
vn -0.0000 -0.0000 1.0000
vn -0.0000 0.1841 0.9829
vn 0.8316 0.5553 -0.0000
vn 0.9829 0.1841 -0.0000
vn -0.8316 0.5553 -0.0000
vn -0.9829 0.1841 -0.0000
vn -0.0000 0.5553 -0.8316
vn -0.0000 0.5553 0.8316
vn -0.0000 0.1841 -0.9829
vn -0.0000 -1.0000 -0.0000
vt 0.966797 -0.966797
vt 0.966797 6.517578
vt 0.000000 6.517578
vt 0.000000 -0.966797
vt 7.953125 -0.966797
vt 8.951172 6.519531
vt 8.951172 -0.966797
vt 7.953125 6.519531
vt 0.000000 2.152344
vt 0.966797 2.152344
vt 10.947266 2.152344
vt 10.947266 -0.966797
vt 9.949219 2.152344
vt 9.949219 -0.966797
vt 1.964844 -0.218750
vt 1.216797 3.773438
vt 0.468750 -0.218750
vt 0.466797 -0.218750
vt 2.464844 -0.966797
vt 2.462891 -0.966797
vt 0.134766 1.861328
vt 0.468750 1.861328
vt 0.468750 2.193359
vt 0.134766 2.193359
vt 0.966797 -0.982422
vt 0.000000 0.000000
vt 0.000000 -0.982422
vt 0.966797 0.000000
s 1
usemtl Material_0.067
f 6617/1669/774 6618/1670/774 6619/1671/774
f 6620/1669/774 6621/1671/774 6622/1672/774
f 6623/1672/775 6624/1671/775 6625/1670/775
f 6626/1672/775 6627/1670/775 6628/1669/775
f 6629/1673/776 6630/1674/776 6631/1675/776
f 6632/1673/776 6633/1676/776 6634/1674/776
f 6635/1675/777 6636/1674/777 6637/1676/777
f 6638/1675/777 6639/1676/777 6640/1673/777
f 6641/1669/774 6642/1672/774 6643/1677/774
f 6644/1678/774 6645/1669/774 6646/1677/774
f 6647/1677/775 6648/1672/775 6649/1678/775
f 6650/1672/775 6651/1669/775 6652/1678/775
f 6653/1679/776 6654/1680/776 6655/1681/776
f 6656/1680/776 6657/1682/776 6658/1681/776
f 6659/1682/777 6660/1680/777 6661/1679/777
f 6662/1681/777 6663/1682/777 6664/1679/777
usemtl Material_1.067
f 6665/1683/778 6666/1684/778 6667/1685/778
f 6668/1672/779 6669/1683/779 6670/1686/779
f 6671/1672/779 6672/1687/779 6673/1683/779
f 6674/1684/780 6675/1685/780 6676/1683/780
f 6677/1672/781 6678/1687/781 6679/1683/781
f 6680/1672/781 6681/1683/781 6682/1685/781
f 6683/1684/782 6684/1685/782 6685/1683/782
f 6686/1672/783 6687/1687/783 6688/1685/783
f 6689/1687/783 6690/1683/783 6691/1685/783
f 6692/1683/784 6693/1685/784 6694/1672/784
f 6695/1683/784 6696/1672/784 6697/1688/784
f 6698/1683/785 6699/1684/785 6700/1685/785
f 6701/1689/786 6702/1690/786 6703/1691/786
f 6704/1689/786 6705/1691/786 6706/1692/786
usemtl Material_3.067
f 6707/1693/774 6708/1694/774 6709/1695/774
f 6710/1693/774 6711/1696/774 6708/1694/774
f 6712/1695/775 6713/1696/775 6714/1693/775
f 6715/1695/775 6716/1694/775 6717/1696/775
f 6718/1693/777 6719/1694/777 6720/1695/777
f 6721/1693/777 6722/1696/777 6719/1694/777
f 6723/1695/776 6724/1696/776 6725/1693/776
f 6726/1695/776 6727/1694/776 6728/1696/776
o node.061
v 135.897110 7.340806 -79.976532
v 135.897110 28.893099 -79.976532
v 135.897110 28.893099 -82.853447
v 135.897110 7.340806 -79.976532
v 135.897110 28.893099 -82.853447
v 135.897110 7.340806 -82.853447
v 138.774017 7.340806 -82.853447
v 138.774017 28.893099 -82.853447
v 138.774017 28.893099 -79.976532
v 138.774017 7.340806 -82.853447
v 138.774017 28.893099 -79.976532
v 138.774017 7.340806 -79.976532
v 135.897110 7.340806 -82.853447
v 138.774017 28.893099 -82.853447
v 138.774017 7.340806 -82.853447
v 135.897110 7.340806 -82.853447
v 135.897110 28.893099 -82.853447
v 138.774017 28.893099 -82.853447
v 138.774017 7.340806 -79.976532
v 138.774017 28.893099 -79.976532
v 135.897110 28.893099 -79.976532
v 138.774017 7.340806 -79.976532
v 135.897110 28.893099 -79.976532
v 135.897110 7.340806 -79.976532
v 135.897110 -1.640780 -82.853447
v 135.897110 -1.640780 -79.976532
v 135.897110 7.340806 -79.976532
v 135.897110 7.340806 -82.853447
v 135.897110 -1.640780 -82.853447
v 135.897110 7.340806 -79.976532
v 138.774017 7.340806 -79.976532
v 138.774017 -1.640779 -79.976532
v 138.774017 7.340806 -82.853447
v 138.774017 -1.640779 -79.976532
v 138.774017 -1.640779 -82.853447
v 138.774017 7.340806 -82.853447
v 138.774017 7.340806 -82.853447
v 138.774017 -1.640779 -82.853447
v 135.897110 7.340806 -82.853447
v 138.774017 -1.640779 -82.853447
v 135.897110 -1.640780 -82.853447
v 135.897110 7.340806 -82.853447
v 135.897110 -1.640780 -79.976532
v 138.774017 -1.640779 -79.976532
v 138.774017 7.340806 -79.976532
v 135.897110 7.340806 -79.976532
v 135.897110 -1.640780 -79.976532
v 138.774017 7.340806 -79.976532
v 138.412643 33.562820 -80.337898
v 137.335556 39.313141 -81.414986
v 136.258469 33.562820 -80.337898
v 139.131882 32.485733 -79.618668
v 138.412643 33.562820 -82.492081
v 138.412643 33.562820 -80.337898
v 139.131882 32.485733 -79.618668
v 139.131882 32.485733 -83.211304
v 138.412643 33.562820 -82.492081
v 137.335556 39.313141 -81.414986
v 138.412643 33.562820 -80.337898
v 138.412643 33.562820 -82.492081
v 135.539246 32.485733 -83.211304
v 135.539246 32.485733 -79.618668
v 136.258469 33.562820 -80.337898
v 135.539246 32.485733 -83.211304
v 136.258469 33.562820 -80.337898
v 136.258469 33.562820 -82.492073
v 137.335556 39.313141 -81.414986
v 136.258469 33.562820 -82.492073
v 136.258469 33.562820 -80.337898
v 139.131882 32.485733 -83.211304
v 135.539246 32.485733 -83.211304
v 138.412643 33.562820 -82.492081
v 135.539246 32.485733 -83.211304
v 136.258469 33.562820 -82.492073
v 138.412643 33.562820 -82.492081
v 138.412643 33.562820 -80.337898
v 136.258469 33.562820 -80.337898
v 135.539246 32.485733 -79.618668
v 138.412643 33.562820 -80.337898
v 135.539246 32.485733 -79.618668
v 139.131882 32.485733 -79.618668
v 136.258469 33.562820 -82.492073
v 137.335556 39.313141 -81.414986
v 138.412643 33.562820 -82.492081
v 135.539246 32.485733 -79.618668
v 135.539246 32.485733 -83.211304
v 139.131882 32.485733 -83.211304
v 135.539246 32.485733 -79.618668
v 139.131882 32.485733 -83.211304
v 139.131882 32.485733 -79.618668
v 135.897110 28.893099 -79.976532
v 135.897110 32.485733 -82.853447
v 135.897110 28.893099 -82.853447
v 135.897110 28.893099 -79.976532
v 135.897110 32.485733 -79.976532
v 138.774017 28.893099 -82.853447
v 138.774017 32.485733 -79.976532
v 138.774017 28.893099 -79.976532
v 138.774017 28.893099 -82.853447
v 138.774017 32.485733 -82.853447
v 138.774017 32.485733 -79.976532
v 138.774017 28.893099 -79.976532
v 135.897110 32.485733 -79.976532
v 135.897110 28.893099 -79.976532
v 138.774017 28.893099 -79.976532
v 138.774017 32.485733 -79.976532
v 135.897110 28.893099 -82.853447
v 138.774017 32.485733 -82.853447
v 138.774017 28.893099 -82.853447
v 135.897110 28.893099 -82.853447
v 135.897110 32.485733 -82.853447
v 138.774017 32.485733 -82.853447
vn -1.0000 -0.0000 -0.0000
vn 1.0000 -0.0000 -0.0000
vn -0.0000 -0.0000 -1.0000
vn -0.0000 -0.0000 1.0000
vn -0.0000 0.1841 0.9829
vn 0.8316 0.5553 -0.0000
vn 0.9829 0.1841 -0.0000
vn -0.8316 0.5553 -0.0000
vn -0.9829 0.1841 -0.0000
vn -0.0000 0.5553 -0.8316
vn -0.0000 0.5553 0.8316
vn -0.0000 0.1841 -0.9829
vn -0.0000 -1.0000 -0.0000
vt 0.966797 -0.966797
vt 0.966797 6.517578
vt 0.000000 6.517578
vt 0.000000 -0.966797
vt 7.953125 -0.966797
vt 8.951172 6.519531
vt 8.951172 -0.966797
vt 7.953125 6.519531
vt 0.000000 2.152344
vt 0.966797 2.152344
vt 10.947266 2.152344
vt 10.947266 -0.966797
vt 9.949219 2.152344
vt 9.949219 -0.966797
vt 1.964844 -0.218750
vt 1.216797 3.773438
vt 0.468750 -0.218750
vt 0.466797 -0.218750
vt 2.464844 -0.966797
vt 2.462891 -0.966797
vt 0.134766 1.861328
vt 0.468750 1.861328
vt 0.468750 2.193359
vt 0.134766 2.193359
vt 0.966797 -0.982422
vt 0.000000 0.000000
vt 0.000000 -0.982422
vt 0.966797 0.000000
s 1
usemtl Material_0.068
f 6729/1697/787 6730/1698/787 6731/1699/787
f 6732/1697/787 6733/1699/787 6734/1700/787
f 6735/1700/788 6736/1699/788 6737/1698/788
f 6738/1700/788 6739/1698/788 6740/1697/788
f 6741/1701/789 6742/1702/789 6743/1703/789
f 6744/1701/789 6745/1704/789 6746/1702/789
f 6747/1703/790 6748/1702/790 6749/1704/790
f 6750/1703/790 6751/1704/790 6752/1701/790
f 6753/1697/787 6754/1700/787 6755/1705/787
f 6756/1706/787 6757/1697/787 6758/1705/787
f 6759/1705/788 6760/1700/788 6761/1706/788
f 6762/1700/788 6763/1697/788 6764/1706/788
f 6765/1707/789 6766/1708/789 6767/1709/789
f 6768/1708/789 6769/1710/789 6770/1709/789
f 6771/1710/790 6772/1708/790 6773/1707/790
f 6774/1709/790 6775/1710/790 6776/1707/790
usemtl Material_1.068
f 6777/1711/791 6778/1712/791 6779/1713/791
f 6780/1700/792 6781/1711/792 6782/1714/792
f 6783/1700/792 6784/1715/792 6785/1711/792
f 6786/1712/793 6787/1713/793 6788/1711/793
f 6789/1700/794 6790/1715/794 6791/1711/794
f 6792/1700/794 6793/1711/794 6794/1713/794
f 6795/1712/795 6796/1713/795 6797/1711/795
f 6798/1700/796 6799/1715/796 6800/1713/796
f 6801/1715/796 6802/1711/796 6803/1713/796
f 6804/1711/797 6805/1713/797 6806/1700/797
f 6807/1711/797 6808/1700/797 6809/1716/797
f 6810/1711/798 6811/1712/798 6812/1713/798
f 6813/1717/799 6814/1718/799 6815/1719/799
f 6816/1717/799 6817/1719/799 6818/1720/799
usemtl Material_3.068
f 6819/1721/787 6820/1722/787 6821/1723/787
f 6822/1721/787 6823/1724/787 6820/1722/787
f 6824/1723/788 6825/1724/788 6826/1721/788
f 6827/1723/788 6828/1722/788 6829/1724/788
f 6830/1721/790 6831/1722/790 6832/1723/790
f 6833/1721/790 6834/1724/790 6831/1722/790
f 6835/1723/789 6836/1724/789 6837/1721/789
f 6838/1723/789 6839/1722/789 6840/1724/789
o node.062
v 135.897110 7.340806 -72.198181
v 135.897110 28.893099 -72.198181
v 135.897110 28.893099 -75.075096
v 135.897110 7.340806 -72.198181
v 135.897110 28.893099 -75.075096
v 135.897110 7.340806 -75.075096
v 138.774017 7.340806 -75.075096
v 138.774017 28.893099 -75.075096
v 138.774017 28.893099 -72.198181
v 138.774017 7.340806 -75.075096
v 138.774017 28.893099 -72.198181
v 138.774017 7.340806 -72.198181
v 135.897110 7.340806 -75.075096
v 138.774017 28.893099 -75.075096
v 138.774017 7.340806 -75.075096
v 135.897110 7.340806 -75.075096
v 135.897110 28.893099 -75.075096
v 138.774017 28.893099 -75.075096
v 138.774017 7.340806 -72.198181
v 138.774017 28.893099 -72.198181
v 135.897110 28.893099 -72.198181
v 138.774017 7.340806 -72.198181
v 135.897110 28.893099 -72.198181
v 135.897110 7.340806 -72.198181
v 135.897110 -1.640780 -75.075096
v 135.897110 -1.640780 -72.198181
v 135.897110 7.340806 -72.198181
v 135.897110 7.340806 -75.075096
v 135.897110 -1.640780 -75.075096
v 135.897110 7.340806 -72.198181
v 138.774017 7.340806 -72.198181
v 138.774017 -1.640779 -72.198181
v 138.774017 7.340806 -75.075096
v 138.774017 -1.640779 -72.198181
v 138.774017 -1.640779 -75.075096
v 138.774017 7.340806 -75.075096
v 138.774017 7.340806 -75.075096
v 138.774017 -1.640779 -75.075096
v 135.897110 7.340806 -75.075096
v 138.774017 -1.640779 -75.075096
v 135.897110 -1.640780 -75.075096
v 135.897110 7.340806 -75.075096
v 135.897110 -1.640780 -72.198181
v 138.774017 -1.640779 -72.198181
v 138.774017 7.340806 -72.198181
v 135.897110 7.340806 -72.198181
v 135.897110 -1.640780 -72.198181
v 138.774017 7.340806 -72.198181
v 138.412643 33.562820 -72.559547
v 137.335556 39.313141 -73.636635
v 136.258469 33.562820 -72.559547
v 139.131882 32.485733 -71.840317
v 138.412643 33.562820 -74.713730
v 138.412643 33.562820 -72.559547
v 139.131882 32.485733 -71.840317
v 139.131882 32.485733 -75.432953
v 138.412643 33.562820 -74.713730
v 137.335556 39.313141 -73.636635
v 138.412643 33.562820 -72.559547
v 138.412643 33.562820 -74.713730
v 135.539246 32.485733 -75.432953
v 135.539246 32.485733 -71.840317
v 136.258469 33.562820 -72.559547
v 135.539246 32.485733 -75.432953
v 136.258469 33.562820 -72.559547
v 136.258469 33.562820 -74.713722
v 137.335556 39.313141 -73.636635
v 136.258469 33.562820 -74.713722
v 136.258469 33.562820 -72.559547
v 139.131882 32.485733 -75.432953
v 135.539246 32.485733 -75.432953
v 138.412643 33.562820 -74.713730
v 135.539246 32.485733 -75.432953
v 136.258469 33.562820 -74.713722
v 138.412643 33.562820 -74.713730
v 138.412643 33.562820 -72.559547
v 136.258469 33.562820 -72.559547
v 135.539246 32.485733 -71.840317
v 138.412643 33.562820 -72.559547
v 135.539246 32.485733 -71.840317
v 139.131882 32.485733 -71.840317
v 136.258469 33.562820 -74.713722
v 137.335556 39.313141 -73.636635
v 138.412643 33.562820 -74.713730
v 135.539246 32.485733 -71.840317
v 135.539246 32.485733 -75.432953
v 139.131882 32.485733 -75.432953
v 135.539246 32.485733 -71.840317
v 139.131882 32.485733 -75.432953
v 139.131882 32.485733 -71.840317
v 135.897110 28.893099 -72.198181
v 135.897110 32.485733 -75.075096
v 135.897110 28.893099 -75.075096
v 135.897110 28.893099 -72.198181
v 135.897110 32.485733 -72.198181
v 138.774017 28.893099 -75.075096
v 138.774017 32.485733 -72.198181
v 138.774017 28.893099 -72.198181
v 138.774017 28.893099 -75.075096
v 138.774017 32.485733 -75.075096
v 138.774017 32.485733 -72.198181
v 138.774017 28.893099 -72.198181
v 135.897110 32.485733 -72.198181
v 135.897110 28.893099 -72.198181
v 138.774017 28.893099 -72.198181
v 138.774017 32.485733 -72.198181
v 135.897110 28.893099 -75.075096
v 138.774017 32.485733 -75.075096
v 138.774017 28.893099 -75.075096
v 135.897110 28.893099 -75.075096
v 135.897110 32.485733 -75.075096
v 138.774017 32.485733 -75.075096
vn -1.0000 -0.0000 -0.0000
vn 1.0000 -0.0000 -0.0000
vn -0.0000 -0.0000 -1.0000
vn -0.0000 -0.0000 1.0000
vn -0.0000 0.1841 0.9829
vn 0.8316 0.5553 -0.0000
vn 0.9829 0.1841 -0.0000
vn -0.8316 0.5553 -0.0000
vn -0.9829 0.1841 -0.0000
vn -0.0000 0.5553 -0.8316
vn -0.0000 0.5553 0.8316
vn -0.0000 0.1841 -0.9829
vn -0.0000 -1.0000 -0.0000
vt 0.966797 -0.966797
vt 0.966797 6.517578
vt 0.000000 6.517578
vt 0.000000 -0.966797
vt 7.953125 -0.966797
vt 8.951172 6.519531
vt 8.951172 -0.966797
vt 7.953125 6.519531
vt 0.000000 2.152344
vt 0.966797 2.152344
vt 10.947266 2.152344
vt 10.947266 -0.966797
vt 9.949219 2.152344
vt 9.949219 -0.966797
vt 1.964844 -0.218750
vt 1.216797 3.773438
vt 0.468750 -0.218750
vt 0.466797 -0.218750
vt 2.464844 -0.966797
vt 2.462891 -0.966797
vt 0.134766 1.861328
vt 0.468750 1.861328
vt 0.468750 2.193359
vt 0.134766 2.193359
vt 0.966797 -0.982422
vt 0.000000 0.000000
vt 0.000000 -0.982422
vt 0.966797 0.000000
s 1
usemtl Material_0.069
f 6841/1725/800 6842/1726/800 6843/1727/800
f 6844/1725/800 6845/1727/800 6846/1728/800
f 6847/1728/801 6848/1727/801 6849/1726/801
f 6850/1728/801 6851/1726/801 6852/1725/801
f 6853/1729/802 6854/1730/802 6855/1731/802
f 6856/1729/802 6857/1732/802 6858/1730/802
f 6859/1731/803 6860/1730/803 6861/1732/803
f 6862/1731/803 6863/1732/803 6864/1729/803
f 6865/1725/800 6866/1728/800 6867/1733/800
f 6868/1734/800 6869/1725/800 6870/1733/800
f 6871/1733/801 6872/1728/801 6873/1734/801
f 6874/1728/801 6875/1725/801 6876/1734/801
f 6877/1735/802 6878/1736/802 6879/1737/802
f 6880/1736/802 6881/1738/802 6882/1737/802
f 6883/1738/803 6884/1736/803 6885/1735/803
f 6886/1737/803 6887/1738/803 6888/1735/803
usemtl Material_1.069
f 6889/1739/804 6890/1740/804 6891/1741/804
f 6892/1728/805 6893/1739/805 6894/1742/805
f 6895/1728/805 6896/1743/805 6897/1739/805
f 6898/1740/806 6899/1741/806 6900/1739/806
f 6901/1728/807 6902/1743/807 6903/1739/807
f 6904/1728/807 6905/1739/807 6906/1741/807
f 6907/1740/808 6908/1741/808 6909/1739/808
f 6910/1728/809 6911/1743/809 6912/1741/809
f 6913/1743/809 6914/1739/809 6915/1741/809
f 6916/1739/810 6917/1741/810 6918/1728/810
f 6919/1739/810 6920/1728/810 6921/1744/810
f 6922/1739/811 6923/1740/811 6924/1741/811
f 6925/1745/812 6926/1746/812 6927/1747/812
f 6928/1745/812 6929/1747/812 6930/1748/812
usemtl Material_3.069
f 6931/1749/800 6932/1750/800 6933/1751/800
f 6934/1749/800 6935/1752/800 6932/1750/800
f 6936/1751/801 6937/1752/801 6938/1749/801
f 6939/1751/801 6940/1750/801 6941/1752/801
f 6942/1749/803 6943/1750/803 6944/1751/803
f 6945/1749/803 6946/1752/803 6943/1750/803
f 6947/1751/802 6948/1752/802 6949/1749/802
f 6950/1751/802 6951/1750/802 6952/1752/802
o node.063
v 135.897110 7.340806 -64.349899
v 135.897110 28.893099 -64.349899
v 135.897110 28.893099 -67.226814
v 135.897110 7.340806 -64.349899
v 135.897110 28.893099 -67.226814
v 135.897110 7.340806 -67.226814
v 138.774017 7.340806 -67.226814
v 138.774017 28.893099 -67.226814
v 138.774017 28.893099 -64.349899
v 138.774017 7.340806 -67.226814
v 138.774017 28.893099 -64.349899
v 138.774017 7.340806 -64.349899
v 135.897110 7.340806 -67.226814
v 138.774017 28.893099 -67.226814
v 138.774017 7.340806 -67.226814
v 135.897110 7.340806 -67.226814
v 135.897110 28.893099 -67.226814
v 138.774017 28.893099 -67.226814
v 138.774017 7.340806 -64.349899
v 138.774017 28.893099 -64.349899
v 135.897110 28.893099 -64.349899
v 138.774017 7.340806 -64.349899
v 135.897110 28.893099 -64.349899
v 135.897110 7.340806 -64.349899
v 135.897110 -1.640780 -67.226814
v 135.897110 -1.640780 -64.349899
v 135.897110 7.340806 -64.349899
v 135.897110 7.340806 -67.226814
v 135.897110 -1.640780 -67.226814
v 135.897110 7.340806 -64.349899
v 138.774017 7.340806 -64.349899
v 138.774017 -1.640779 -64.349899
v 138.774017 7.340806 -67.226814
v 138.774017 -1.640779 -64.349899
v 138.774017 -1.640779 -67.226814
v 138.774017 7.340806 -67.226814
v 138.774017 7.340806 -67.226814
v 138.774017 -1.640779 -67.226814
v 135.897110 7.340806 -67.226814
v 138.774017 -1.640779 -67.226814
v 135.897110 -1.640780 -67.226814
v 135.897110 7.340806 -67.226814
v 135.897110 -1.640780 -64.349899
v 138.774017 -1.640779 -64.349899
v 138.774017 7.340806 -64.349899
v 135.897110 7.340806 -64.349899
v 135.897110 -1.640780 -64.349899
v 138.774017 7.340806 -64.349899
v 138.412643 33.562820 -64.711266
v 137.335556 39.313141 -65.788353
v 136.258469 33.562820 -64.711266
v 139.131882 32.485733 -63.992039
v 138.412643 33.562820 -66.865448
v 138.412643 33.562820 -64.711266
v 139.131882 32.485733 -63.992039
v 139.131882 32.485733 -67.584671
v 138.412643 33.562820 -66.865448
v 137.335556 39.313141 -65.788353
v 138.412643 33.562820 -64.711266
v 138.412643 33.562820 -66.865448
v 135.539246 32.485733 -67.584671
v 135.539246 32.485733 -63.992039
v 136.258469 33.562820 -64.711266
v 135.539246 32.485733 -67.584671
v 136.258469 33.562820 -64.711266
v 136.258469 33.562820 -66.865440
v 137.335556 39.313141 -65.788353
v 136.258469 33.562820 -66.865440
v 136.258469 33.562820 -64.711266
v 139.131882 32.485733 -67.584671
v 135.539246 32.485733 -67.584671
v 138.412643 33.562820 -66.865448
v 135.539246 32.485733 -67.584671
v 136.258469 33.562820 -66.865440
v 138.412643 33.562820 -66.865448
v 138.412643 33.562820 -64.711266
v 136.258469 33.562820 -64.711266
v 135.539246 32.485733 -63.992039
v 138.412643 33.562820 -64.711266
v 135.539246 32.485733 -63.992039
v 139.131882 32.485733 -63.992039
v 136.258469 33.562820 -66.865440
v 137.335556 39.313141 -65.788353
v 138.412643 33.562820 -66.865448
v 135.539246 32.485733 -63.992039
v 135.539246 32.485733 -67.584671
v 139.131882 32.485733 -67.584671
v 135.539246 32.485733 -63.992039
v 139.131882 32.485733 -67.584671
v 139.131882 32.485733 -63.992039
v 135.897110 28.893099 -64.349899
v 135.897110 32.485733 -67.226814
v 135.897110 28.893099 -67.226814
v 135.897110 28.893099 -64.349899
v 135.897110 32.485733 -64.349899
v 138.774017 28.893099 -67.226814
v 138.774017 32.485733 -64.349899
v 138.774017 28.893099 -64.349899
v 138.774017 28.893099 -67.226814
v 138.774017 32.485733 -67.226814
v 138.774017 32.485733 -64.349899
v 138.774017 28.893099 -64.349899
v 135.897110 32.485733 -64.349899
v 135.897110 28.893099 -64.349899
v 138.774017 28.893099 -64.349899
v 138.774017 32.485733 -64.349899
v 135.897110 28.893099 -67.226814
v 138.774017 32.485733 -67.226814
v 138.774017 28.893099 -67.226814
v 135.897110 28.893099 -67.226814
v 135.897110 32.485733 -67.226814
v 138.774017 32.485733 -67.226814
vn -1.0000 -0.0000 -0.0000
vn 1.0000 -0.0000 -0.0000
vn -0.0000 -0.0000 -1.0000
vn -0.0000 -0.0000 1.0000
vn -0.0000 0.1841 0.9829
vn 0.8316 0.5553 -0.0000
vn 0.9829 0.1841 -0.0000
vn -0.8316 0.5553 -0.0000
vn -0.9829 0.1841 -0.0000
vn -0.0000 0.5553 -0.8316
vn -0.0000 0.5553 0.8316
vn -0.0000 0.1841 -0.9829
vn -0.0000 -1.0000 -0.0000
vt 0.966797 -0.966797
vt 0.966797 6.517578
vt 0.000000 6.517578
vt 0.000000 -0.966797
vt 7.953125 -0.966797
vt 8.951172 6.519531
vt 8.951172 -0.966797
vt 7.953125 6.519531
vt 0.000000 2.152344
vt 0.966797 2.152344
vt 10.947266 2.152344
vt 10.947266 -0.966797
vt 9.949219 2.152344
vt 9.949219 -0.966797
vt 1.964844 -0.218750
vt 1.216797 3.773438
vt 0.468750 -0.218750
vt 0.466797 -0.218750
vt 2.464844 -0.966797
vt 2.462891 -0.966797
vt 0.134766 1.861328
vt 0.468750 1.861328
vt 0.468750 2.193359
vt 0.134766 2.193359
vt 0.966797 -0.982422
vt 0.000000 0.000000
vt 0.000000 -0.982422
vt 0.966797 0.000000
s 1
usemtl Material_0.070
f 6953/1753/813 6954/1754/813 6955/1755/813
f 6956/1753/813 6957/1755/813 6958/1756/813
f 6959/1756/814 6960/1755/814 6961/1754/814
f 6962/1756/814 6963/1754/814 6964/1753/814
f 6965/1757/815 6966/1758/815 6967/1759/815
f 6968/1757/815 6969/1760/815 6970/1758/815
f 6971/1759/816 6972/1758/816 6973/1760/816
f 6974/1759/816 6975/1760/816 6976/1757/816
f 6977/1753/813 6978/1756/813 6979/1761/813
f 6980/1762/813 6981/1753/813 6982/1761/813
f 6983/1761/814 6984/1756/814 6985/1762/814
f 6986/1756/814 6987/1753/814 6988/1762/814
f 6989/1763/815 6990/1764/815 6991/1765/815
f 6992/1764/815 6993/1766/815 6994/1765/815
f 6995/1766/816 6996/1764/816 6997/1763/816
f 6998/1765/816 6999/1766/816 7000/1763/816
usemtl Material_1.070
f 7001/1767/817 7002/1768/817 7003/1769/817
f 7004/1756/818 7005/1767/818 7006/1770/818
f 7007/1756/818 7008/1771/818 7009/1767/818
f 7010/1768/819 7011/1769/819 7012/1767/819
f 7013/1756/820 7014/1771/820 7015/1767/820
f 7016/1756/820 7017/1767/820 7018/1769/820
f 7019/1768/821 7020/1769/821 7021/1767/821
f 7022/1756/822 7023/1771/822 7024/1769/822
f 7025/1771/822 7026/1767/822 7027/1769/822
f 7028/1767/823 7029/1769/823 7030/1756/823
f 7031/1767/823 7032/1756/823 7033/1772/823
f 7034/1767/824 7035/1768/824 7036/1769/824
f 7037/1773/825 7038/1774/825 7039/1775/825
f 7040/1773/825 7041/1775/825 7042/1776/825
usemtl Material_3.070
f 7043/1777/813 7044/1778/813 7045/1779/813
f 7046/1777/813 7047/1780/813 7044/1778/813
f 7048/1779/814 7049/1780/814 7050/1777/814
f 7051/1779/814 7052/1778/814 7053/1780/814
f 7054/1777/816 7055/1778/816 7056/1779/816
f 7057/1777/816 7058/1780/816 7055/1778/816
f 7059/1779/815 7060/1780/815 7061/1777/815
f 7062/1779/815 7063/1778/815 7064/1780/815
o node.064
v 135.897110 7.340806 -57.832764
v 135.897110 28.893099 -57.832764
v 135.897110 28.893099 -60.709679
v 135.897110 7.340806 -57.832764
v 135.897110 28.893099 -60.709679
v 135.897110 7.340806 -60.709679
v 138.774017 7.340806 -60.709679
v 138.774017 28.893099 -60.709679
v 138.774017 28.893099 -57.832764
v 138.774017 7.340806 -60.709679
v 138.774017 28.893099 -57.832764
v 138.774017 7.340806 -57.832764
v 135.897110 7.340806 -60.709679
v 138.774017 28.893099 -60.709679
v 138.774017 7.340806 -60.709679
v 135.897110 7.340806 -60.709679
v 135.897110 28.893099 -60.709679
v 138.774017 28.893099 -60.709679
v 138.774017 7.340806 -57.832764
v 138.774017 28.893099 -57.832764
v 135.897110 28.893099 -57.832764
v 138.774017 7.340806 -57.832764
v 135.897110 28.893099 -57.832764
v 135.897110 7.340806 -57.832764
v 135.897110 -1.640780 -60.709679
v 135.897110 -1.640780 -57.832764
v 135.897110 7.340806 -57.832764
v 135.897110 7.340806 -60.709679
v 135.897110 -1.640780 -60.709679
v 135.897110 7.340806 -57.832764
v 138.774017 7.340806 -57.832764
v 138.774017 -1.640779 -57.832764
v 138.774017 7.340806 -60.709679
v 138.774017 -1.640779 -57.832764
v 138.774017 -1.640779 -60.709679
v 138.774017 7.340806 -60.709679
v 138.774017 7.340806 -60.709679
v 138.774017 -1.640779 -60.709679
v 135.897110 7.340806 -60.709679
v 138.774017 -1.640779 -60.709679
v 135.897110 -1.640780 -60.709679
v 135.897110 7.340806 -60.709679
v 135.897110 -1.640780 -57.832764
v 138.774017 -1.640779 -57.832764
v 138.774017 7.340806 -57.832764
v 135.897110 7.340806 -57.832764
v 135.897110 -1.640780 -57.832764
v 138.774017 7.340806 -57.832764
v 138.412643 33.562820 -58.194130
v 137.335556 39.313141 -59.271221
v 136.258469 33.562820 -58.194130
v 139.131882 32.485733 -57.474903
v 138.412643 33.562820 -60.348309
v 138.412643 33.562820 -58.194130
v 139.131882 32.485733 -57.474903
v 139.131882 32.485733 -61.067535
v 138.412643 33.562820 -60.348309
v 137.335556 39.313141 -59.271221
v 138.412643 33.562820 -58.194130
v 138.412643 33.562820 -60.348309
v 135.539246 32.485733 -61.067535
v 135.539246 32.485733 -57.474903
v 136.258469 33.562820 -58.194130
v 135.539246 32.485733 -61.067535
v 136.258469 33.562820 -58.194130
v 136.258469 33.562820 -60.348309
v 137.335556 39.313141 -59.271221
v 136.258469 33.562820 -60.348309
v 136.258469 33.562820 -58.194130
v 139.131882 32.485733 -61.067535
v 135.539246 32.485733 -61.067535
v 138.412643 33.562820 -60.348309
v 135.539246 32.485733 -61.067535
v 136.258469 33.562820 -60.348309
v 138.412643 33.562820 -60.348309
v 138.412643 33.562820 -58.194130
v 136.258469 33.562820 -58.194130
v 135.539246 32.485733 -57.474903
v 138.412643 33.562820 -58.194130
v 135.539246 32.485733 -57.474903
v 139.131882 32.485733 -57.474903
v 136.258469 33.562820 -60.348309
v 137.335556 39.313141 -59.271221
v 138.412643 33.562820 -60.348309
v 135.539246 32.485733 -57.474903
v 135.539246 32.485733 -61.067535
v 139.131882 32.485733 -61.067535
v 135.539246 32.485733 -57.474903
v 139.131882 32.485733 -61.067535
v 139.131882 32.485733 -57.474903
v 135.897110 28.893099 -57.832764
v 135.897110 32.485733 -60.709679
v 135.897110 28.893099 -60.709679
v 135.897110 28.893099 -57.832764
v 135.897110 32.485733 -57.832764
v 138.774017 28.893099 -60.709679
v 138.774017 32.485733 -57.832764
v 138.774017 28.893099 -57.832764
v 138.774017 28.893099 -60.709679
v 138.774017 32.485733 -60.709679
v 138.774017 32.485733 -57.832764
v 138.774017 28.893099 -57.832764
v 135.897110 32.485733 -57.832764
v 135.897110 28.893099 -57.832764
v 138.774017 28.893099 -57.832764
v 138.774017 32.485733 -57.832764
v 135.897110 28.893099 -60.709679
v 138.774017 32.485733 -60.709679
v 138.774017 28.893099 -60.709679
v 135.897110 28.893099 -60.709679
v 135.897110 32.485733 -60.709679
v 138.774017 32.485733 -60.709679
vn -1.0000 -0.0000 -0.0000
vn 1.0000 -0.0000 -0.0000
vn -0.0000 -0.0000 -1.0000
vn -0.0000 -0.0000 1.0000
vn -0.0000 0.1841 0.9829
vn 0.8316 0.5553 -0.0000
vn 0.9829 0.1841 -0.0000
vn -0.8316 0.5553 -0.0000
vn -0.9829 0.1841 -0.0000
vn -0.0000 0.5553 -0.8316
vn -0.0000 0.5553 0.8316
vn -0.0000 0.1841 -0.9829
vn -0.0000 -1.0000 -0.0000
vt 0.966797 -0.966797
vt 0.966797 6.517578
vt 0.000000 6.517578
vt 0.000000 -0.966797
vt 7.953125 -0.966797
vt 8.951172 6.519531
vt 8.951172 -0.966797
vt 7.953125 6.519531
vt 0.000000 2.152344
vt 0.966797 2.152344
vt 10.947266 2.152344
vt 10.947266 -0.966797
vt 9.949219 2.152344
vt 9.949219 -0.966797
vt 1.964844 -0.218750
vt 1.216797 3.773438
vt 0.468750 -0.218750
vt 0.466797 -0.218750
vt 2.464844 -0.966797
vt 2.462891 -0.966797
vt 0.134766 1.861328
vt 0.468750 1.861328
vt 0.468750 2.193359
vt 0.134766 2.193359
vt 0.966797 -0.982422
vt 0.000000 0.000000
vt 0.000000 -0.982422
vt 0.966797 0.000000
s 1
usemtl Material_0.071
f 7065/1781/826 7066/1782/826 7067/1783/826
f 7068/1781/826 7069/1783/826 7070/1784/826
f 7071/1784/827 7072/1783/827 7073/1782/827
f 7074/1784/827 7075/1782/827 7076/1781/827
f 7077/1785/828 7078/1786/828 7079/1787/828
f 7080/1785/828 7081/1788/828 7082/1786/828
f 7083/1787/829 7084/1786/829 7085/1788/829
f 7086/1787/829 7087/1788/829 7088/1785/829
f 7089/1781/826 7090/1784/826 7091/1789/826
f 7092/1790/826 7093/1781/826 7094/1789/826
f 7095/1789/827 7096/1784/827 7097/1790/827
f 7098/1784/827 7099/1781/827 7100/1790/827
f 7101/1791/828 7102/1792/828 7103/1793/828
f 7104/1792/828 7105/1794/828 7106/1793/828
f 7107/1794/829 7108/1792/829 7109/1791/829
f 7110/1793/829 7111/1794/829 7112/1791/829
usemtl Material_1.071
f 7113/1795/830 7114/1796/830 7115/1797/830
f 7116/1784/831 7117/1795/831 7118/1798/831
f 7119/1784/831 7120/1799/831 7121/1795/831
f 7122/1796/832 7123/1797/832 7124/1795/832
f 7125/1784/833 7126/1799/833 7127/1795/833
f 7128/1784/833 7129/1795/833 7130/1797/833
f 7131/1796/834 7132/1797/834 7133/1795/834
f 7134/1784/835 7135/1799/835 7136/1797/835
f 7137/1799/835 7138/1795/835 7139/1797/835
f 7140/1795/836 7141/1797/836 7142/1784/836
f 7143/1795/836 7144/1784/836 7145/1800/836
f 7146/1795/837 7147/1796/837 7148/1797/837
f 7149/1801/838 7150/1802/838 7151/1803/838
f 7152/1801/838 7153/1803/838 7154/1804/838
usemtl Material_3.071
f 7155/1805/826 7156/1806/826 7157/1807/826
f 7158/1805/826 7159/1808/826 7156/1806/826
f 7160/1807/827 7161/1808/827 7162/1805/827
f 7163/1807/827 7164/1806/827 7165/1808/827
f 7166/1805/829 7167/1806/829 7168/1807/829
f 7169/1805/829 7170/1808/829 7167/1806/829
f 7171/1807/828 7172/1808/828 7173/1805/828
f 7174/1807/828 7175/1806/828 7176/1808/828
o node.065
v 135.897110 7.340806 -50.705887
v 135.897110 28.893099 -50.705887
v 135.897110 28.893099 -53.582802
v 135.897110 7.340806 -50.705887
v 135.897110 28.893099 -53.582802
v 135.897110 7.340806 -53.582802
v 138.774017 7.340806 -53.582802
v 138.774017 28.893099 -53.582802
v 138.774017 28.893099 -50.705887
v 138.774017 7.340806 -53.582802
v 138.774017 28.893099 -50.705887
v 138.774017 7.340806 -50.705887
v 135.897110 7.340806 -53.582802
v 138.774017 28.893099 -53.582802
v 138.774017 7.340806 -53.582802
v 135.897110 7.340806 -53.582802
v 135.897110 28.893099 -53.582802
v 138.774017 28.893099 -53.582802
v 138.774017 7.340806 -50.705887
v 138.774017 28.893099 -50.705887
v 135.897110 28.893099 -50.705887
v 138.774017 7.340806 -50.705887
v 135.897110 28.893099 -50.705887
v 135.897110 7.340806 -50.705887
v 135.897110 -1.640780 -53.582802
v 135.897110 -1.640780 -50.705887
v 135.897110 7.340806 -50.705887
v 135.897110 7.340806 -53.582802
v 135.897110 -1.640780 -53.582802
v 135.897110 7.340806 -50.705887
v 138.774017 7.340806 -50.705887
v 138.774017 -1.640779 -50.705887
v 138.774017 7.340806 -53.582802
v 138.774017 -1.640779 -50.705887
v 138.774017 -1.640779 -53.582802
v 138.774017 7.340806 -53.582802
v 138.774017 7.340806 -53.582802
v 138.774017 -1.640779 -53.582802
v 135.897110 7.340806 -53.582802
v 138.774017 -1.640779 -53.582802
v 135.897110 -1.640780 -53.582802
v 135.897110 7.340806 -53.582802
v 135.897110 -1.640780 -50.705887
v 138.774017 -1.640779 -50.705887
v 138.774017 7.340806 -50.705887
v 135.897110 7.340806 -50.705887
v 135.897110 -1.640780 -50.705887
v 138.774017 7.340806 -50.705887
v 138.412643 33.562820 -51.067253
v 137.335556 39.313141 -52.144344
v 136.258469 33.562820 -51.067253
v 139.131882 32.485733 -50.348026
v 138.412643 33.562820 -53.221432
v 138.412643 33.562820 -51.067253
v 139.131882 32.485733 -50.348026
v 139.131882 32.485733 -53.940659
v 138.412643 33.562820 -53.221432
v 137.335556 39.313141 -52.144344
v 138.412643 33.562820 -51.067253
v 138.412643 33.562820 -53.221432
v 135.539246 32.485733 -53.940659
v 135.539246 32.485733 -50.348026
v 136.258469 33.562820 -51.067253
v 135.539246 32.485733 -53.940659
v 136.258469 33.562820 -51.067253
v 136.258469 33.562820 -53.221432
v 137.335556 39.313141 -52.144344
v 136.258469 33.562820 -53.221432
v 136.258469 33.562820 -51.067253
v 139.131882 32.485733 -53.940659
v 135.539246 32.485733 -53.940659
v 138.412643 33.562820 -53.221432
v 135.539246 32.485733 -53.940659
v 136.258469 33.562820 -53.221432
v 138.412643 33.562820 -53.221432
v 138.412643 33.562820 -51.067253
v 136.258469 33.562820 -51.067253
v 135.539246 32.485733 -50.348026
v 138.412643 33.562820 -51.067253
v 135.539246 32.485733 -50.348026
v 139.131882 32.485733 -50.348026
v 136.258469 33.562820 -53.221432
v 137.335556 39.313141 -52.144344
v 138.412643 33.562820 -53.221432
v 135.539246 32.485733 -50.348026
v 135.539246 32.485733 -53.940659
v 139.131882 32.485733 -53.940659
v 135.539246 32.485733 -50.348026
v 139.131882 32.485733 -53.940659
v 139.131882 32.485733 -50.348026
v 135.897110 28.893099 -50.705887
v 135.897110 32.485733 -53.582802
v 135.897110 28.893099 -53.582802
v 135.897110 28.893099 -50.705887
v 135.897110 32.485733 -50.705887
v 138.774017 28.893099 -53.582802
v 138.774017 32.485733 -50.705887
v 138.774017 28.893099 -50.705887
v 138.774017 28.893099 -53.582802
v 138.774017 32.485733 -53.582802
v 138.774017 32.485733 -50.705887
v 138.774017 28.893099 -50.705887
v 135.897110 32.485733 -50.705887
v 135.897110 28.893099 -50.705887
v 138.774017 28.893099 -50.705887
v 138.774017 32.485733 -50.705887
v 135.897110 28.893099 -53.582802
v 138.774017 32.485733 -53.582802
v 138.774017 28.893099 -53.582802
v 135.897110 28.893099 -53.582802
v 135.897110 32.485733 -53.582802
v 138.774017 32.485733 -53.582802
vn -1.0000 -0.0000 -0.0000
vn 1.0000 -0.0000 -0.0000
vn -0.0000 -0.0000 -1.0000
vn -0.0000 -0.0000 1.0000
vn -0.0000 0.1841 0.9829
vn 0.8316 0.5553 -0.0000
vn 0.9829 0.1841 -0.0000
vn -0.8316 0.5553 -0.0000
vn -0.9829 0.1841 -0.0000
vn -0.0000 0.5553 -0.8316
vn -0.0000 0.5553 0.8316
vn -0.0000 0.1841 -0.9829
vn -0.0000 -1.0000 -0.0000
vt 0.966797 -0.966797
vt 0.966797 6.517578
vt 0.000000 6.517578
vt 0.000000 -0.966797
vt 7.953125 -0.966797
vt 8.951172 6.519531
vt 8.951172 -0.966797
vt 7.953125 6.519531
vt 0.000000 2.152344
vt 0.966797 2.152344
vt 10.947266 2.152344
vt 10.947266 -0.966797
vt 9.949219 2.152344
vt 9.949219 -0.966797
vt 1.964844 -0.218750
vt 1.216797 3.773438
vt 0.468750 -0.218750
vt 0.466797 -0.218750
vt 2.464844 -0.966797
vt 2.462891 -0.966797
vt 0.134766 1.861328
vt 0.468750 1.861328
vt 0.468750 2.193359
vt 0.134766 2.193359
vt 0.966797 -0.982422
vt 0.000000 0.000000
vt 0.000000 -0.982422
vt 0.966797 0.000000
s 1
usemtl Material_0.072
f 7177/1809/839 7178/1810/839 7179/1811/839
f 7180/1809/839 7181/1811/839 7182/1812/839
f 7183/1812/840 7184/1811/840 7185/1810/840
f 7186/1812/840 7187/1810/840 7188/1809/840
f 7189/1813/841 7190/1814/841 7191/1815/841
f 7192/1813/841 7193/1816/841 7194/1814/841
f 7195/1815/842 7196/1814/842 7197/1816/842
f 7198/1815/842 7199/1816/842 7200/1813/842
f 7201/1809/839 7202/1812/839 7203/1817/839
f 7204/1818/839 7205/1809/839 7206/1817/839
f 7207/1817/840 7208/1812/840 7209/1818/840
f 7210/1812/840 7211/1809/840 7212/1818/840
f 7213/1819/841 7214/1820/841 7215/1821/841
f 7216/1820/841 7217/1822/841 7218/1821/841
f 7219/1822/842 7220/1820/842 7221/1819/842
f 7222/1821/842 7223/1822/842 7224/1819/842
usemtl Material_1.072
f 7225/1823/843 7226/1824/843 7227/1825/843
f 7228/1812/844 7229/1823/844 7230/1826/844
f 7231/1812/844 7232/1827/844 7233/1823/844
f 7234/1824/845 7235/1825/845 7236/1823/845
f 7237/1812/846 7238/1827/846 7239/1823/846
f 7240/1812/846 7241/1823/846 7242/1825/846
f 7243/1824/847 7244/1825/847 7245/1823/847
f 7246/1812/848 7247/1827/848 7248/1825/848
f 7249/1827/848 7250/1823/848 7251/1825/848
f 7252/1823/849 7253/1825/849 7254/1812/849
f 7255/1823/849 7256/1812/849 7257/1828/849
f 7258/1823/850 7259/1824/850 7260/1825/850
f 7261/1829/851 7262/1830/851 7263/1831/851
f 7264/1829/851 7265/1831/851 7266/1832/851
usemtl Material_3.072
f 7267/1833/839 7268/1834/839 7269/1835/839
f 7270/1833/839 7271/1836/839 7268/1834/839
f 7272/1835/840 7273/1836/840 7274/1833/840
f 7275/1835/840 7276/1834/840 7277/1836/840
f 7278/1833/842 7279/1834/842 7280/1835/842
f 7281/1833/842 7282/1836/842 7279/1834/842
f 7283/1835/841 7284/1836/841 7285/1833/841
f 7286/1835/841 7287/1834/841 7288/1836/841
o node.066
v 135.897110 7.340806 -43.724915
v 135.897110 28.893099 -43.724915
v 135.897110 28.893099 -46.601830
v 135.897110 7.340806 -43.724915
v 135.897110 28.893099 -46.601830
v 135.897110 7.340806 -46.601830
v 138.774017 7.340806 -46.601830
v 138.774017 28.893099 -46.601830
v 138.774017 28.893099 -43.724915
v 138.774017 7.340806 -46.601830
v 138.774017 28.893099 -43.724915
v 138.774017 7.340806 -43.724915
v 135.897110 7.340806 -46.601830
v 138.774017 28.893099 -46.601830
v 138.774017 7.340806 -46.601830
v 135.897110 7.340806 -46.601830
v 135.897110 28.893099 -46.601830
v 138.774017 28.893099 -46.601830
v 138.774017 7.340806 -43.724915
v 138.774017 28.893099 -43.724915
v 135.897110 28.893099 -43.724915
v 138.774017 7.340806 -43.724915
v 135.897110 28.893099 -43.724915
v 135.897110 7.340806 -43.724915
v 135.897110 -1.640780 -46.601830
v 135.897110 -1.640780 -43.724915
v 135.897110 7.340806 -43.724915
v 135.897110 7.340806 -46.601830
v 135.897110 -1.640780 -46.601830
v 135.897110 7.340806 -43.724915
v 138.774017 7.340806 -43.724915
v 138.774017 -1.640779 -43.724915
v 138.774017 7.340806 -46.601830
v 138.774017 -1.640779 -43.724915
v 138.774017 -1.640779 -46.601830
v 138.774017 7.340806 -46.601830
v 138.774017 7.340806 -46.601830
v 138.774017 -1.640779 -46.601830
v 135.897110 7.340806 -46.601830
v 138.774017 -1.640779 -46.601830
v 135.897110 -1.640780 -46.601830
v 135.897110 7.340806 -46.601830
v 135.897110 -1.640780 -43.724915
v 138.774017 -1.640779 -43.724915
v 138.774017 7.340806 -43.724915
v 135.897110 7.340806 -43.724915
v 135.897110 -1.640780 -43.724915
v 138.774017 7.340806 -43.724915
v 138.412643 33.562820 -44.086281
v 137.335556 39.313141 -45.163372
v 136.258469 33.562820 -44.086281
v 139.131882 32.485733 -43.367054
v 138.412643 33.562820 -46.240459
v 138.412643 33.562820 -44.086281
v 139.131882 32.485733 -43.367054
v 139.131882 32.485733 -46.959686
v 138.412643 33.562820 -46.240459
v 137.335556 39.313141 -45.163372
v 138.412643 33.562820 -44.086281
v 138.412643 33.562820 -46.240459
v 135.539246 32.485733 -46.959686
v 135.539246 32.485733 -43.367054
v 136.258469 33.562820 -44.086281
v 135.539246 32.485733 -46.959686
v 136.258469 33.562820 -44.086281
v 136.258469 33.562820 -46.240459
v 137.335556 39.313141 -45.163372
v 136.258469 33.562820 -46.240459
v 136.258469 33.562820 -44.086281
v 139.131882 32.485733 -46.959686
v 135.539246 32.485733 -46.959686
v 138.412643 33.562820 -46.240459
v 135.539246 32.485733 -46.959686
v 136.258469 33.562820 -46.240459
v 138.412643 33.562820 -46.240459
v 138.412643 33.562820 -44.086281
v 136.258469 33.562820 -44.086281
v 135.539246 32.485733 -43.367054
v 138.412643 33.562820 -44.086281
v 135.539246 32.485733 -43.367054
v 139.131882 32.485733 -43.367054
v 136.258469 33.562820 -46.240459
v 137.335556 39.313141 -45.163372
v 138.412643 33.562820 -46.240459
v 135.539246 32.485733 -43.367054
v 135.539246 32.485733 -46.959686
v 139.131882 32.485733 -46.959686
v 135.539246 32.485733 -43.367054
v 139.131882 32.485733 -46.959686
v 139.131882 32.485733 -43.367054
v 135.897110 28.893099 -43.724915
v 135.897110 32.485733 -46.601830
v 135.897110 28.893099 -46.601830
v 135.897110 28.893099 -43.724915
v 135.897110 32.485733 -43.724915
v 138.774017 28.893099 -46.601830
v 138.774017 32.485733 -43.724915
v 138.774017 28.893099 -43.724915
v 138.774017 28.893099 -46.601830
v 138.774017 32.485733 -46.601830
v 138.774017 32.485733 -43.724915
v 138.774017 28.893099 -43.724915
v 135.897110 32.485733 -43.724915
v 135.897110 28.893099 -43.724915
v 138.774017 28.893099 -43.724915
v 138.774017 32.485733 -43.724915
v 135.897110 28.893099 -46.601830
v 138.774017 32.485733 -46.601830
v 138.774017 28.893099 -46.601830
v 135.897110 28.893099 -46.601830
v 135.897110 32.485733 -46.601830
v 138.774017 32.485733 -46.601830
vn -1.0000 -0.0000 -0.0000
vn 1.0000 -0.0000 -0.0000
vn -0.0000 -0.0000 -1.0000
vn -0.0000 -0.0000 1.0000
vn -0.0000 0.1841 0.9829
vn 0.8316 0.5553 -0.0000
vn 0.9829 0.1841 -0.0000
vn -0.8316 0.5553 -0.0000
vn -0.9829 0.1841 -0.0000
vn -0.0000 0.5553 -0.8316
vn -0.0000 0.5553 0.8316
vn -0.0000 0.1841 -0.9829
vn -0.0000 -1.0000 -0.0000
vt 0.966797 -0.966797
vt 0.966797 6.517578
vt 0.000000 6.517578
vt 0.000000 -0.966797
vt 7.953125 -0.966797
vt 8.951172 6.519531
vt 8.951172 -0.966797
vt 7.953125 6.519531
vt 0.000000 2.152344
vt 0.966797 2.152344
vt 10.947266 2.152344
vt 10.947266 -0.966797
vt 9.949219 2.152344
vt 9.949219 -0.966797
vt 1.964844 -0.218750
vt 1.216797 3.773438
vt 0.468750 -0.218750
vt 0.466797 -0.218750
vt 2.464844 -0.966797
vt 2.462891 -0.966797
vt 0.134766 1.861328
vt 0.468750 1.861328
vt 0.468750 2.193359
vt 0.134766 2.193359
vt 0.966797 -0.982422
vt 0.000000 0.000000
vt 0.000000 -0.982422
vt 0.966797 0.000000
s 1
usemtl Material_0.073
f 7289/1837/852 7290/1838/852 7291/1839/852
f 7292/1837/852 7293/1839/852 7294/1840/852
f 7295/1840/853 7296/1839/853 7297/1838/853
f 7298/1840/853 7299/1838/853 7300/1837/853
f 7301/1841/854 7302/1842/854 7303/1843/854
f 7304/1841/854 7305/1844/854 7306/1842/854
f 7307/1843/855 7308/1842/855 7309/1844/855
f 7310/1843/855 7311/1844/855 7312/1841/855
f 7313/1837/852 7314/1840/852 7315/1845/852
f 7316/1846/852 7317/1837/852 7318/1845/852
f 7319/1845/853 7320/1840/853 7321/1846/853
f 7322/1840/853 7323/1837/853 7324/1846/853
f 7325/1847/854 7326/1848/854 7327/1849/854
f 7328/1848/854 7329/1850/854 7330/1849/854
f 7331/1850/855 7332/1848/855 7333/1847/855
f 7334/1849/855 7335/1850/855 7336/1847/855
usemtl Material_1.073
f 7337/1851/856 7338/1852/856 7339/1853/856
f 7340/1840/857 7341/1851/857 7342/1854/857
f 7343/1840/857 7344/1855/857 7345/1851/857
f 7346/1852/858 7347/1853/858 7348/1851/858
f 7349/1840/859 7350/1855/859 7351/1851/859
f 7352/1840/859 7353/1851/859 7354/1853/859
f 7355/1852/860 7356/1853/860 7357/1851/860
f 7358/1840/861 7359/1855/861 7360/1853/861
f 7361/1855/861 7362/1851/861 7363/1853/861
f 7364/1851/862 7365/1853/862 7366/1840/862
f 7367/1851/862 7368/1840/862 7369/1856/862
f 7370/1851/863 7371/1852/863 7372/1853/863
f 7373/1857/864 7374/1858/864 7375/1859/864
f 7376/1857/864 7377/1859/864 7378/1860/864
usemtl Material_3.073
f 7379/1861/852 7380/1862/852 7381/1863/852
f 7382/1861/852 7383/1864/852 7380/1862/852
f 7384/1863/853 7385/1864/853 7386/1861/853
f 7387/1863/853 7388/1862/853 7389/1864/853
f 7390/1861/855 7391/1862/855 7392/1863/855
f 7393/1861/855 7394/1864/855 7391/1862/855
f 7395/1863/854 7396/1864/854 7397/1861/854
f 7398/1863/854 7399/1862/854 7400/1864/854
o node.067
v 135.897110 7.340806 -36.725540
v 135.897110 28.893099 -36.725540
v 135.897110 28.893099 -39.602455
v 135.897110 7.340806 -36.725540
v 135.897110 28.893099 -39.602455
v 135.897110 7.340806 -39.602455
v 138.774017 7.340806 -39.602455
v 138.774017 28.893099 -39.602455
v 138.774017 28.893099 -36.725540
v 138.774017 7.340806 -39.602455
v 138.774017 28.893099 -36.725540
v 138.774017 7.340806 -36.725540
v 135.897110 7.340806 -39.602455
v 138.774017 28.893099 -39.602455
v 138.774017 7.340806 -39.602455
v 135.897110 7.340806 -39.602455
v 135.897110 28.893099 -39.602455
v 138.774017 28.893099 -39.602455
v 138.774017 7.340806 -36.725540
v 138.774017 28.893099 -36.725540
v 135.897110 28.893099 -36.725540
v 138.774017 7.340806 -36.725540
v 135.897110 28.893099 -36.725540
v 135.897110 7.340806 -36.725540
v 135.897110 -1.640780 -39.602455
v 135.897110 -1.640780 -36.725540
v 135.897110 7.340806 -36.725540
v 135.897110 7.340806 -39.602455
v 135.897110 -1.640780 -39.602455
v 135.897110 7.340806 -36.725540
v 138.774017 7.340806 -36.725540
v 138.774017 -1.640779 -36.725540
v 138.774017 7.340806 -39.602455
v 138.774017 -1.640779 -36.725540
v 138.774017 -1.640779 -39.602455
v 138.774017 7.340806 -39.602455
v 138.774017 7.340806 -39.602455
v 138.774017 -1.640779 -39.602455
v 135.897110 7.340806 -39.602455
v 138.774017 -1.640779 -39.602455
v 135.897110 -1.640780 -39.602455
v 135.897110 7.340806 -39.602455
v 135.897110 -1.640780 -36.725540
v 138.774017 -1.640779 -36.725540
v 138.774017 7.340806 -36.725540
v 135.897110 7.340806 -36.725540
v 135.897110 -1.640780 -36.725540
v 138.774017 7.340806 -36.725540
v 138.412643 33.562820 -37.086906
v 137.335556 39.313141 -38.163998
v 136.258469 33.562820 -37.086906
v 139.131882 32.485733 -36.367680
v 138.412643 33.562820 -39.241085
v 138.412643 33.562820 -37.086906
v 139.131882 32.485733 -36.367680
v 139.131882 32.485733 -39.960312
v 138.412643 33.562820 -39.241085
v 137.335556 39.313141 -38.163998
v 138.412643 33.562820 -37.086906
v 138.412643 33.562820 -39.241085
v 135.539246 32.485733 -39.960312
v 135.539246 32.485733 -36.367680
v 136.258469 33.562820 -37.086906
v 135.539246 32.485733 -39.960312
v 136.258469 33.562820 -37.086906
v 136.258469 33.562820 -39.241085
v 137.335556 39.313141 -38.163998
v 136.258469 33.562820 -39.241085
v 136.258469 33.562820 -37.086906
v 139.131882 32.485733 -39.960312
v 135.539246 32.485733 -39.960312
v 138.412643 33.562820 -39.241085
v 135.539246 32.485733 -39.960312
v 136.258469 33.562820 -39.241085
v 138.412643 33.562820 -39.241085
v 138.412643 33.562820 -37.086906
v 136.258469 33.562820 -37.086906
v 135.539246 32.485733 -36.367680
v 138.412643 33.562820 -37.086906
v 135.539246 32.485733 -36.367680
v 139.131882 32.485733 -36.367680
v 136.258469 33.562820 -39.241085
v 137.335556 39.313141 -38.163998
v 138.412643 33.562820 -39.241085
v 135.539246 32.485733 -36.367680
v 135.539246 32.485733 -39.960312
v 139.131882 32.485733 -39.960312
v 135.539246 32.485733 -36.367680
v 139.131882 32.485733 -39.960312
v 139.131882 32.485733 -36.367680
v 135.897110 28.893099 -36.725540
v 135.897110 32.485733 -39.602455
v 135.897110 28.893099 -39.602455
v 135.897110 28.893099 -36.725540
v 135.897110 32.485733 -36.725540
v 138.774017 28.893099 -39.602455
v 138.774017 32.485733 -36.725540
v 138.774017 28.893099 -36.725540
v 138.774017 28.893099 -39.602455
v 138.774017 32.485733 -39.602455
v 138.774017 32.485733 -36.725540
v 138.774017 28.893099 -36.725540
v 135.897110 32.485733 -36.725540
v 135.897110 28.893099 -36.725540
v 138.774017 28.893099 -36.725540
v 138.774017 32.485733 -36.725540
v 135.897110 28.893099 -39.602455
v 138.774017 32.485733 -39.602455
v 138.774017 28.893099 -39.602455
v 135.897110 28.893099 -39.602455
v 135.897110 32.485733 -39.602455
v 138.774017 32.485733 -39.602455
vn -1.0000 -0.0000 -0.0000
vn 1.0000 -0.0000 -0.0000
vn -0.0000 -0.0000 -1.0000
vn -0.0000 -0.0000 1.0000
vn -0.0000 0.1841 0.9829
vn 0.8316 0.5553 -0.0000
vn 0.9829 0.1841 -0.0000
vn -0.8316 0.5553 -0.0000
vn -0.9829 0.1841 -0.0000
vn -0.0000 0.5553 -0.8316
vn -0.0000 0.5553 0.8316
vn -0.0000 0.1841 -0.9829
vn -0.0000 -1.0000 -0.0000
vt 0.966797 -0.966797
vt 0.966797 6.517578
vt 0.000000 6.517578
vt 0.000000 -0.966797
vt 7.953125 -0.966797
vt 8.951172 6.519531
vt 8.951172 -0.966797
vt 7.953125 6.519531
vt 0.000000 2.152344
vt 0.966797 2.152344
vt 10.947266 2.152344
vt 10.947266 -0.966797
vt 9.949219 2.152344
vt 9.949219 -0.966797
vt 1.964844 -0.218750
vt 1.216797 3.773438
vt 0.468750 -0.218750
vt 0.466797 -0.218750
vt 2.464844 -0.966797
vt 2.462891 -0.966797
vt 0.134766 1.861328
vt 0.468750 1.861328
vt 0.468750 2.193359
vt 0.134766 2.193359
vt 0.966797 -0.982422
vt 0.000000 0.000000
vt 0.000000 -0.982422
vt 0.966797 0.000000
s 1
usemtl Material_0.074
f 7401/1865/865 7402/1866/865 7403/1867/865
f 7404/1865/865 7405/1867/865 7406/1868/865
f 7407/1868/866 7408/1867/866 7409/1866/866
f 7410/1868/866 7411/1866/866 7412/1865/866
f 7413/1869/867 7414/1870/867 7415/1871/867
f 7416/1869/867 7417/1872/867 7418/1870/867
f 7419/1871/868 7420/1870/868 7421/1872/868
f 7422/1871/868 7423/1872/868 7424/1869/868
f 7425/1865/865 7426/1868/865 7427/1873/865
f 7428/1874/865 7429/1865/865 7430/1873/865
f 7431/1873/866 7432/1868/866 7433/1874/866
f 7434/1868/866 7435/1865/866 7436/1874/866
f 7437/1875/867 7438/1876/867 7439/1877/867
f 7440/1876/867 7441/1878/867 7442/1877/867
f 7443/1878/868 7444/1876/868 7445/1875/868
f 7446/1877/868 7447/1878/868 7448/1875/868
usemtl Material_1.074
f 7449/1879/869 7450/1880/869 7451/1881/869
f 7452/1868/870 7453/1879/870 7454/1882/870
f 7455/1868/870 7456/1883/870 7457/1879/870
f 7458/1880/871 7459/1881/871 7460/1879/871
f 7461/1868/872 7462/1883/872 7463/1879/872
f 7464/1868/872 7465/1879/872 7466/1881/872
f 7467/1880/873 7468/1881/873 7469/1879/873
f 7470/1868/874 7471/1883/874 7472/1881/874
f 7473/1883/874 7474/1879/874 7475/1881/874
f 7476/1879/875 7477/1881/875 7478/1868/875
f 7479/1879/875 7480/1868/875 7481/1884/875
f 7482/1879/876 7483/1880/876 7484/1881/876
f 7485/1885/877 7486/1886/877 7487/1887/877
f 7488/1885/877 7489/1887/877 7490/1888/877
usemtl Material_3.074
f 7491/1889/865 7492/1890/865 7493/1891/865
f 7494/1889/865 7495/1892/865 7492/1890/865
f 7496/1891/866 7497/1892/866 7498/1889/866
f 7499/1891/866 7500/1890/866 7501/1892/866
f 7502/1889/868 7503/1890/868 7504/1891/868
f 7505/1889/868 7506/1892/868 7503/1890/868
f 7507/1891/867 7508/1892/867 7509/1889/867
f 7510/1891/867 7511/1890/867 7512/1892/867
o node.068
v 135.897110 7.340806 -16.998352
v 135.897110 28.893099 -16.998352
v 135.897110 28.893099 -19.875267
v 135.897110 7.340806 -16.998352
v 135.897110 28.893099 -19.875267
v 135.897110 7.340806 -19.875267
v 138.774017 7.340806 -19.875267
v 138.774017 28.893099 -19.875267
v 138.774017 28.893099 -16.998354
v 138.774017 7.340806 -19.875267
v 138.774017 28.893099 -16.998354
v 138.774017 7.340806 -16.998354
v 135.897110 7.340806 -19.875267
v 138.774017 28.893099 -19.875267
v 138.774017 7.340806 -19.875267
v 135.897110 7.340806 -19.875267
v 135.897110 28.893099 -19.875267
v 138.774017 28.893099 -19.875267
v 138.774017 7.340806 -16.998354
v 138.774017 28.893099 -16.998354
v 135.897110 28.893099 -16.998352
v 138.774017 7.340806 -16.998354
v 135.897110 28.893099 -16.998352
v 135.897110 7.340806 -16.998352
v 135.897110 -1.640780 -19.875267
v 135.897110 -1.640780 -16.998352
v 135.897110 7.340806 -16.998352
v 135.897110 7.340806 -19.875267
v 135.897110 -1.640780 -19.875267
v 135.897110 7.340806 -16.998352
v 138.774017 7.340806 -16.998354
v 138.774017 -1.640779 -16.998354
v 138.774017 7.340806 -19.875267
v 138.774017 -1.640779 -16.998354
v 138.774017 -1.640779 -19.875267
v 138.774017 7.340806 -19.875267
v 138.774017 7.340806 -19.875267
v 138.774017 -1.640779 -19.875267
v 135.897110 7.340806 -19.875267
v 138.774017 -1.640779 -19.875267
v 135.897110 -1.640780 -19.875267
v 135.897110 7.340806 -19.875267
v 135.897110 -1.640780 -16.998352
v 138.774017 -1.640779 -16.998354
v 138.774017 7.340806 -16.998354
v 135.897110 7.340806 -16.998352
v 135.897110 -1.640780 -16.998352
v 138.774017 7.340806 -16.998354
v 138.412643 33.562820 -17.359722
v 137.335556 39.313141 -18.436810
v 136.258469 33.562820 -17.359722
v 139.131882 32.485733 -16.640493
v 138.412643 33.562820 -19.513899
v 138.412643 33.562820 -17.359722
v 139.131882 32.485733 -16.640493
v 139.131882 32.485733 -20.233128
v 138.412643 33.562820 -19.513899
v 137.335556 39.313141 -18.436810
v 138.412643 33.562820 -17.359722
v 138.412643 33.562820 -19.513899
v 135.539246 32.485733 -20.233128
v 135.539246 32.485733 -16.640493
v 136.258469 33.562820 -17.359722
v 135.539246 32.485733 -20.233128
v 136.258469 33.562820 -17.359722
v 136.258469 33.562820 -19.513899
v 137.335556 39.313141 -18.436810
v 136.258469 33.562820 -19.513899
v 136.258469 33.562820 -17.359722
v 139.131882 32.485733 -20.233128
v 135.539246 32.485733 -20.233128
v 138.412643 33.562820 -19.513899
v 135.539246 32.485733 -20.233128
v 136.258469 33.562820 -19.513899
v 138.412643 33.562820 -19.513899
v 138.412643 33.562820 -17.359722
v 136.258469 33.562820 -17.359722
v 135.539246 32.485733 -16.640493
v 138.412643 33.562820 -17.359722
v 135.539246 32.485733 -16.640493
v 139.131882 32.485733 -16.640493
v 136.258469 33.562820 -19.513899
v 137.335556 39.313141 -18.436810
v 138.412643 33.562820 -19.513899
v 135.539246 32.485733 -16.640493
v 135.539246 32.485733 -20.233128
v 139.131882 32.485733 -20.233128
v 135.539246 32.485733 -16.640493
v 139.131882 32.485733 -20.233128
v 139.131882 32.485733 -16.640493
v 135.897110 28.893099 -16.998352
v 135.897110 32.485733 -19.875267
v 135.897110 28.893099 -19.875267
v 135.897110 28.893099 -16.998352
v 135.897110 32.485733 -16.998352
v 138.774017 28.893099 -19.875267
v 138.774017 32.485733 -16.998354
v 138.774017 28.893099 -16.998354
v 138.774017 28.893099 -19.875267
v 138.774017 32.485733 -19.875267
v 138.774017 32.485733 -16.998354
v 138.774017 28.893099 -16.998354
v 135.897110 32.485733 -16.998352
v 135.897110 28.893099 -16.998352
v 138.774017 28.893099 -16.998354
v 138.774017 32.485733 -16.998354
v 135.897110 28.893099 -19.875267
v 138.774017 32.485733 -19.875267
v 138.774017 28.893099 -19.875267
v 135.897110 28.893099 -19.875267
v 135.897110 32.485733 -19.875267
v 138.774017 32.485733 -19.875267
vn -1.0000 -0.0000 -0.0000
vn 1.0000 -0.0000 -0.0000
vn -0.0000 -0.0000 -1.0000
vn -0.0000 -0.0000 1.0000
vn -0.0000 0.1841 0.9829
vn 0.8316 0.5553 -0.0000
vn 0.9829 0.1841 -0.0000
vn -0.8316 0.5553 -0.0000
vn -0.9829 0.1841 -0.0000
vn -0.0000 0.5553 -0.8316
vn -0.0000 0.5553 0.8316
vn -0.0000 0.1841 -0.9829
vn -0.0000 -1.0000 -0.0000
vt 0.966797 -0.966797
vt 0.966797 6.517578
vt 0.000000 6.517578
vt 0.000000 -0.966797
vt 7.953125 -0.966797
vt 8.951172 6.519531
vt 8.951172 -0.966797
vt 7.953125 6.519531
vt 0.000000 2.152344
vt 0.966797 2.152344
vt 10.947266 2.152344
vt 10.947266 -0.966797
vt 9.949219 2.152344
vt 9.949219 -0.966797
vt 1.964844 -0.218750
vt 1.216797 3.773438
vt 0.468750 -0.218750
vt 0.466797 -0.218750
vt 2.464844 -0.966797
vt 2.462891 -0.966797
vt 0.134766 1.861328
vt 0.468750 1.861328
vt 0.468750 2.193359
vt 0.134766 2.193359
vt 0.966797 -0.982422
vt 0.000000 0.000000
vt 0.000000 -0.982422
vt 0.966797 0.000000
s 1
usemtl Material_0.075
f 7513/1893/878 7514/1894/878 7515/1895/878
f 7516/1893/878 7517/1895/878 7518/1896/878
f 7519/1896/879 7520/1895/879 7521/1894/879
f 7522/1896/879 7523/1894/879 7524/1893/879
f 7525/1897/880 7526/1898/880 7527/1899/880
f 7528/1897/880 7529/1900/880 7530/1898/880
f 7531/1899/881 7532/1898/881 7533/1900/881
f 7534/1899/881 7535/1900/881 7536/1897/881
f 7537/1893/878 7538/1896/878 7539/1901/878
f 7540/1902/878 7541/1893/878 7542/1901/878
f 7543/1901/879 7544/1896/879 7545/1902/879
f 7546/1896/879 7547/1893/879 7548/1902/879
f 7549/1903/880 7550/1904/880 7551/1905/880
f 7552/1904/880 7553/1906/880 7554/1905/880
f 7555/1906/881 7556/1904/881 7557/1903/881
f 7558/1905/881 7559/1906/881 7560/1903/881
usemtl Material_1.075
f 7561/1907/882 7562/1908/882 7563/1909/882
f 7564/1896/883 7565/1907/883 7566/1910/883
f 7567/1896/883 7568/1911/883 7569/1907/883
f 7570/1908/884 7571/1909/884 7572/1907/884
f 7573/1896/885 7574/1911/885 7575/1907/885
f 7576/1896/885 7577/1907/885 7578/1909/885
f 7579/1908/886 7580/1909/886 7581/1907/886
f 7582/1896/887 7583/1911/887 7584/1909/887
f 7585/1911/887 7586/1907/887 7587/1909/887
f 7588/1907/888 7589/1909/888 7590/1896/888
f 7591/1907/888 7592/1896/888 7593/1912/888
f 7594/1907/889 7595/1908/889 7596/1909/889
f 7597/1913/890 7598/1914/890 7599/1915/890
f 7600/1913/890 7601/1915/890 7602/1916/890
usemtl Material_3.075
f 7603/1917/878 7604/1918/878 7605/1919/878
f 7606/1917/878 7607/1920/878 7604/1918/878
f 7608/1919/879 7609/1920/879 7610/1917/879
f 7611/1919/879 7612/1918/879 7613/1920/879
f 7614/1917/881 7615/1918/881 7616/1919/881
f 7617/1917/881 7618/1920/881 7615/1918/881
f 7619/1919/880 7620/1920/880 7621/1917/880
f 7622/1919/880 7623/1918/880 7624/1920/880
o node.069
v 135.897110 7.340806 -30.099854
v 135.897110 28.893099 -30.099854
v 135.897110 28.893099 -32.976768
v 135.897110 7.340806 -30.099854
v 135.897110 28.893099 -32.976768
v 135.897110 7.340806 -32.976768
v 138.774017 7.340806 -32.976768
v 138.774017 28.893099 -32.976768
v 138.774017 28.893099 -30.099855
v 138.774017 7.340806 -32.976768
v 138.774017 28.893099 -30.099855
v 138.774017 7.340806 -30.099855
v 135.897110 7.340806 -32.976768
v 138.774017 28.893099 -32.976768
v 138.774017 7.340806 -32.976768
v 135.897110 7.340806 -32.976768
v 135.897110 28.893099 -32.976768
v 138.774017 28.893099 -32.976768
v 138.774017 7.340806 -30.099855
v 138.774017 28.893099 -30.099855
v 135.897110 28.893099 -30.099854
v 138.774017 7.340806 -30.099855
v 135.897110 28.893099 -30.099854
v 135.897110 7.340806 -30.099854
v 135.897110 -1.640780 -32.976768
v 135.897110 -1.640780 -30.099854
v 135.897110 7.340806 -30.099854
v 135.897110 7.340806 -32.976768
v 135.897110 -1.640780 -32.976768
v 135.897110 7.340806 -30.099854
v 138.774017 7.340806 -30.099855
v 138.774017 -1.640779 -30.099855
v 138.774017 7.340806 -32.976768
v 138.774017 -1.640779 -30.099855
v 138.774017 -1.640779 -32.976768
v 138.774017 7.340806 -32.976768
v 138.774017 7.340806 -32.976768
v 138.774017 -1.640779 -32.976768
v 135.897110 7.340806 -32.976768
v 138.774017 -1.640779 -32.976768
v 135.897110 -1.640780 -32.976768
v 135.897110 7.340806 -32.976768
v 135.897110 -1.640780 -30.099854
v 138.774017 -1.640779 -30.099855
v 138.774017 7.340806 -30.099855
v 135.897110 7.340806 -30.099854
v 135.897110 -1.640780 -30.099854
v 138.774017 7.340806 -30.099855
v 138.412643 33.562820 -30.461224
v 137.335556 39.313141 -31.538311
v 136.258469 33.562820 -30.461224
v 139.131882 32.485733 -29.741995
v 138.412643 33.562820 -32.615402
v 138.412643 33.562820 -30.461224
v 139.131882 32.485733 -29.741995
v 139.131882 32.485733 -33.334629
v 138.412643 33.562820 -32.615402
v 137.335556 39.313141 -31.538311
v 138.412643 33.562820 -30.461224
v 138.412643 33.562820 -32.615402
v 135.539246 32.485733 -33.334629
v 135.539246 32.485733 -29.741995
v 136.258469 33.562820 -30.461224
v 135.539246 32.485733 -33.334629
v 136.258469 33.562820 -30.461224
v 136.258469 33.562820 -32.615398
v 137.335556 39.313141 -31.538311
v 136.258469 33.562820 -32.615398
v 136.258469 33.562820 -30.461224
v 139.131882 32.485733 -33.334629
v 135.539246 32.485733 -33.334629
v 138.412643 33.562820 -32.615402
v 135.539246 32.485733 -33.334629
v 136.258469 33.562820 -32.615398
v 138.412643 33.562820 -32.615402
v 138.412643 33.562820 -30.461224
v 136.258469 33.562820 -30.461224
v 135.539246 32.485733 -29.741995
v 138.412643 33.562820 -30.461224
v 135.539246 32.485733 -29.741995
v 139.131882 32.485733 -29.741995
v 136.258469 33.562820 -32.615398
v 137.335556 39.313141 -31.538311
v 138.412643 33.562820 -32.615402
v 135.539246 32.485733 -29.741995
v 135.539246 32.485733 -33.334629
v 139.131882 32.485733 -33.334629
v 135.539246 32.485733 -29.741995
v 139.131882 32.485733 -33.334629
v 139.131882 32.485733 -29.741995
v 135.897110 28.893099 -30.099854
v 135.897110 32.485733 -32.976768
v 135.897110 28.893099 -32.976768
v 135.897110 28.893099 -30.099854
v 135.897110 32.485733 -30.099854
v 138.774017 28.893099 -32.976768
v 138.774017 32.485733 -30.099855
v 138.774017 28.893099 -30.099855
v 138.774017 28.893099 -32.976768
v 138.774017 32.485733 -32.976768
v 138.774017 32.485733 -30.099855
v 138.774017 28.893099 -30.099855
v 135.897110 32.485733 -30.099854
v 135.897110 28.893099 -30.099854
v 138.774017 28.893099 -30.099855
v 138.774017 32.485733 -30.099855
v 135.897110 28.893099 -32.976768
v 138.774017 32.485733 -32.976768
v 138.774017 28.893099 -32.976768
v 135.897110 28.893099 -32.976768
v 135.897110 32.485733 -32.976768
v 138.774017 32.485733 -32.976768
vn -1.0000 -0.0000 -0.0000
vn 1.0000 -0.0000 -0.0000
vn -0.0000 -0.0000 -1.0000
vn -0.0000 -0.0000 1.0000
vn -0.0000 0.1841 0.9829
vn 0.8316 0.5553 -0.0000
vn 0.9829 0.1841 -0.0000
vn -0.8316 0.5553 -0.0000
vn -0.9829 0.1841 -0.0000
vn -0.0000 0.5553 -0.8316
vn -0.0000 0.5553 0.8316
vn -0.0000 0.1841 -0.9829
vn -0.0000 -1.0000 -0.0000
vt 0.966797 -0.966797
vt 0.966797 6.517578
vt 0.000000 6.517578
vt 0.000000 -0.966797
vt 7.953125 -0.966797
vt 8.951172 6.519531
vt 8.951172 -0.966797
vt 7.953125 6.519531
vt 0.000000 2.152344
vt 0.966797 2.152344
vt 10.947266 2.152344
vt 10.947266 -0.966797
vt 9.949219 2.152344
vt 9.949219 -0.966797
vt 1.964844 -0.218750
vt 1.216797 3.773438
vt 0.468750 -0.218750
vt 0.466797 -0.218750
vt 2.464844 -0.966797
vt 2.462891 -0.966797
vt 0.134766 1.861328
vt 0.468750 1.861328
vt 0.468750 2.193359
vt 0.134766 2.193359
vt 0.966797 -0.982422
vt 0.000000 0.000000
vt 0.000000 -0.982422
vt 0.966797 0.000000
s 1
usemtl Material_0.076
f 7625/1921/891 7626/1922/891 7627/1923/891
f 7628/1921/891 7629/1923/891 7630/1924/891
f 7631/1924/892 7632/1923/892 7633/1922/892
f 7634/1924/892 7635/1922/892 7636/1921/892
f 7637/1925/893 7638/1926/893 7639/1927/893
f 7640/1925/893 7641/1928/893 7642/1926/893
f 7643/1927/894 7644/1926/894 7645/1928/894
f 7646/1927/894 7647/1928/894 7648/1925/894
f 7649/1921/891 7650/1924/891 7651/1929/891
f 7652/1930/891 7653/1921/891 7654/1929/891
f 7655/1929/892 7656/1924/892 7657/1930/892
f 7658/1924/892 7659/1921/892 7660/1930/892
f 7661/1931/893 7662/1932/893 7663/1933/893
f 7664/1932/893 7665/1934/893 7666/1933/893
f 7667/1934/894 7668/1932/894 7669/1931/894
f 7670/1933/894 7671/1934/894 7672/1931/894
usemtl Material_1.076
f 7673/1935/895 7674/1936/895 7675/1937/895
f 7676/1924/896 7677/1935/896 7678/1938/896
f 7679/1924/896 7680/1939/896 7681/1935/896
f 7682/1936/897 7683/1937/897 7684/1935/897
f 7685/1924/898 7686/1939/898 7687/1935/898
f 7688/1924/898 7689/1935/898 7690/1937/898
f 7691/1936/899 7692/1937/899 7693/1935/899
f 7694/1924/900 7695/1939/900 7696/1937/900
f 7697/1939/900 7698/1935/900 7699/1937/900
f 7700/1935/901 7701/1937/901 7702/1924/901
f 7703/1935/901 7704/1924/901 7705/1940/901
f 7706/1935/902 7707/1936/902 7708/1937/902
f 7709/1941/903 7710/1942/903 7711/1943/903
f 7712/1941/903 7713/1943/903 7714/1944/903
usemtl Material_3.076
f 7715/1945/891 7716/1946/891 7717/1947/891
f 7718/1945/891 7719/1948/891 7716/1946/891
f 7720/1947/892 7721/1948/892 7722/1945/892
f 7723/1947/892 7724/1946/892 7725/1948/892
f 7726/1945/894 7727/1946/894 7728/1947/894
f 7729/1945/894 7730/1948/894 7727/1946/894
f 7731/1947/893 7732/1948/893 7733/1945/893
f 7734/1947/893 7735/1946/893 7736/1948/893
o node.070
v 115.897102 7.340806 -17.012360
v 115.897095 28.893099 -17.012360
v 115.897095 28.893099 -19.889275
v 115.897102 7.340806 -17.012360
v 115.897095 28.893099 -19.889275
v 115.897102 7.340806 -19.889275
v 118.774017 7.340806 -19.889275
v 118.774010 28.893099 -19.889275
v 118.774010 28.893099 -17.012362
v 118.774017 7.340806 -19.889275
v 118.774010 28.893099 -17.012362
v 118.774017 7.340806 -17.012362
v 115.897102 7.340806 -19.889275
v 118.774010 28.893099 -19.889275
v 118.774017 7.340806 -19.889275
v 115.897102 7.340806 -19.889275
v 115.897095 28.893099 -19.889275
v 118.774010 28.893099 -19.889275
v 118.774017 7.340806 -17.012362
v 118.774010 28.893099 -17.012362
v 115.897095 28.893099 -17.012360
v 118.774017 7.340806 -17.012362
v 115.897095 28.893099 -17.012360
v 115.897102 7.340806 -17.012360
v 115.897102 -1.640780 -19.889275
v 115.897102 -1.640780 -17.012360
v 115.897102 7.340806 -17.012360
v 115.897102 7.340806 -19.889275
v 115.897102 -1.640780 -19.889275
v 115.897102 7.340806 -17.012360
v 118.774017 7.340806 -17.012362
v 118.774017 -1.640779 -17.012362
v 118.774017 7.340806 -19.889275
v 118.774017 -1.640779 -17.012362
v 118.774017 -1.640779 -19.889275
v 118.774017 7.340806 -19.889275
v 118.774017 7.340806 -19.889275
v 118.774017 -1.640779 -19.889275
v 115.897102 7.340806 -19.889275
v 118.774017 -1.640779 -19.889275
v 115.897102 -1.640780 -19.889275
v 115.897102 7.340806 -19.889275
v 115.897102 -1.640780 -17.012360
v 118.774017 -1.640779 -17.012362
v 118.774017 7.340806 -17.012362
v 115.897102 7.340806 -17.012360
v 115.897102 -1.640780 -17.012360
v 118.774017 7.340806 -17.012362
v 118.412643 33.562820 -17.373730
v 117.335556 39.313141 -18.450817
v 116.258469 33.562820 -17.373730
v 119.131874 32.485733 -16.654501
v 118.412643 33.562820 -19.527906
v 118.412643 33.562820 -17.373730
v 119.131874 32.485733 -16.654501
v 119.131874 32.485733 -20.247135
v 118.412643 33.562820 -19.527906
v 117.335556 39.313141 -18.450817
v 118.412643 33.562820 -17.373730
v 118.412643 33.562820 -19.527906
v 115.539238 32.485733 -20.247135
v 115.539238 32.485733 -16.654501
v 116.258469 33.562820 -17.373730
v 115.539238 32.485733 -20.247135
v 116.258469 33.562820 -17.373730
v 116.258469 33.562820 -19.527906
v 117.335556 39.313141 -18.450817
v 116.258469 33.562820 -19.527906
v 116.258469 33.562820 -17.373730
v 119.131874 32.485733 -20.247135
v 115.539238 32.485733 -20.247135
v 118.412643 33.562820 -19.527906
v 115.539238 32.485733 -20.247135
v 116.258469 33.562820 -19.527906
v 118.412643 33.562820 -19.527906
v 118.412643 33.562820 -17.373730
v 116.258469 33.562820 -17.373730
v 115.539238 32.485733 -16.654501
v 118.412643 33.562820 -17.373730
v 115.539238 32.485733 -16.654501
v 119.131874 32.485733 -16.654501
v 116.258469 33.562820 -19.527906
v 117.335556 39.313141 -18.450817
v 118.412643 33.562820 -19.527906
v 115.539238 32.485733 -16.654501
v 115.539238 32.485733 -20.247135
v 119.131874 32.485733 -20.247135
v 115.539238 32.485733 -16.654501
v 119.131874 32.485733 -20.247135
v 119.131874 32.485733 -16.654501
v 115.897095 28.893099 -17.012360
v 115.897095 32.485733 -19.889275
v 115.897095 28.893099 -19.889275
v 115.897095 28.893099 -17.012360
v 115.897095 32.485733 -17.012360
v 118.774010 28.893099 -19.889275
v 118.774010 32.485733 -17.012362
v 118.774010 28.893099 -17.012362
v 118.774010 28.893099 -19.889275
v 118.774010 32.485733 -19.889275
v 118.774010 32.485733 -17.012362
v 118.774010 28.893099 -17.012362
v 115.897095 32.485733 -17.012360
v 115.897095 28.893099 -17.012360
v 118.774010 28.893099 -17.012362
v 118.774010 32.485733 -17.012362
v 115.897095 28.893099 -19.889275
v 118.774010 32.485733 -19.889275
v 118.774010 28.893099 -19.889275
v 115.897095 28.893099 -19.889275
v 115.897095 32.485733 -19.889275
v 118.774010 32.485733 -19.889275
vn -1.0000 -0.0000 -0.0000
vn 1.0000 -0.0000 -0.0000
vn -0.0000 -0.0000 -1.0000
vn -0.0000 -0.0000 1.0000
vn -0.0000 0.1841 0.9829
vn 0.8316 0.5553 -0.0000
vn 0.9829 0.1841 -0.0000
vn -0.8316 0.5553 -0.0000
vn -0.9829 0.1841 -0.0000
vn -0.0000 0.5553 -0.8316
vn -0.0000 0.5553 0.8316
vn -0.0000 0.1841 -0.9829
vn -0.0000 -1.0000 -0.0000
vt 0.966797 -0.966797
vt 0.966797 6.517578
vt 0.000000 6.517578
vt 0.000000 -0.966797
vt 7.953125 -0.966797
vt 8.951172 6.519531
vt 8.951172 -0.966797
vt 7.953125 6.519531
vt 0.000000 2.152344
vt 0.966797 2.152344
vt 10.947266 2.152344
vt 10.947266 -0.966797
vt 9.949219 2.152344
vt 9.949219 -0.966797
vt 1.964844 -0.218750
vt 1.216797 3.773438
vt 0.468750 -0.218750
vt 0.466797 -0.218750
vt 2.464844 -0.966797
vt 2.462891 -0.966797
vt 0.134766 1.861328
vt 0.468750 1.861328
vt 0.468750 2.193359
vt 0.134766 2.193359
vt 0.966797 -0.982422
vt 0.000000 0.000000
vt 0.000000 -0.982422
vt 0.966797 0.000000
s 1
usemtl Material_0.077
f 7737/1949/904 7738/1950/904 7739/1951/904
f 7740/1949/904 7741/1951/904 7742/1952/904
f 7743/1952/905 7744/1951/905 7745/1950/905
f 7746/1952/905 7747/1950/905 7748/1949/905
f 7749/1953/906 7750/1954/906 7751/1955/906
f 7752/1953/906 7753/1956/906 7754/1954/906
f 7755/1955/907 7756/1954/907 7757/1956/907
f 7758/1955/907 7759/1956/907 7760/1953/907
f 7761/1949/904 7762/1952/904 7763/1957/904
f 7764/1958/904 7765/1949/904 7766/1957/904
f 7767/1957/905 7768/1952/905 7769/1958/905
f 7770/1952/905 7771/1949/905 7772/1958/905
f 7773/1959/906 7774/1960/906 7775/1961/906
f 7776/1960/906 7777/1962/906 7778/1961/906
f 7779/1962/907 7780/1960/907 7781/1959/907
f 7782/1961/907 7783/1962/907 7784/1959/907
usemtl Material_1.077
f 7785/1963/908 7786/1964/908 7787/1965/908
f 7788/1952/909 7789/1963/909 7790/1966/909
f 7791/1952/909 7792/1967/909 7793/1963/909
f 7794/1964/910 7795/1965/910 7796/1963/910
f 7797/1952/911 7798/1967/911 7799/1963/911
f 7800/1952/911 7801/1963/911 7802/1965/911
f 7803/1964/912 7804/1965/912 7805/1963/912
f 7806/1952/913 7807/1967/913 7808/1965/913
f 7809/1967/913 7810/1963/913 7811/1965/913
f 7812/1963/914 7813/1965/914 7814/1952/914
f 7815/1963/914 7816/1952/914 7817/1968/914
f 7818/1963/915 7819/1964/915 7820/1965/915
f 7821/1969/916 7822/1970/916 7823/1971/916
f 7824/1969/916 7825/1971/916 7826/1972/916
usemtl Material_3.077
f 7827/1973/904 7828/1974/904 7829/1975/904
f 7830/1973/904 7831/1976/904 7828/1974/904
f 7832/1975/905 7833/1976/905 7834/1973/905
f 7835/1975/905 7836/1974/905 7837/1976/905
f 7838/1973/907 7839/1974/907 7840/1975/907
f 7841/1973/907 7842/1976/907 7839/1974/907
f 7843/1975/906 7844/1976/906 7845/1973/906
f 7846/1975/906 7847/1974/906 7848/1976/906
o Cube.001
v 132.576538 0.160107 -15.417622
v 132.576538 5.828139 -15.417622
v 123.498390 0.160107 -15.417622
v 123.498390 5.828139 -15.417622
v 132.576523 0.160107 -126.225937
v 132.576523 5.828139 -126.225937
v 123.498390 0.160107 -126.225937
v 123.498390 5.828139 -126.225937
vn -0.0000 -0.0000 1.0000
vn -1.0000 -0.0000 -0.0000
vn -0.0000 -0.0000 -1.0000
vn 1.0000 -0.0000 -0.0000
vn -0.0000 -1.0000 -0.0000
vn -0.0000 1.0000 -0.0000
vt 0.000000 0.000000
vt 1.000000 0.000000
vt 1.000000 1.000000
vt 0.000000 1.000000
vt 0.000000 -4.886743
vt 1.000000 -4.886743
vt 1.000000 5.886743
vt 0.000000 5.886743
vt 0.000000 -5.708642
vt 1.000000 -5.708642
vt 1.000000 6.708642
vt 0.000000 6.708642
vt -11.978818 -0.413834
vt 12.978818 -0.413834
vt 12.978818 1.413834
vt -11.978818 1.413834
s 0
usemtl Material.002
f 7849/1977/917 7850/1978/917 7852/1979/917 7851/1980/917
f 7851/1981/918 7852/1982/918 7856/1983/918 7855/1984/918
f 7855/1977/919 7856/1978/919 7854/1979/919 7853/1980/919
f 7853/1985/920 7854/1986/920 7850/1987/920 7849/1988/920
f 7851/1989/921 7855/1990/921 7853/1991/921 7849/1992/921
f 7856/1989/922 7852/1990/922 7850/1991/922 7854/1992/922
o node.071
v 158.756546 7.340806 -176.510468
v 158.756546 28.893099 -176.510468
v 161.633453 28.893099 -176.510468
v 158.756546 7.340806 -176.510468
v 161.633453 28.893099 -176.510468
v 161.633453 7.340806 -176.510468
v 161.633453 7.340806 -173.633560
v 161.633453 28.893099 -173.633560
v 158.756546 28.893099 -173.633560
v 161.633453 7.340806 -173.633560
v 158.756546 28.893099 -173.633560
v 158.756546 7.340806 -173.633560
v 161.633453 7.340806 -176.510468
v 161.633453 28.893099 -173.633560
v 161.633453 7.340806 -173.633560
v 161.633453 7.340806 -176.510468
v 161.633453 28.893099 -176.510468
v 161.633453 28.893099 -173.633560
v 158.756546 7.340806 -173.633560
v 158.756546 28.893099 -173.633560
v 158.756546 28.893099 -176.510468
v 158.756546 7.340806 -173.633560
v 158.756546 28.893099 -176.510468
v 158.756546 7.340806 -176.510468
v 161.633453 -1.640780 -176.510468
v 158.756546 -1.640780 -176.510468
v 158.756546 7.340806 -176.510468
v 161.633453 7.340806 -176.510468
v 161.633453 -1.640780 -176.510468
v 158.756546 7.340806 -176.510468
v 158.756546 7.340806 -173.633560
v 158.756546 -1.640779 -173.633560
v 161.633453 7.340806 -173.633560
v 158.756546 -1.640779 -173.633560
v 161.633453 -1.640779 -173.633560
v 161.633453 7.340806 -173.633560
v 161.633453 7.340806 -173.633560
v 161.633453 -1.640779 -173.633560
v 161.633453 7.340806 -176.510468
v 161.633453 -1.640779 -173.633560
v 161.633453 -1.640780 -176.510468
v 161.633453 7.340806 -176.510468
v 158.756546 -1.640780 -176.510468
v 158.756546 -1.640779 -173.633560
v 158.756546 7.340806 -173.633560
v 158.756546 7.340806 -176.510468
v 158.756546 -1.640780 -176.510468
v 158.756546 7.340806 -173.633560
v 159.117920 33.562820 -173.994934
v 160.195007 39.313141 -175.072021
v 159.117920 33.562820 -176.149109
v 158.398682 32.485733 -173.275696
v 161.272095 33.562820 -173.994934
v 159.117920 33.562820 -173.994934
v 158.398682 32.485733 -173.275696
v 161.991318 32.485733 -173.275696
v 161.272095 33.562820 -173.994934
v 160.195007 39.313141 -175.072021
v 159.117920 33.562820 -173.994934
v 161.272095 33.562820 -173.994934
v 161.991318 32.485733 -176.868332
v 158.398682 32.485733 -176.868332
v 159.117920 33.562820 -176.149109
v 161.991318 32.485733 -176.868332
v 159.117920 33.562820 -176.149109
v 161.272095 33.562820 -176.149109
v 160.195007 39.313141 -175.072021
v 161.272095 33.562820 -176.149109
v 159.117920 33.562820 -176.149109
v 161.991318 32.485733 -173.275696
v 161.991318 32.485733 -176.868332
v 161.272095 33.562820 -173.994934
v 161.991318 32.485733 -176.868332
v 161.272095 33.562820 -176.149109
v 161.272095 33.562820 -173.994934
v 159.117920 33.562820 -173.994934
v 159.117920 33.562820 -176.149109
v 158.398682 32.485733 -176.868332
v 159.117920 33.562820 -173.994934
v 158.398682 32.485733 -176.868332
v 158.398682 32.485733 -173.275696
v 161.272095 33.562820 -176.149109
v 160.195007 39.313141 -175.072021
v 161.272095 33.562820 -173.994934
v 158.398682 32.485733 -176.868332
v 161.991318 32.485733 -176.868332
v 161.991318 32.485733 -173.275696
v 158.398682 32.485733 -176.868332
v 161.991318 32.485733 -173.275696
v 158.398682 32.485733 -173.275696
v 158.756546 28.893099 -176.510468
v 161.633453 32.485733 -176.510468
v 161.633453 28.893099 -176.510468
v 158.756546 28.893099 -176.510468
v 158.756546 32.485733 -176.510468
v 161.633453 28.893099 -173.633560
v 158.756546 32.485733 -173.633560
v 158.756546 28.893099 -173.633560
v 161.633453 28.893099 -173.633560
v 161.633453 32.485733 -173.633560
v 158.756546 32.485733 -173.633560
v 158.756546 28.893099 -173.633560
v 158.756546 32.485733 -176.510468
v 158.756546 28.893099 -176.510468
v 158.756546 28.893099 -173.633560
v 158.756546 32.485733 -173.633560
v 161.633453 28.893099 -176.510468
v 161.633453 32.485733 -173.633560
v 161.633453 28.893099 -173.633560
v 161.633453 28.893099 -176.510468
v 161.633453 32.485733 -176.510468
v 161.633453 32.485733 -173.633560
vn -0.0000 -0.0000 -1.0000
vn -0.0000 -0.0000 1.0000
vn 1.0000 -0.0000 -0.0000
vn -1.0000 -0.0000 -0.0000
vn -0.9829 0.1841 -0.0000
vn -0.0000 0.5553 0.8316
vn -0.0000 0.1841 0.9829
vn -0.0000 0.5553 -0.8316
vn -0.0000 0.1841 -0.9829
vn 0.8316 0.5553 -0.0000
vn -0.8316 0.5553 -0.0000
vn 0.9829 0.1841 -0.0000
vn -0.0000 -1.0000 -0.0000
vt 0.966797 -0.966797
vt 0.966797 6.517578
vt 0.000000 6.517578
vt 0.000000 -0.966797
vt 7.953125 -0.966797
vt 8.951172 6.519531
vt 8.951172 -0.966797
vt 7.953125 6.519531
vt 0.000000 2.152344
vt 0.966797 2.152344
vt 10.947266 2.152344
vt 10.947266 -0.966797
vt 9.949219 2.152344
vt 9.949219 -0.966797
vt 1.964844 -0.218750
vt 1.216797 3.773438
vt 0.468750 -0.218750
vt 0.466797 -0.218750
vt 2.464844 -0.966797
vt 2.462891 -0.966797
vt 0.134766 1.861328
vt 0.468750 1.861328
vt 0.468750 2.193359
vt 0.134766 2.193359
vt 0.966797 -0.982422
vt 0.000000 0.000000
vt 0.000000 -0.982422
vt 0.966797 0.000000
s 1
usemtl Material_0.078
f 7857/1993/923 7858/1994/923 7859/1995/923
f 7860/1993/923 7861/1995/923 7862/1996/923
f 7863/1996/924 7864/1995/924 7865/1994/924
f 7866/1996/924 7867/1994/924 7868/1993/924
f 7869/1997/925 7870/1998/925 7871/1999/925
f 7872/1997/925 7873/2000/925 7874/1998/925
f 7875/1999/926 7876/1998/926 7877/2000/926
f 7878/1999/926 7879/2000/926 7880/1997/926
f 7881/1993/923 7882/1996/923 7883/2001/923
f 7884/2002/923 7885/1993/923 7886/2001/923
f 7887/2001/924 7888/1996/924 7889/2002/924
f 7890/1996/924 7891/1993/924 7892/2002/924
f 7893/2003/925 7894/2004/925 7895/2005/925
f 7896/2004/925 7897/2006/925 7898/2005/925
f 7899/2006/926 7900/2004/926 7901/2003/926
f 7902/2005/926 7903/2006/926 7904/2003/926
usemtl Material_1.078
f 7905/2007/927 7906/2008/927 7907/2009/927
f 7908/1996/928 7909/2007/928 7910/2010/928
f 7911/1996/928 7912/2011/928 7913/2007/928
f 7914/2008/929 7915/2009/929 7916/2007/929
f 7917/1996/930 7918/2011/930 7919/2007/930
f 7920/1996/930 7921/2007/930 7922/2009/930
f 7923/2008/931 7924/2009/931 7925/2007/931
f 7926/1996/932 7927/2011/932 7928/2009/932
f 7929/2011/932 7930/2007/932 7931/2009/932
f 7932/2007/933 7933/2009/933 7934/1996/933
f 7935/2007/933 7936/1996/933 7937/2012/933
f 7938/2007/934 7939/2008/934 7940/2009/934
f 7941/2013/935 7942/2014/935 7943/2015/935
f 7944/2013/935 7945/2015/935 7946/2016/935
usemtl Material_3.078
f 7947/2017/923 7948/2018/923 7949/2019/923
f 7950/2017/923 7951/2020/923 7948/2018/923
f 7952/2019/924 7953/2020/924 7954/2017/924
f 7955/2019/924 7956/2018/924 7957/2020/924
f 7958/2017/926 7959/2018/926 7960/2019/926
f 7961/2017/926 7962/2020/926 7959/2018/926
f 7963/2019/925 7964/2020/925 7965/2017/925
f 7966/2019/925 7967/2018/925 7968/2020/925
o node.072
v 171.844040 7.340806 -156.510452
v 171.844040 28.893099 -156.510452
v 174.720947 28.893099 -156.510452
v 171.844040 7.340806 -156.510452
v 174.720947 28.893099 -156.510452
v 174.720947 7.340806 -156.510452
v 174.720947 7.340806 -153.633545
v 174.720947 28.893099 -153.633545
v 171.844040 28.893099 -153.633545
v 174.720947 7.340806 -153.633545
v 171.844040 28.893099 -153.633545
v 171.844040 7.340806 -153.633545
v 174.720947 7.340806 -156.510452
v 174.720947 28.893099 -153.633545
v 174.720947 7.340806 -153.633545
v 174.720947 7.340806 -156.510452
v 174.720947 28.893099 -156.510452
v 174.720947 28.893099 -153.633545
v 171.844040 7.340806 -153.633545
v 171.844040 28.893099 -153.633545
v 171.844040 28.893099 -156.510452
v 171.844040 7.340806 -153.633545
v 171.844040 28.893099 -156.510452
v 171.844040 7.340806 -156.510452
v 174.720947 -1.640780 -156.510452
v 171.844040 -1.640780 -156.510452
v 171.844040 7.340806 -156.510452
v 174.720947 7.340806 -156.510452
v 174.720947 -1.640780 -156.510452
v 171.844040 7.340806 -156.510452
v 171.844040 7.340806 -153.633545
v 171.844040 -1.640779 -153.633545
v 174.720947 7.340806 -153.633545
v 171.844040 -1.640779 -153.633545
v 174.720947 -1.640779 -153.633545
v 174.720947 7.340806 -153.633545
v 174.720947 7.340806 -153.633545
v 174.720947 -1.640779 -153.633545
v 174.720947 7.340806 -156.510452
v 174.720947 -1.640779 -153.633545
v 174.720947 -1.640780 -156.510452
v 174.720947 7.340806 -156.510452
v 171.844040 -1.640780 -156.510452
v 171.844040 -1.640779 -153.633545
v 171.844040 7.340806 -153.633545
v 171.844040 7.340806 -156.510452
v 171.844040 -1.640780 -156.510452
v 171.844040 7.340806 -153.633545
v 172.205414 33.562820 -153.994919
v 173.282501 39.313141 -155.072006
v 172.205414 33.562820 -156.149094
v 171.486176 32.485733 -153.275681
v 174.359589 33.562820 -153.994919
v 172.205414 33.562820 -153.994919
v 171.486176 32.485733 -153.275681
v 175.078812 32.485733 -153.275681
v 174.359589 33.562820 -153.994919
v 173.282501 39.313141 -155.072006
v 172.205414 33.562820 -153.994919
v 174.359589 33.562820 -153.994919
v 175.078812 32.485733 -156.868317
v 171.486176 32.485733 -156.868317
v 172.205414 33.562820 -156.149094
v 175.078812 32.485733 -156.868317
v 172.205414 33.562820 -156.149094
v 174.359589 33.562820 -156.149094
v 173.282501 39.313141 -155.072006
v 174.359589 33.562820 -156.149094
v 172.205414 33.562820 -156.149094
v 175.078812 32.485733 -153.275681
v 175.078812 32.485733 -156.868317
v 174.359589 33.562820 -153.994919
v 175.078812 32.485733 -156.868317
v 174.359589 33.562820 -156.149094
v 174.359589 33.562820 -153.994919
v 172.205414 33.562820 -153.994919
v 172.205414 33.562820 -156.149094
v 171.486176 32.485733 -156.868317
v 172.205414 33.562820 -153.994919
v 171.486176 32.485733 -156.868317
v 171.486176 32.485733 -153.275681
v 174.359589 33.562820 -156.149094
v 173.282501 39.313141 -155.072006
v 174.359589 33.562820 -153.994919
v 171.486176 32.485733 -156.868317
v 175.078812 32.485733 -156.868317
v 175.078812 32.485733 -153.275681
v 171.486176 32.485733 -156.868317
v 175.078812 32.485733 -153.275681
v 171.486176 32.485733 -153.275681
v 171.844040 28.893099 -156.510452
v 174.720947 32.485733 -156.510452
v 174.720947 28.893099 -156.510452
v 171.844040 28.893099 -156.510452
v 171.844040 32.485733 -156.510452
v 174.720947 28.893099 -153.633545
v 171.844040 32.485733 -153.633545
v 171.844040 28.893099 -153.633545
v 174.720947 28.893099 -153.633545
v 174.720947 32.485733 -153.633545
v 171.844040 32.485733 -153.633545
v 171.844040 28.893099 -153.633545
v 171.844040 32.485733 -156.510452
v 171.844040 28.893099 -156.510452
v 171.844040 28.893099 -153.633545
v 171.844040 32.485733 -153.633545
v 174.720947 28.893099 -156.510452
v 174.720947 32.485733 -153.633545
v 174.720947 28.893099 -153.633545
v 174.720947 28.893099 -156.510452
v 174.720947 32.485733 -156.510452
v 174.720947 32.485733 -153.633545
vn -0.0000 -0.0000 -1.0000
vn -0.0000 -0.0000 1.0000
vn 1.0000 -0.0000 -0.0000
vn -1.0000 -0.0000 -0.0000
vn -0.9829 0.1841 -0.0000
vn -0.0000 0.5553 0.8316
vn -0.0000 0.1841 0.9829
vn -0.0000 0.5553 -0.8316
vn -0.0000 0.1841 -0.9829
vn 0.8316 0.5553 -0.0000
vn -0.8316 0.5553 -0.0000
vn 0.9829 0.1841 -0.0000
vn -0.0000 -1.0000 -0.0000
vt 0.966797 -0.966797
vt 0.966797 6.517578
vt 0.000000 6.517578
vt 0.000000 -0.966797
vt 7.953125 -0.966797
vt 8.951172 6.519531
vt 8.951172 -0.966797
vt 7.953125 6.519531
vt 0.000000 2.152344
vt 0.966797 2.152344
vt 10.947266 2.152344
vt 10.947266 -0.966797
vt 9.949219 2.152344
vt 9.949219 -0.966797
vt 1.964844 -0.218750
vt 1.216797 3.773438
vt 0.468750 -0.218750
vt 0.466797 -0.218750
vt 2.464844 -0.966797
vt 2.462891 -0.966797
vt 0.134766 1.861328
vt 0.468750 1.861328
vt 0.468750 2.193359
vt 0.134766 2.193359
vt 0.966797 -0.982422
vt 0.000000 0.000000
vt 0.000000 -0.982422
vt 0.966797 0.000000
s 1
usemtl Material_0.079
f 7969/2021/936 7970/2022/936 7971/2023/936
f 7972/2021/936 7973/2023/936 7974/2024/936
f 7975/2024/937 7976/2023/937 7977/2022/937
f 7978/2024/937 7979/2022/937 7980/2021/937
f 7981/2025/938 7982/2026/938 7983/2027/938
f 7984/2025/938 7985/2028/938 7986/2026/938
f 7987/2027/939 7988/2026/939 7989/2028/939
f 7990/2027/939 7991/2028/939 7992/2025/939
f 7993/2021/936 7994/2024/936 7995/2029/936
f 7996/2030/936 7997/2021/936 7998/2029/936
f 7999/2029/937 8000/2024/937 8001/2030/937
f 8002/2024/937 8003/2021/937 8004/2030/937
f 8005/2031/938 8006/2032/938 8007/2033/938
f 8008/2032/938 8009/2034/938 8010/2033/938
f 8011/2034/939 8012/2032/939 8013/2031/939
f 8014/2033/939 8015/2034/939 8016/2031/939
usemtl Material_1.079
f 8017/2035/940 8018/2036/940 8019/2037/940
f 8020/2024/941 8021/2035/941 8022/2038/941
f 8023/2024/941 8024/2039/941 8025/2035/941
f 8026/2036/942 8027/2037/942 8028/2035/942
f 8029/2024/943 8030/2039/943 8031/2035/943
f 8032/2024/943 8033/2035/943 8034/2037/943
f 8035/2036/944 8036/2037/944 8037/2035/944
f 8038/2024/945 8039/2039/945 8040/2037/945
f 8041/2039/945 8042/2035/945 8043/2037/945
f 8044/2035/946 8045/2037/946 8046/2024/946
f 8047/2035/946 8048/2024/946 8049/2040/946
f 8050/2035/947 8051/2036/947 8052/2037/947
f 8053/2041/948 8054/2042/948 8055/2043/948
f 8056/2041/948 8057/2043/948 8058/2044/948
usemtl Material_3.079
f 8059/2045/936 8060/2046/936 8061/2047/936
f 8062/2045/936 8063/2048/936 8060/2046/936
f 8064/2047/937 8065/2048/937 8066/2045/937
f 8067/2047/937 8068/2046/937 8069/2048/937
f 8070/2045/939 8071/2046/939 8072/2047/939
f 8073/2045/939 8074/2048/939 8071/2046/939
f 8075/2047/938 8076/2048/938 8077/2045/938
f 8078/2047/938 8079/2046/938 8080/2048/938
o node.073
v 158.742538 7.340806 -156.510452
v 158.742538 28.893099 -156.510452
v 161.619446 28.893099 -156.510452
v 158.742538 7.340806 -156.510452
v 161.619446 28.893099 -156.510452
v 161.619446 7.340806 -156.510452
v 161.619446 7.340806 -153.633545
v 161.619446 28.893099 -153.633545
v 158.742538 28.893099 -153.633545
v 161.619446 7.340806 -153.633545
v 158.742538 28.893099 -153.633545
v 158.742538 7.340806 -153.633545
v 161.619446 7.340806 -156.510452
v 161.619446 28.893099 -153.633545
v 161.619446 7.340806 -153.633545
v 161.619446 7.340806 -156.510452
v 161.619446 28.893099 -156.510452
v 161.619446 28.893099 -153.633545
v 158.742538 7.340806 -153.633545
v 158.742538 28.893099 -153.633545
v 158.742538 28.893099 -156.510452
v 158.742538 7.340806 -153.633545
v 158.742538 28.893099 -156.510452
v 158.742538 7.340806 -156.510452
v 161.619446 -1.640780 -156.510452
v 158.742538 -1.640780 -156.510452
v 158.742538 7.340806 -156.510452
v 161.619446 7.340806 -156.510452
v 161.619446 -1.640780 -156.510452
v 158.742538 7.340806 -156.510452
v 158.742538 7.340806 -153.633545
v 158.742538 -1.640779 -153.633545
v 161.619446 7.340806 -153.633545
v 158.742538 -1.640779 -153.633545
v 161.619446 -1.640779 -153.633545
v 161.619446 7.340806 -153.633545
v 161.619446 7.340806 -153.633545
v 161.619446 -1.640779 -153.633545
v 161.619446 7.340806 -156.510452
v 161.619446 -1.640779 -153.633545
v 161.619446 -1.640780 -156.510452
v 161.619446 7.340806 -156.510452
v 158.742538 -1.640780 -156.510452
v 158.742538 -1.640779 -153.633545
v 158.742538 7.340806 -153.633545
v 158.742538 7.340806 -156.510452
v 158.742538 -1.640780 -156.510452
v 158.742538 7.340806 -153.633545
v 159.103912 33.562820 -153.994919
v 160.181000 39.313141 -155.072006
v 159.103912 33.562820 -156.149094
v 158.384674 32.485733 -153.275681
v 161.258087 33.562820 -153.994919
v 159.103912 33.562820 -153.994919
v 158.384674 32.485733 -153.275681
v 161.977310 32.485733 -153.275681
v 161.258087 33.562820 -153.994919
v 160.181000 39.313141 -155.072006
v 159.103912 33.562820 -153.994919
v 161.258087 33.562820 -153.994919
v 161.977310 32.485733 -156.868317
v 158.384674 32.485733 -156.868317
v 159.103912 33.562820 -156.149094
v 161.977310 32.485733 -156.868317
v 159.103912 33.562820 -156.149094
v 161.258087 33.562820 -156.149094
v 160.181000 39.313141 -155.072006
v 161.258087 33.562820 -156.149094
v 159.103912 33.562820 -156.149094
v 161.977310 32.485733 -153.275681
v 161.977310 32.485733 -156.868317
v 161.258087 33.562820 -153.994919
v 161.977310 32.485733 -156.868317
v 161.258087 33.562820 -156.149094
v 161.258087 33.562820 -153.994919
v 159.103912 33.562820 -153.994919
v 159.103912 33.562820 -156.149094
v 158.384674 32.485733 -156.868317
v 159.103912 33.562820 -153.994919
v 158.384674 32.485733 -156.868317
v 158.384674 32.485733 -153.275681
v 161.258087 33.562820 -156.149094
v 160.181000 39.313141 -155.072006
v 161.258087 33.562820 -153.994919
v 158.384674 32.485733 -156.868317
v 161.977310 32.485733 -156.868317
v 161.977310 32.485733 -153.275681
v 158.384674 32.485733 -156.868317
v 161.977310 32.485733 -153.275681
v 158.384674 32.485733 -153.275681
v 158.742538 28.893099 -156.510452
v 161.619446 32.485733 -156.510452
v 161.619446 28.893099 -156.510452
v 158.742538 28.893099 -156.510452
v 158.742538 32.485733 -156.510452
v 161.619446 28.893099 -153.633545
v 158.742538 32.485733 -153.633545
v 158.742538 28.893099 -153.633545
v 161.619446 28.893099 -153.633545
v 161.619446 32.485733 -153.633545
v 158.742538 32.485733 -153.633545
v 158.742538 28.893099 -153.633545
v 158.742538 32.485733 -156.510452
v 158.742538 28.893099 -156.510452
v 158.742538 28.893099 -153.633545
v 158.742538 32.485733 -153.633545
v 161.619446 28.893099 -156.510452
v 161.619446 32.485733 -153.633545
v 161.619446 28.893099 -153.633545
v 161.619446 28.893099 -156.510452
v 161.619446 32.485733 -156.510452
v 161.619446 32.485733 -153.633545
vn -0.0000 -0.0000 -1.0000
vn -0.0000 -0.0000 1.0000
vn 1.0000 -0.0000 -0.0000
vn -1.0000 -0.0000 -0.0000
vn -0.9829 0.1841 -0.0000
vn -0.0000 0.5553 0.8316
vn -0.0000 0.1841 0.9829
vn -0.0000 0.5553 -0.8316
vn -0.0000 0.1841 -0.9829
vn 0.8316 0.5553 -0.0000
vn -0.8316 0.5553 -0.0000
vn 0.9829 0.1841 -0.0000
vn -0.0000 -1.0000 -0.0000
vt 0.966797 -0.966797
vt 0.966797 6.517578
vt 0.000000 6.517578
vt 0.000000 -0.966797
vt 7.953125 -0.966797
vt 8.951172 6.519531
vt 8.951172 -0.966797
vt 7.953125 6.519531
vt 0.000000 2.152344
vt 0.966797 2.152344
vt 10.947266 2.152344
vt 10.947266 -0.966797
vt 9.949219 2.152344
vt 9.949219 -0.966797
vt 1.964844 -0.218750
vt 1.216797 3.773438
vt 0.468750 -0.218750
vt 0.466797 -0.218750
vt 2.464844 -0.966797
vt 2.462891 -0.966797
vt 0.134766 1.861328
vt 0.468750 1.861328
vt 0.468750 2.193359
vt 0.134766 2.193359
vt 0.966797 -0.982422
vt 0.000000 0.000000
vt 0.000000 -0.982422
vt 0.966797 0.000000
s 1
usemtl Material_0.080
f 8081/2049/949 8082/2050/949 8083/2051/949
f 8084/2049/949 8085/2051/949 8086/2052/949
f 8087/2052/950 8088/2051/950 8089/2050/950
f 8090/2052/950 8091/2050/950 8092/2049/950
f 8093/2053/951 8094/2054/951 8095/2055/951
f 8096/2053/951 8097/2056/951 8098/2054/951
f 8099/2055/952 8100/2054/952 8101/2056/952
f 8102/2055/952 8103/2056/952 8104/2053/952
f 8105/2049/949 8106/2052/949 8107/2057/949
f 8108/2058/949 8109/2049/949 8110/2057/949
f 8111/2057/950 8112/2052/950 8113/2058/950
f 8114/2052/950 8115/2049/950 8116/2058/950
f 8117/2059/951 8118/2060/951 8119/2061/951
f 8120/2060/951 8121/2062/951 8122/2061/951
f 8123/2062/952 8124/2060/952 8125/2059/952
f 8126/2061/952 8127/2062/952 8128/2059/952
usemtl Material_1.080
f 8129/2063/953 8130/2064/953 8131/2065/953
f 8132/2052/954 8133/2063/954 8134/2066/954
f 8135/2052/954 8136/2067/954 8137/2063/954
f 8138/2064/955 8139/2065/955 8140/2063/955
f 8141/2052/956 8142/2067/956 8143/2063/956
f 8144/2052/956 8145/2063/956 8146/2065/956
f 8147/2064/957 8148/2065/957 8149/2063/957
f 8150/2052/958 8151/2067/958 8152/2065/958
f 8153/2067/958 8154/2063/958 8155/2065/958
f 8156/2063/959 8157/2065/959 8158/2052/959
f 8159/2063/959 8160/2052/959 8161/2068/959
f 8162/2063/960 8163/2064/960 8164/2065/960
f 8165/2069/961 8166/2070/961 8167/2071/961
f 8168/2069/961 8169/2071/961 8170/2072/961
usemtl Material_3.080
f 8171/2073/949 8172/2074/949 8173/2075/949
f 8174/2073/949 8175/2076/949 8172/2074/949
f 8176/2075/950 8177/2076/950 8178/2073/950
f 8179/2075/950 8180/2074/950 8181/2076/950
f 8182/2073/952 8183/2074/952 8184/2075/952
f 8185/2073/952 8186/2076/952 8183/2074/952
f 8187/2075/951 8188/2076/951 8189/2073/951
f 8190/2075/951 8191/2074/951 8192/2076/951
o node.074
v 178.469742 7.340806 -156.510452
v 178.469742 28.893099 -156.510452
v 181.346649 28.893099 -156.510452
v 178.469742 7.340806 -156.510452
v 181.346649 28.893099 -156.510452
v 181.346649 7.340806 -156.510452
v 181.346649 7.340806 -153.633545
v 181.346649 28.893099 -153.633545
v 178.469742 28.893099 -153.633545
v 181.346649 7.340806 -153.633545
v 178.469742 28.893099 -153.633545
v 178.469742 7.340806 -153.633545
v 181.346649 7.340806 -156.510452
v 181.346649 28.893099 -153.633545
v 181.346649 7.340806 -153.633545
v 181.346649 7.340806 -156.510452
v 181.346649 28.893099 -156.510452
v 181.346649 28.893099 -153.633545
v 178.469742 7.340806 -153.633545
v 178.469742 28.893099 -153.633545
v 178.469742 28.893099 -156.510452
v 178.469742 7.340806 -153.633545
v 178.469742 28.893099 -156.510452
v 178.469742 7.340806 -156.510452
v 181.346649 -1.640780 -156.510452
v 178.469742 -1.640780 -156.510452
v 178.469742 7.340806 -156.510452
v 181.346649 7.340806 -156.510452
v 181.346649 -1.640780 -156.510452
v 178.469742 7.340806 -156.510452
v 178.469742 7.340806 -153.633545
v 178.469742 -1.640779 -153.633545
v 181.346649 7.340806 -153.633545
v 178.469742 -1.640779 -153.633545
v 181.346649 -1.640779 -153.633545
v 181.346649 7.340806 -153.633545
v 181.346649 7.340806 -153.633545
v 181.346649 -1.640779 -153.633545
v 181.346649 7.340806 -156.510452
v 181.346649 -1.640779 -153.633545
v 181.346649 -1.640780 -156.510452
v 181.346649 7.340806 -156.510452
v 178.469742 -1.640780 -156.510452
v 178.469742 -1.640779 -153.633545
v 178.469742 7.340806 -153.633545
v 178.469742 7.340806 -156.510452
v 178.469742 -1.640780 -156.510452
v 178.469742 7.340806 -153.633545
v 178.831116 33.562820 -153.994919
v 179.908203 39.313141 -155.072006
v 178.831116 33.562820 -156.149094
v 178.111877 32.485733 -153.275681
v 180.985291 33.562820 -153.994919
v 178.831116 33.562820 -153.994919
v 178.111877 32.485733 -153.275681
v 181.704514 32.485733 -153.275681
v 180.985291 33.562820 -153.994919
v 179.908203 39.313141 -155.072006
v 178.831116 33.562820 -153.994919
v 180.985291 33.562820 -153.994919
v 181.704514 32.485733 -156.868317
v 178.111877 32.485733 -156.868317
v 178.831116 33.562820 -156.149094
v 181.704514 32.485733 -156.868317
v 178.831116 33.562820 -156.149094
v 180.985291 33.562820 -156.149094
v 179.908203 39.313141 -155.072006
v 180.985291 33.562820 -156.149094
v 178.831116 33.562820 -156.149094
v 181.704514 32.485733 -153.275681
v 181.704514 32.485733 -156.868317
v 180.985291 33.562820 -153.994919
v 181.704514 32.485733 -156.868317
v 180.985291 33.562820 -156.149094
v 180.985291 33.562820 -153.994919
v 178.831116 33.562820 -153.994919
v 178.831116 33.562820 -156.149094
v 178.111877 32.485733 -156.868317
v 178.831116 33.562820 -153.994919
v 178.111877 32.485733 -156.868317
v 178.111877 32.485733 -153.275681
v 180.985291 33.562820 -156.149094
v 179.908203 39.313141 -155.072006
v 180.985291 33.562820 -153.994919
v 178.111877 32.485733 -156.868317
v 181.704514 32.485733 -156.868317
v 181.704514 32.485733 -153.275681
v 178.111877 32.485733 -156.868317
v 181.704514 32.485733 -153.275681
v 178.111877 32.485733 -153.275681
v 178.469742 28.893099 -156.510452
v 181.346649 32.485733 -156.510452
v 181.346649 28.893099 -156.510452
v 178.469742 28.893099 -156.510452
v 178.469742 32.485733 -156.510452
v 181.346649 28.893099 -153.633545
v 178.469742 32.485733 -153.633545
v 178.469742 28.893099 -153.633545
v 181.346649 28.893099 -153.633545
v 181.346649 32.485733 -153.633545
v 178.469742 32.485733 -153.633545
v 178.469742 28.893099 -153.633545
v 178.469742 32.485733 -156.510452
v 178.469742 28.893099 -156.510452
v 178.469742 28.893099 -153.633545
v 178.469742 32.485733 -153.633545
v 181.346649 28.893099 -156.510452
v 181.346649 32.485733 -153.633545
v 181.346649 28.893099 -153.633545
v 181.346649 28.893099 -156.510452
v 181.346649 32.485733 -156.510452
v 181.346649 32.485733 -153.633545
vn -0.0000 -0.0000 -1.0000
vn -0.0000 -0.0000 1.0000
vn 1.0000 -0.0000 -0.0000
vn -1.0000 -0.0000 -0.0000
vn -0.9829 0.1841 -0.0000
vn -0.0000 0.5553 0.8316
vn -0.0000 0.1841 0.9829
vn -0.0000 0.5553 -0.8316
vn -0.0000 0.1841 -0.9829
vn 0.8316 0.5553 -0.0000
vn -0.8316 0.5553 -0.0000
vn 0.9829 0.1841 -0.0000
vn -0.0000 -1.0000 -0.0000
vt 0.966797 -0.966797
vt 0.966797 6.517578
vt 0.000000 6.517578
vt 0.000000 -0.966797
vt 7.953125 -0.966797
vt 8.951172 6.519531
vt 8.951172 -0.966797
vt 7.953125 6.519531
vt 0.000000 2.152344
vt 0.966797 2.152344
vt 10.947266 2.152344
vt 10.947266 -0.966797
vt 9.949219 2.152344
vt 9.949219 -0.966797
vt 1.964844 -0.218750
vt 1.216797 3.773438
vt 0.468750 -0.218750
vt 0.466797 -0.218750
vt 2.464844 -0.966797
vt 2.462891 -0.966797
vt 0.134766 1.861328
vt 0.468750 1.861328
vt 0.468750 2.193359
vt 0.134766 2.193359
vt 0.966797 -0.982422
vt 0.000000 0.000000
vt 0.000000 -0.982422
vt 0.966797 0.000000
s 1
usemtl Material_0.081
f 8193/2077/962 8194/2078/962 8195/2079/962
f 8196/2077/962 8197/2079/962 8198/2080/962
f 8199/2080/963 8200/2079/963 8201/2078/963
f 8202/2080/963 8203/2078/963 8204/2077/963
f 8205/2081/964 8206/2082/964 8207/2083/964
f 8208/2081/964 8209/2084/964 8210/2082/964
f 8211/2083/965 8212/2082/965 8213/2084/965
f 8214/2083/965 8215/2084/965 8216/2081/965
f 8217/2077/962 8218/2080/962 8219/2085/962
f 8220/2086/962 8221/2077/962 8222/2085/962
f 8223/2085/963 8224/2080/963 8225/2086/963
f 8226/2080/963 8227/2077/963 8228/2086/963
f 8229/2087/964 8230/2088/964 8231/2089/964
f 8232/2088/964 8233/2090/964 8234/2089/964
f 8235/2090/965 8236/2088/965 8237/2087/965
f 8238/2089/965 8239/2090/965 8240/2087/965
usemtl Material_1.081
f 8241/2091/966 8242/2092/966 8243/2093/966
f 8244/2080/967 8245/2091/967 8246/2094/967
f 8247/2080/967 8248/2095/967 8249/2091/967
f 8250/2092/968 8251/2093/968 8252/2091/968
f 8253/2080/969 8254/2095/969 8255/2091/969
f 8256/2080/969 8257/2091/969 8258/2093/969
f 8259/2092/970 8260/2093/970 8261/2091/970
f 8262/2080/971 8263/2095/971 8264/2093/971
f 8265/2095/971 8266/2091/971 8267/2093/971
f 8268/2091/972 8269/2093/972 8270/2080/972
f 8271/2091/972 8272/2080/972 8273/2096/972
f 8274/2091/973 8275/2092/973 8276/2093/973
f 8277/2097/974 8278/2098/974 8279/2099/974
f 8280/2097/974 8281/2099/974 8282/2100/974
usemtl Material_3.081
f 8283/2101/962 8284/2102/962 8285/2103/962
f 8286/2101/962 8287/2104/962 8284/2102/962
f 8288/2103/963 8289/2104/963 8290/2101/963
f 8291/2103/963 8292/2102/963 8293/2104/963
f 8294/2101/965 8295/2102/965 8296/2103/965
f 8297/2101/965 8298/2104/965 8295/2102/965
f 8299/2103/964 8300/2104/964 8301/2101/964
f 8302/2103/964 8303/2102/964 8304/2104/964
o node.075
v 185.469101 7.340806 -156.510452
v 185.469101 28.893099 -156.510452
v 188.346008 28.893099 -156.510452
v 185.469101 7.340806 -156.510452
v 188.346008 28.893099 -156.510452
v 188.346008 7.340806 -156.510452
v 188.346008 7.340806 -153.633545
v 188.346008 28.893099 -153.633545
v 185.469101 28.893099 -153.633545
v 188.346008 7.340806 -153.633545
v 185.469101 28.893099 -153.633545
v 185.469101 7.340806 -153.633545
v 188.346008 7.340806 -156.510452
v 188.346008 28.893099 -153.633545
v 188.346008 7.340806 -153.633545
v 188.346008 7.340806 -156.510452
v 188.346008 28.893099 -156.510452
v 188.346008 28.893099 -153.633545
v 185.469101 7.340806 -153.633545
v 185.469101 28.893099 -153.633545
v 185.469101 28.893099 -156.510452
v 185.469101 7.340806 -153.633545
v 185.469101 28.893099 -156.510452
v 185.469101 7.340806 -156.510452
v 188.346008 -1.640780 -156.510452
v 185.469101 -1.640780 -156.510452
v 185.469101 7.340806 -156.510452
v 188.346008 7.340806 -156.510452
v 188.346008 -1.640780 -156.510452
v 185.469101 7.340806 -156.510452
v 185.469101 7.340806 -153.633545
v 185.469101 -1.640779 -153.633545
v 188.346008 7.340806 -153.633545
v 185.469101 -1.640779 -153.633545
v 188.346008 -1.640779 -153.633545
v 188.346008 7.340806 -153.633545
v 188.346008 7.340806 -153.633545
v 188.346008 -1.640779 -153.633545
v 188.346008 7.340806 -156.510452
v 188.346008 -1.640779 -153.633545
v 188.346008 -1.640780 -156.510452
v 188.346008 7.340806 -156.510452
v 185.469101 -1.640780 -156.510452
v 185.469101 -1.640779 -153.633545
v 185.469101 7.340806 -153.633545
v 185.469101 7.340806 -156.510452
v 185.469101 -1.640780 -156.510452
v 185.469101 7.340806 -153.633545
v 185.830475 33.562820 -153.994919
v 186.907562 39.313141 -155.072006
v 185.830475 33.562820 -156.149094
v 185.111237 32.485733 -153.275681
v 187.984650 33.562820 -153.994919
v 185.830475 33.562820 -153.994919
v 185.111237 32.485733 -153.275681
v 188.703873 32.485733 -153.275681
v 187.984650 33.562820 -153.994919
v 186.907562 39.313141 -155.072006
v 185.830475 33.562820 -153.994919
v 187.984650 33.562820 -153.994919
v 188.703873 32.485733 -156.868317
v 185.111237 32.485733 -156.868317
v 185.830475 33.562820 -156.149094
v 188.703873 32.485733 -156.868317
v 185.830475 33.562820 -156.149094
v 187.984650 33.562820 -156.149094
v 186.907562 39.313141 -155.072006
v 187.984650 33.562820 -156.149094
v 185.830475 33.562820 -156.149094
v 188.703873 32.485733 -153.275681
v 188.703873 32.485733 -156.868317
v 187.984650 33.562820 -153.994919
v 188.703873 32.485733 -156.868317
v 187.984650 33.562820 -156.149094
v 187.984650 33.562820 -153.994919
v 185.830475 33.562820 -153.994919
v 185.830475 33.562820 -156.149094
v 185.111237 32.485733 -156.868317
v 185.830475 33.562820 -153.994919
v 185.111237 32.485733 -156.868317
v 185.111237 32.485733 -153.275681
v 187.984650 33.562820 -156.149094
v 186.907562 39.313141 -155.072006
v 187.984650 33.562820 -153.994919
v 185.111237 32.485733 -156.868317
v 188.703873 32.485733 -156.868317
v 188.703873 32.485733 -153.275681
v 185.111237 32.485733 -156.868317
v 188.703873 32.485733 -153.275681
v 185.111237 32.485733 -153.275681
v 185.469101 28.893099 -156.510452
v 188.346008 32.485733 -156.510452
v 188.346008 28.893099 -156.510452
v 185.469101 28.893099 -156.510452
v 185.469101 32.485733 -156.510452
v 188.346008 28.893099 -153.633545
v 185.469101 32.485733 -153.633545
v 185.469101 28.893099 -153.633545
v 188.346008 28.893099 -153.633545
v 188.346008 32.485733 -153.633545
v 185.469101 32.485733 -153.633545
v 185.469101 28.893099 -153.633545
v 185.469101 32.485733 -156.510452
v 185.469101 28.893099 -156.510452
v 185.469101 28.893099 -153.633545
v 185.469101 32.485733 -153.633545
v 188.346008 28.893099 -156.510452
v 188.346008 32.485733 -153.633545
v 188.346008 28.893099 -153.633545
v 188.346008 28.893099 -156.510452
v 188.346008 32.485733 -156.510452
v 188.346008 32.485733 -153.633545
vn -0.0000 -0.0000 -1.0000
vn -0.0000 -0.0000 1.0000
vn 1.0000 -0.0000 -0.0000
vn -1.0000 -0.0000 -0.0000
vn -0.9829 0.1841 -0.0000
vn -0.0000 0.5553 0.8316
vn -0.0000 0.1841 0.9829
vn -0.0000 0.5553 -0.8316
vn -0.0000 0.1841 -0.9829
vn 0.8316 0.5553 -0.0000
vn -0.8316 0.5553 -0.0000
vn 0.9829 0.1841 -0.0000
vn -0.0000 -1.0000 -0.0000
vt 0.966797 -0.966797
vt 0.966797 6.517578
vt 0.000000 6.517578
vt 0.000000 -0.966797
vt 7.953125 -0.966797
vt 8.951172 6.519531
vt 8.951172 -0.966797
vt 7.953125 6.519531
vt 0.000000 2.152344
vt 0.966797 2.152344
vt 10.947266 2.152344
vt 10.947266 -0.966797
vt 9.949219 2.152344
vt 9.949219 -0.966797
vt 1.964844 -0.218750
vt 1.216797 3.773438
vt 0.468750 -0.218750
vt 0.466797 -0.218750
vt 2.464844 -0.966797
vt 2.462891 -0.966797
vt 0.134766 1.861328
vt 0.468750 1.861328
vt 0.468750 2.193359
vt 0.134766 2.193359
vt 0.966797 -0.982422
vt 0.000000 0.000000
vt 0.000000 -0.982422
vt 0.966797 0.000000
s 1
usemtl Material_0.082
f 8305/2105/975 8306/2106/975 8307/2107/975
f 8308/2105/975 8309/2107/975 8310/2108/975
f 8311/2108/976 8312/2107/976 8313/2106/976
f 8314/2108/976 8315/2106/976 8316/2105/976
f 8317/2109/977 8318/2110/977 8319/2111/977
f 8320/2109/977 8321/2112/977 8322/2110/977
f 8323/2111/978 8324/2110/978 8325/2112/978
f 8326/2111/978 8327/2112/978 8328/2109/978
f 8329/2105/975 8330/2108/975 8331/2113/975
f 8332/2114/975 8333/2105/975 8334/2113/975
f 8335/2113/976 8336/2108/976 8337/2114/976
f 8338/2108/976 8339/2105/976 8340/2114/976
f 8341/2115/977 8342/2116/977 8343/2117/977
f 8344/2116/977 8345/2118/977 8346/2117/977
f 8347/2118/978 8348/2116/978 8349/2115/978
f 8350/2117/978 8351/2118/978 8352/2115/978
usemtl Material_1.082
f 8353/2119/979 8354/2120/979 8355/2121/979
f 8356/2108/980 8357/2119/980 8358/2122/980
f 8359/2108/980 8360/2123/980 8361/2119/980
f 8362/2120/981 8363/2121/981 8364/2119/981
f 8365/2108/982 8366/2123/982 8367/2119/982
f 8368/2108/982 8369/2119/982 8370/2121/982
f 8371/2120/983 8372/2121/983 8373/2119/983
f 8374/2108/984 8375/2123/984 8376/2121/984
f 8377/2123/984 8378/2119/984 8379/2121/984
f 8380/2119/985 8381/2121/985 8382/2108/985
f 8383/2119/985 8384/2108/985 8385/2124/985
f 8386/2119/986 8387/2120/986 8388/2121/986
f 8389/2125/987 8390/2126/987 8391/2127/987
f 8392/2125/987 8393/2127/987 8394/2128/987
usemtl Material_3.082
f 8395/2129/975 8396/2130/975 8397/2131/975
f 8398/2129/975 8399/2132/975 8396/2130/975
f 8400/2131/976 8401/2132/976 8402/2129/976
f 8403/2131/976 8404/2130/976 8405/2132/976
f 8406/2129/978 8407/2130/978 8408/2131/978
f 8409/2129/978 8410/2132/978 8407/2130/978
f 8411/2131/977 8412/2132/977 8413/2129/977
f 8414/2131/977 8415/2130/977 8416/2132/977
o node.076
v 192.450089 7.340806 -156.510452
v 192.450089 28.893099 -156.510452
v 195.326996 28.893099 -156.510452
v 192.450089 7.340806 -156.510452
v 195.326996 28.893099 -156.510452
v 195.326996 7.340806 -156.510452
v 195.326996 7.340806 -153.633545
v 195.326996 28.893099 -153.633545
v 192.450089 28.893099 -153.633545
v 195.326996 7.340806 -153.633545
v 192.450089 28.893099 -153.633545
v 192.450089 7.340806 -153.633545
v 195.326996 7.340806 -156.510452
v 195.326996 28.893099 -153.633545
v 195.326996 7.340806 -153.633545
v 195.326996 7.340806 -156.510452
v 195.326996 28.893099 -156.510452
v 195.326996 28.893099 -153.633545
v 192.450089 7.340806 -153.633545
v 192.450089 28.893099 -153.633545
v 192.450089 28.893099 -156.510452
v 192.450089 7.340806 -153.633545
v 192.450089 28.893099 -156.510452
v 192.450089 7.340806 -156.510452
v 195.326996 -1.640780 -156.510452
v 192.450089 -1.640780 -156.510452
v 192.450089 7.340806 -156.510452
v 195.326996 7.340806 -156.510452
v 195.326996 -1.640780 -156.510452
v 192.450089 7.340806 -156.510452
v 192.450089 7.340806 -153.633545
v 192.450089 -1.640779 -153.633545
v 195.326996 7.340806 -153.633545
v 192.450089 -1.640779 -153.633545
v 195.326996 -1.640779 -153.633545
v 195.326996 7.340806 -153.633545
v 195.326996 7.340806 -153.633545
v 195.326996 -1.640779 -153.633545
v 195.326996 7.340806 -156.510452
v 195.326996 -1.640779 -153.633545
v 195.326996 -1.640780 -156.510452
v 195.326996 7.340806 -156.510452
v 192.450089 -1.640780 -156.510452
v 192.450089 -1.640779 -153.633545
v 192.450089 7.340806 -153.633545
v 192.450089 7.340806 -156.510452
v 192.450089 -1.640780 -156.510452
v 192.450089 7.340806 -153.633545
v 192.811462 33.562820 -153.994919
v 193.888550 39.313141 -155.072006
v 192.811462 33.562820 -156.149094
v 192.092224 32.485733 -153.275681
v 194.965637 33.562820 -153.994919
v 192.811462 33.562820 -153.994919
v 192.092224 32.485733 -153.275681
v 195.684860 32.485733 -153.275681
v 194.965637 33.562820 -153.994919
v 193.888550 39.313141 -155.072006
v 192.811462 33.562820 -153.994919
v 194.965637 33.562820 -153.994919
v 195.684860 32.485733 -156.868317
v 192.092224 32.485733 -156.868317
v 192.811462 33.562820 -156.149094
v 195.684860 32.485733 -156.868317
v 192.811462 33.562820 -156.149094
v 194.965637 33.562820 -156.149094
v 193.888550 39.313141 -155.072006
v 194.965637 33.562820 -156.149094
v 192.811462 33.562820 -156.149094
v 195.684860 32.485733 -153.275681
v 195.684860 32.485733 -156.868317
v 194.965637 33.562820 -153.994919
v 195.684860 32.485733 -156.868317
v 194.965637 33.562820 -156.149094
v 194.965637 33.562820 -153.994919
v 192.811462 33.562820 -153.994919
v 192.811462 33.562820 -156.149094
v 192.092224 32.485733 -156.868317
v 192.811462 33.562820 -153.994919
v 192.092224 32.485733 -156.868317
v 192.092224 32.485733 -153.275681
v 194.965637 33.562820 -156.149094
v 193.888550 39.313141 -155.072006
v 194.965637 33.562820 -153.994919
v 192.092224 32.485733 -156.868317
v 195.684860 32.485733 -156.868317
v 195.684860 32.485733 -153.275681
v 192.092224 32.485733 -156.868317
v 195.684860 32.485733 -153.275681
v 192.092224 32.485733 -153.275681
v 192.450089 28.893099 -156.510452
v 195.326996 32.485733 -156.510452
v 195.326996 28.893099 -156.510452
v 192.450089 28.893099 -156.510452
v 192.450089 32.485733 -156.510452
v 195.326996 28.893099 -153.633545
v 192.450089 32.485733 -153.633545
v 192.450089 28.893099 -153.633545
v 195.326996 28.893099 -153.633545
v 195.326996 32.485733 -153.633545
v 192.450089 32.485733 -153.633545
v 192.450089 28.893099 -153.633545
v 192.450089 32.485733 -156.510452
v 192.450089 28.893099 -156.510452
v 192.450089 28.893099 -153.633545
v 192.450089 32.485733 -153.633545
v 195.326996 28.893099 -156.510452
v 195.326996 32.485733 -153.633545
v 195.326996 28.893099 -153.633545
v 195.326996 28.893099 -156.510452
v 195.326996 32.485733 -156.510452
v 195.326996 32.485733 -153.633545
vn -0.0000 -0.0000 -1.0000
vn -0.0000 -0.0000 1.0000
vn 1.0000 -0.0000 -0.0000
vn -1.0000 -0.0000 -0.0000
vn -0.9829 0.1841 -0.0000
vn -0.0000 0.5553 0.8316
vn -0.0000 0.1841 0.9829
vn -0.0000 0.5553 -0.8316
vn -0.0000 0.1841 -0.9829
vn 0.8316 0.5553 -0.0000
vn -0.8316 0.5553 -0.0000
vn 0.9829 0.1841 -0.0000
vn -0.0000 -1.0000 -0.0000
vt 0.966797 -0.966797
vt 0.966797 6.517578
vt 0.000000 6.517578
vt 0.000000 -0.966797
vt 7.953125 -0.966797
vt 8.951172 6.519531
vt 8.951172 -0.966797
vt 7.953125 6.519531
vt 0.000000 2.152344
vt 0.966797 2.152344
vt 10.947266 2.152344
vt 10.947266 -0.966797
vt 9.949219 2.152344
vt 9.949219 -0.966797
vt 1.964844 -0.218750
vt 1.216797 3.773438
vt 0.468750 -0.218750
vt 0.466797 -0.218750
vt 2.464844 -0.966797
vt 2.462891 -0.966797
vt 0.134766 1.861328
vt 0.468750 1.861328
vt 0.468750 2.193359
vt 0.134766 2.193359
vt 0.966797 -0.982422
vt 0.000000 0.000000
vt 0.000000 -0.982422
vt 0.966797 0.000000
s 1
usemtl Material_0.083
f 8417/2133/988 8418/2134/988 8419/2135/988
f 8420/2133/988 8421/2135/988 8422/2136/988
f 8423/2136/989 8424/2135/989 8425/2134/989
f 8426/2136/989 8427/2134/989 8428/2133/989
f 8429/2137/990 8430/2138/990 8431/2139/990
f 8432/2137/990 8433/2140/990 8434/2138/990
f 8435/2139/991 8436/2138/991 8437/2140/991
f 8438/2139/991 8439/2140/991 8440/2137/991
f 8441/2133/988 8442/2136/988 8443/2141/988
f 8444/2142/988 8445/2133/988 8446/2141/988
f 8447/2141/989 8448/2136/989 8449/2142/989
f 8450/2136/989 8451/2133/989 8452/2142/989
f 8453/2143/990 8454/2144/990 8455/2145/990
f 8456/2144/990 8457/2146/990 8458/2145/990
f 8459/2146/991 8460/2144/991 8461/2143/991
f 8462/2145/991 8463/2146/991 8464/2143/991
usemtl Material_1.083
f 8465/2147/992 8466/2148/992 8467/2149/992
f 8468/2136/993 8469/2147/993 8470/2150/993
f 8471/2136/993 8472/2151/993 8473/2147/993
f 8474/2148/994 8475/2149/994 8476/2147/994
f 8477/2136/995 8478/2151/995 8479/2147/995
f 8480/2136/995 8481/2147/995 8482/2149/995
f 8483/2148/996 8484/2149/996 8485/2147/996
f 8486/2136/997 8487/2151/997 8488/2149/997
f 8489/2151/997 8490/2147/997 8491/2149/997
f 8492/2147/998 8493/2149/998 8494/2136/998
f 8495/2147/998 8496/2136/998 8497/2152/998
f 8498/2147/999 8499/2148/999 8500/2149/999
f 8501/2153/1000 8502/2154/1000 8503/2155/1000
f 8504/2153/1000 8505/2155/1000 8506/2156/1000
usemtl Material_3.083
f 8507/2157/988 8508/2158/988 8509/2159/988
f 8510/2157/988 8511/2160/988 8508/2158/988
f 8512/2159/989 8513/2160/989 8514/2157/989
f 8515/2159/989 8516/2158/989 8517/2160/989
f 8518/2157/991 8519/2158/991 8520/2159/991
f 8521/2157/991 8522/2160/991 8519/2158/991
f 8523/2159/990 8524/2160/990 8525/2157/990
f 8526/2159/990 8527/2158/990 8528/2160/990
o node.077
v 199.576950 7.340806 -156.510452
v 199.576950 28.893099 -156.510452
v 202.453857 28.893099 -156.510452
v 199.576950 7.340806 -156.510452
v 202.453857 28.893099 -156.510452
v 202.453857 7.340806 -156.510452
v 202.453857 7.340806 -153.633545
v 202.453857 28.893099 -153.633545
v 199.576950 28.893099 -153.633545
v 202.453857 7.340806 -153.633545
v 199.576950 28.893099 -153.633545
v 199.576950 7.340806 -153.633545
v 202.453857 7.340806 -156.510452
v 202.453857 28.893099 -153.633545
v 202.453857 7.340806 -153.633545
v 202.453857 7.340806 -156.510452
v 202.453857 28.893099 -156.510452
v 202.453857 28.893099 -153.633545
v 199.576950 7.340806 -153.633545
v 199.576950 28.893099 -153.633545
v 199.576950 28.893099 -156.510452
v 199.576950 7.340806 -153.633545
v 199.576950 28.893099 -156.510452
v 199.576950 7.340806 -156.510452
v 202.453857 -1.640780 -156.510452
v 199.576950 -1.640780 -156.510452
v 199.576950 7.340806 -156.510452
v 202.453857 7.340806 -156.510452
v 202.453857 -1.640780 -156.510452
v 199.576950 7.340806 -156.510452
v 199.576950 7.340806 -153.633545
v 199.576950 -1.640779 -153.633545
v 202.453857 7.340806 -153.633545
v 199.576950 -1.640779 -153.633545
v 202.453857 -1.640779 -153.633545
v 202.453857 7.340806 -153.633545
v 202.453857 7.340806 -153.633545
v 202.453857 -1.640779 -153.633545
v 202.453857 7.340806 -156.510452
v 202.453857 -1.640779 -153.633545
v 202.453857 -1.640780 -156.510452
v 202.453857 7.340806 -156.510452
v 199.576950 -1.640780 -156.510452
v 199.576950 -1.640779 -153.633545
v 199.576950 7.340806 -153.633545
v 199.576950 7.340806 -156.510452
v 199.576950 -1.640780 -156.510452
v 199.576950 7.340806 -153.633545
v 199.938324 33.562820 -153.994919
v 201.015411 39.313141 -155.072006
v 199.938324 33.562820 -156.149094
v 199.219086 32.485733 -153.275681
v 202.092499 33.562820 -153.994919
v 199.938324 33.562820 -153.994919
v 199.219086 32.485733 -153.275681
v 202.811722 32.485733 -153.275681
v 202.092499 33.562820 -153.994919
v 201.015411 39.313141 -155.072006
v 199.938324 33.562820 -153.994919
v 202.092499 33.562820 -153.994919
v 202.811722 32.485733 -156.868317
v 199.219086 32.485733 -156.868317
v 199.938324 33.562820 -156.149094
v 202.811722 32.485733 -156.868317
v 199.938324 33.562820 -156.149094
v 202.092499 33.562820 -156.149094
v 201.015411 39.313141 -155.072006
v 202.092499 33.562820 -156.149094
v 199.938324 33.562820 -156.149094
v 202.811722 32.485733 -153.275681
v 202.811722 32.485733 -156.868317
v 202.092499 33.562820 -153.994919
v 202.811722 32.485733 -156.868317
v 202.092499 33.562820 -156.149094
v 202.092499 33.562820 -153.994919
v 199.938324 33.562820 -153.994919
v 199.938324 33.562820 -156.149094
v 199.219086 32.485733 -156.868317
v 199.938324 33.562820 -153.994919
v 199.219086 32.485733 -156.868317
v 199.219086 32.485733 -153.275681
v 202.092499 33.562820 -156.149094
v 201.015411 39.313141 -155.072006
v 202.092499 33.562820 -153.994919
v 199.219086 32.485733 -156.868317
v 202.811722 32.485733 -156.868317
v 202.811722 32.485733 -153.275681
v 199.219086 32.485733 -156.868317
v 202.811722 32.485733 -153.275681
v 199.219086 32.485733 -153.275681
v 199.576950 28.893099 -156.510452
v 202.453857 32.485733 -156.510452
v 202.453857 28.893099 -156.510452
v 199.576950 28.893099 -156.510452
v 199.576950 32.485733 -156.510452
v 202.453857 28.893099 -153.633545
v 199.576950 32.485733 -153.633545
v 199.576950 28.893099 -153.633545
v 202.453857 28.893099 -153.633545
v 202.453857 32.485733 -153.633545
v 199.576950 32.485733 -153.633545
v 199.576950 28.893099 -153.633545
v 199.576950 32.485733 -156.510452
v 199.576950 28.893099 -156.510452
v 199.576950 28.893099 -153.633545
v 199.576950 32.485733 -153.633545
v 202.453857 28.893099 -156.510452
v 202.453857 32.485733 -153.633545
v 202.453857 28.893099 -153.633545
v 202.453857 28.893099 -156.510452
v 202.453857 32.485733 -156.510452
v 202.453857 32.485733 -153.633545
vn -0.0000 -0.0000 -1.0000
vn -0.0000 -0.0000 1.0000
vn 1.0000 -0.0000 -0.0000
vn -1.0000 -0.0000 -0.0000
vn -0.9829 0.1841 -0.0000
vn -0.0000 0.5553 0.8316
vn -0.0000 0.1841 0.9829
vn -0.0000 0.5553 -0.8316
vn -0.0000 0.1841 -0.9829
vn 0.8316 0.5553 -0.0000
vn -0.8316 0.5553 -0.0000
vn 0.9829 0.1841 -0.0000
vn -0.0000 -1.0000 -0.0000
vt 0.966797 -0.966797
vt 0.966797 6.517578
vt 0.000000 6.517578
vt 0.000000 -0.966797
vt 7.953125 -0.966797
vt 8.951172 6.519531
vt 8.951172 -0.966797
vt 7.953125 6.519531
vt 0.000000 2.152344
vt 0.966797 2.152344
vt 10.947266 2.152344
vt 10.947266 -0.966797
vt 9.949219 2.152344
vt 9.949219 -0.966797
vt 1.964844 -0.218750
vt 1.216797 3.773438
vt 0.468750 -0.218750
vt 0.466797 -0.218750
vt 2.464844 -0.966797
vt 2.462891 -0.966797
vt 0.134766 1.861328
vt 0.468750 1.861328
vt 0.468750 2.193359
vt 0.134766 2.193359
vt 0.966797 -0.982422
vt 0.000000 0.000000
vt 0.000000 -0.982422
vt 0.966797 0.000000
s 1
usemtl Material_0.084
f 8529/2161/1001 8530/2162/1001 8531/2163/1001
f 8532/2161/1001 8533/2163/1001 8534/2164/1001
f 8535/2164/1002 8536/2163/1002 8537/2162/1002
f 8538/2164/1002 8539/2162/1002 8540/2161/1002
f 8541/2165/1003 8542/2166/1003 8543/2167/1003
f 8544/2165/1003 8545/2168/1003 8546/2166/1003
f 8547/2167/1004 8548/2166/1004 8549/2168/1004
f 8550/2167/1004 8551/2168/1004 8552/2165/1004
f 8553/2161/1001 8554/2164/1001 8555/2169/1001
f 8556/2170/1001 8557/2161/1001 8558/2169/1001
f 8559/2169/1002 8560/2164/1002 8561/2170/1002
f 8562/2164/1002 8563/2161/1002 8564/2170/1002
f 8565/2171/1003 8566/2172/1003 8567/2173/1003
f 8568/2172/1003 8569/2174/1003 8570/2173/1003
f 8571/2174/1004 8572/2172/1004 8573/2171/1004
f 8574/2173/1004 8575/2174/1004 8576/2171/1004
usemtl Material_1.084
f 8577/2175/1005 8578/2176/1005 8579/2177/1005
f 8580/2164/1006 8581/2175/1006 8582/2178/1006
f 8583/2164/1006 8584/2179/1006 8585/2175/1006
f 8586/2176/1007 8587/2177/1007 8588/2175/1007
f 8589/2164/1008 8590/2179/1008 8591/2175/1008
f 8592/2164/1008 8593/2175/1008 8594/2177/1008
f 8595/2176/1009 8596/2177/1009 8597/2175/1009
f 8598/2164/1010 8599/2179/1010 8600/2177/1010
f 8601/2179/1010 8602/2175/1010 8603/2177/1010
f 8604/2175/1011 8605/2177/1011 8606/2164/1011
f 8607/2175/1011 8608/2164/1011 8609/2180/1011
f 8610/2175/1012 8611/2176/1012 8612/2177/1012
f 8613/2181/1013 8614/2182/1013 8615/2183/1013
f 8616/2181/1013 8617/2183/1013 8618/2184/1013
usemtl Material_3.084
f 8619/2185/1001 8620/2186/1001 8621/2187/1001
f 8622/2185/1001 8623/2188/1001 8620/2186/1001
f 8624/2187/1002 8625/2188/1002 8626/2185/1002
f 8627/2187/1002 8628/2186/1002 8629/2188/1002
f 8630/2185/1004 8631/2186/1004 8632/2187/1004
f 8633/2185/1004 8634/2188/1004 8631/2186/1004
f 8635/2187/1003 8636/2188/1003 8637/2185/1003
f 8638/2187/1003 8639/2186/1003 8640/2188/1003
o node.078
v 206.094101 7.340806 -156.510452
v 206.094101 28.893099 -156.510452
v 208.971008 28.893099 -156.510452
v 206.094101 7.340806 -156.510452
v 208.971008 28.893099 -156.510452
v 208.971008 7.340806 -156.510452
v 208.971008 7.340806 -153.633545
v 208.971008 28.893099 -153.633545
v 206.094101 28.893099 -153.633545
v 208.971008 7.340806 -153.633545
v 206.094101 28.893099 -153.633545
v 206.094101 7.340806 -153.633545
v 208.971008 7.340806 -156.510452
v 208.971008 28.893099 -153.633545
v 208.971008 7.340806 -153.633545
v 208.971008 7.340806 -156.510452
v 208.971008 28.893099 -156.510452
v 208.971008 28.893099 -153.633545
v 206.094101 7.340806 -153.633545
v 206.094101 28.893099 -153.633545
v 206.094101 28.893099 -156.510452
v 206.094101 7.340806 -153.633545
v 206.094101 28.893099 -156.510452
v 206.094101 7.340806 -156.510452
v 208.971008 -1.640780 -156.510452
v 206.094101 -1.640780 -156.510452
v 206.094101 7.340806 -156.510452
v 208.971008 7.340806 -156.510452
v 208.971008 -1.640780 -156.510452
v 206.094101 7.340806 -156.510452
v 206.094101 7.340806 -153.633545
v 206.094101 -1.640779 -153.633545
v 208.971008 7.340806 -153.633545
v 206.094101 -1.640779 -153.633545
v 208.971008 -1.640779 -153.633545
v 208.971008 7.340806 -153.633545
v 208.971008 7.340806 -153.633545
v 208.971008 -1.640779 -153.633545
v 208.971008 7.340806 -156.510452
v 208.971008 -1.640779 -153.633545
v 208.971008 -1.640780 -156.510452
v 208.971008 7.340806 -156.510452
v 206.094101 -1.640780 -156.510452
v 206.094101 -1.640779 -153.633545
v 206.094101 7.340806 -153.633545
v 206.094101 7.340806 -156.510452
v 206.094101 -1.640780 -156.510452
v 206.094101 7.340806 -153.633545
v 206.455475 33.562820 -153.994919
v 207.532562 39.313141 -155.072006
v 206.455475 33.562820 -156.149094
v 205.736237 32.485733 -153.275681
v 208.609650 33.562820 -153.994919
v 206.455475 33.562820 -153.994919
v 205.736237 32.485733 -153.275681
v 209.328873 32.485733 -153.275681
v 208.609650 33.562820 -153.994919
v 207.532562 39.313141 -155.072006
v 206.455475 33.562820 -153.994919
v 208.609650 33.562820 -153.994919
v 209.328873 32.485733 -156.868317
v 205.736237 32.485733 -156.868317
v 206.455475 33.562820 -156.149094
v 209.328873 32.485733 -156.868317
v 206.455475 33.562820 -156.149094
v 208.609650 33.562820 -156.149094
v 207.532562 39.313141 -155.072006
v 208.609650 33.562820 -156.149094
v 206.455475 33.562820 -156.149094
v 209.328873 32.485733 -153.275681
v 209.328873 32.485733 -156.868317
v 208.609650 33.562820 -153.994919
v 209.328873 32.485733 -156.868317
v 208.609650 33.562820 -156.149094
v 208.609650 33.562820 -153.994919
v 206.455475 33.562820 -153.994919
v 206.455475 33.562820 -156.149094
v 205.736237 32.485733 -156.868317
v 206.455475 33.562820 -153.994919
v 205.736237 32.485733 -156.868317
v 205.736237 32.485733 -153.275681
v 208.609650 33.562820 -156.149094
v 207.532562 39.313141 -155.072006
v 208.609650 33.562820 -153.994919
v 205.736237 32.485733 -156.868317
v 209.328873 32.485733 -156.868317
v 209.328873 32.485733 -153.275681
v 205.736237 32.485733 -156.868317
v 209.328873 32.485733 -153.275681
v 205.736237 32.485733 -153.275681
v 206.094101 28.893099 -156.510452
v 208.971008 32.485733 -156.510452
v 208.971008 28.893099 -156.510452
v 206.094101 28.893099 -156.510452
v 206.094101 32.485733 -156.510452
v 208.971008 28.893099 -153.633545
v 206.094101 32.485733 -153.633545
v 206.094101 28.893099 -153.633545
v 208.971008 28.893099 -153.633545
v 208.971008 32.485733 -153.633545
v 206.094101 32.485733 -153.633545
v 206.094101 28.893099 -153.633545
v 206.094101 32.485733 -156.510452
v 206.094101 28.893099 -156.510452
v 206.094101 28.893099 -153.633545
v 206.094101 32.485733 -153.633545
v 208.971008 28.893099 -156.510452
v 208.971008 32.485733 -153.633545
v 208.971008 28.893099 -153.633545
v 208.971008 28.893099 -156.510452
v 208.971008 32.485733 -156.510452
v 208.971008 32.485733 -153.633545
vn -0.0000 -0.0000 -1.0000
vn -0.0000 -0.0000 1.0000
vn 1.0000 -0.0000 -0.0000
vn -1.0000 -0.0000 -0.0000
vn -0.9829 0.1841 -0.0000
vn -0.0000 0.5553 0.8316
vn -0.0000 0.1841 0.9829
vn -0.0000 0.5553 -0.8316
vn -0.0000 0.1841 -0.9829
vn 0.8316 0.5553 -0.0000
vn -0.8316 0.5553 -0.0000
vn 0.9829 0.1841 -0.0000
vn -0.0000 -1.0000 -0.0000
vt 0.966797 -0.966797
vt 0.966797 6.517578
vt 0.000000 6.517578
vt 0.000000 -0.966797
vt 7.953125 -0.966797
vt 8.951172 6.519531
vt 8.951172 -0.966797
vt 7.953125 6.519531
vt 0.000000 2.152344
vt 0.966797 2.152344
vt 10.947266 2.152344
vt 10.947266 -0.966797
vt 9.949219 2.152344
vt 9.949219 -0.966797
vt 1.964844 -0.218750
vt 1.216797 3.773438
vt 0.468750 -0.218750
vt 0.466797 -0.218750
vt 2.464844 -0.966797
vt 2.462891 -0.966797
vt 0.134766 1.861328
vt 0.468750 1.861328
vt 0.468750 2.193359
vt 0.134766 2.193359
vt 0.966797 -0.982422
vt 0.000000 0.000000
vt 0.000000 -0.982422
vt 0.966797 0.000000
s 1
usemtl Material_0.085
f 8641/2189/1014 8642/2190/1014 8643/2191/1014
f 8644/2189/1014 8645/2191/1014 8646/2192/1014
f 8647/2192/1015 8648/2191/1015 8649/2190/1015
f 8650/2192/1015 8651/2190/1015 8652/2189/1015
f 8653/2193/1016 8654/2194/1016 8655/2195/1016
f 8656/2193/1016 8657/2196/1016 8658/2194/1016
f 8659/2195/1017 8660/2194/1017 8661/2196/1017
f 8662/2195/1017 8663/2196/1017 8664/2193/1017
f 8665/2189/1014 8666/2192/1014 8667/2197/1014
f 8668/2198/1014 8669/2189/1014 8670/2197/1014
f 8671/2197/1015 8672/2192/1015 8673/2198/1015
f 8674/2192/1015 8675/2189/1015 8676/2198/1015
f 8677/2199/1016 8678/2200/1016 8679/2201/1016
f 8680/2200/1016 8681/2202/1016 8682/2201/1016
f 8683/2202/1017 8684/2200/1017 8685/2199/1017
f 8686/2201/1017 8687/2202/1017 8688/2199/1017
usemtl Material_1.085
f 8689/2203/1018 8690/2204/1018 8691/2205/1018
f 8692/2192/1019 8693/2203/1019 8694/2206/1019
f 8695/2192/1019 8696/2207/1019 8697/2203/1019
f 8698/2204/1020 8699/2205/1020 8700/2203/1020
f 8701/2192/1021 8702/2207/1021 8703/2203/1021
f 8704/2192/1021 8705/2203/1021 8706/2205/1021
f 8707/2204/1022 8708/2205/1022 8709/2203/1022
f 8710/2192/1023 8711/2207/1023 8712/2205/1023
f 8713/2207/1023 8714/2203/1023 8715/2205/1023
f 8716/2203/1024 8717/2205/1024 8718/2192/1024
f 8719/2203/1024 8720/2192/1024 8721/2208/1024
f 8722/2203/1025 8723/2204/1025 8724/2205/1025
f 8725/2209/1026 8726/2210/1026 8727/2211/1026
f 8728/2209/1026 8729/2211/1026 8730/2212/1026
usemtl Material_3.085
f 8731/2213/1014 8732/2214/1014 8733/2215/1014
f 8734/2213/1014 8735/2216/1014 8732/2214/1014
f 8736/2215/1015 8737/2216/1015 8738/2213/1015
f 8739/2215/1015 8740/2214/1015 8741/2216/1015
f 8742/2213/1017 8743/2214/1017 8744/2215/1017
f 8745/2213/1017 8746/2216/1017 8743/2214/1017
f 8747/2215/1016 8748/2216/1016 8749/2213/1016
f 8750/2215/1016 8751/2214/1016 8752/2216/1016
o node.079
v 213.942368 7.340806 -156.510452
v 213.942368 28.893099 -156.510452
v 216.819275 28.893099 -156.510452
v 213.942368 7.340806 -156.510452
v 216.819275 28.893099 -156.510452
v 216.819275 7.340806 -156.510452
v 216.819275 7.340806 -153.633545
v 216.819275 28.893099 -153.633545
v 213.942368 28.893099 -153.633545
v 216.819275 7.340806 -153.633545
v 213.942368 28.893099 -153.633545
v 213.942368 7.340806 -153.633545
v 216.819275 7.340806 -156.510452
v 216.819275 28.893099 -153.633545
v 216.819275 7.340806 -153.633545
v 216.819275 7.340806 -156.510452
v 216.819275 28.893099 -156.510452
v 216.819275 28.893099 -153.633545
v 213.942368 7.340806 -153.633545
v 213.942368 28.893099 -153.633545
v 213.942368 28.893099 -156.510452
v 213.942368 7.340806 -153.633545
v 213.942368 28.893099 -156.510452
v 213.942368 7.340806 -156.510452
v 216.819275 -1.640780 -156.510452
v 213.942368 -1.640780 -156.510452
v 213.942368 7.340806 -156.510452
v 216.819275 7.340806 -156.510452
v 216.819275 -1.640780 -156.510452
v 213.942368 7.340806 -156.510452
v 213.942368 7.340806 -153.633545
v 213.942368 -1.640779 -153.633545
v 216.819275 7.340806 -153.633545
v 213.942368 -1.640779 -153.633545
v 216.819275 -1.640779 -153.633545
v 216.819275 7.340806 -153.633545
v 216.819275 7.340806 -153.633545
v 216.819275 -1.640779 -153.633545
v 216.819275 7.340806 -156.510452
v 216.819275 -1.640779 -153.633545
v 216.819275 -1.640780 -156.510452
v 216.819275 7.340806 -156.510452
v 213.942368 -1.640780 -156.510452
v 213.942368 -1.640779 -153.633545
v 213.942368 7.340806 -153.633545
v 213.942368 7.340806 -156.510452
v 213.942368 -1.640780 -156.510452
v 213.942368 7.340806 -153.633545
v 214.303741 33.562820 -153.994919
v 215.380829 39.313141 -155.072006
v 214.303741 33.562820 -156.149094
v 213.584503 32.485733 -153.275681
v 216.457916 33.562820 -153.994919
v 214.303741 33.562820 -153.994919
v 213.584503 32.485733 -153.275681
v 217.177139 32.485733 -153.275681
v 216.457916 33.562820 -153.994919
v 215.380829 39.313141 -155.072006
v 214.303741 33.562820 -153.994919
v 216.457916 33.562820 -153.994919
v 217.177139 32.485733 -156.868317
v 213.584503 32.485733 -156.868317
v 214.303741 33.562820 -156.149094
v 217.177139 32.485733 -156.868317
v 214.303741 33.562820 -156.149094
v 216.457916 33.562820 -156.149094
v 215.380829 39.313141 -155.072006
v 216.457916 33.562820 -156.149094
v 214.303741 33.562820 -156.149094
v 217.177139 32.485733 -153.275681
v 217.177139 32.485733 -156.868317
v 216.457916 33.562820 -153.994919
v 217.177139 32.485733 -156.868317
v 216.457916 33.562820 -156.149094
v 216.457916 33.562820 -153.994919
v 214.303741 33.562820 -153.994919
v 214.303741 33.562820 -156.149094
v 213.584503 32.485733 -156.868317
v 214.303741 33.562820 -153.994919
v 213.584503 32.485733 -156.868317
v 213.584503 32.485733 -153.275681
v 216.457916 33.562820 -156.149094
v 215.380829 39.313141 -155.072006
v 216.457916 33.562820 -153.994919
v 213.584503 32.485733 -156.868317
v 217.177139 32.485733 -156.868317
v 217.177139 32.485733 -153.275681
v 213.584503 32.485733 -156.868317
v 217.177139 32.485733 -153.275681
v 213.584503 32.485733 -153.275681
v 213.942368 28.893099 -156.510452
v 216.819275 32.485733 -156.510452
v 216.819275 28.893099 -156.510452
v 213.942368 28.893099 -156.510452
v 213.942368 32.485733 -156.510452
v 216.819275 28.893099 -153.633545
v 213.942368 32.485733 -153.633545
v 213.942368 28.893099 -153.633545
v 216.819275 28.893099 -153.633545
v 216.819275 32.485733 -153.633545
v 213.942368 32.485733 -153.633545
v 213.942368 28.893099 -153.633545
v 213.942368 32.485733 -156.510452
v 213.942368 28.893099 -156.510452
v 213.942368 28.893099 -153.633545
v 213.942368 32.485733 -153.633545
v 216.819275 28.893099 -156.510452
v 216.819275 32.485733 -153.633545
v 216.819275 28.893099 -153.633545
v 216.819275 28.893099 -156.510452
v 216.819275 32.485733 -156.510452
v 216.819275 32.485733 -153.633545
vn -0.0000 -0.0000 -1.0000
vn -0.0000 -0.0000 1.0000
vn 1.0000 -0.0000 -0.0000
vn -1.0000 -0.0000 -0.0000
vn -0.9829 0.1841 -0.0000
vn -0.0000 0.5553 0.8316
vn -0.0000 0.1841 0.9829
vn -0.0000 0.5553 -0.8316
vn -0.0000 0.1841 -0.9829
vn 0.8316 0.5553 -0.0000
vn -0.8316 0.5553 -0.0000
vn 0.9829 0.1841 -0.0000
vn -0.0000 -1.0000 -0.0000
vt 0.966797 -0.966797
vt 0.966797 6.517578
vt 0.000000 6.517578
vt 0.000000 -0.966797
vt 7.953125 -0.966797
vt 8.951172 6.519531
vt 8.951172 -0.966797
vt 7.953125 6.519531
vt 0.000000 2.152344
vt 0.966797 2.152344
vt 10.947266 2.152344
vt 10.947266 -0.966797
vt 9.949219 2.152344
vt 9.949219 -0.966797
vt 1.964844 -0.218750
vt 1.216797 3.773438
vt 0.468750 -0.218750
vt 0.466797 -0.218750
vt 2.464844 -0.966797
vt 2.462891 -0.966797
vt 0.134766 1.861328
vt 0.468750 1.861328
vt 0.468750 2.193359
vt 0.134766 2.193359
vt 0.966797 -0.982422
vt 0.000000 0.000000
vt 0.000000 -0.982422
vt 0.966797 0.000000
s 1
usemtl Material_0.086
f 8753/2217/1027 8754/2218/1027 8755/2219/1027
f 8756/2217/1027 8757/2219/1027 8758/2220/1027
f 8759/2220/1028 8760/2219/1028 8761/2218/1028
f 8762/2220/1028 8763/2218/1028 8764/2217/1028
f 8765/2221/1029 8766/2222/1029 8767/2223/1029
f 8768/2221/1029 8769/2224/1029 8770/2222/1029
f 8771/2223/1030 8772/2222/1030 8773/2224/1030
f 8774/2223/1030 8775/2224/1030 8776/2221/1030
f 8777/2217/1027 8778/2220/1027 8779/2225/1027
f 8780/2226/1027 8781/2217/1027 8782/2225/1027
f 8783/2225/1028 8784/2220/1028 8785/2226/1028
f 8786/2220/1028 8787/2217/1028 8788/2226/1028
f 8789/2227/1029 8790/2228/1029 8791/2229/1029
f 8792/2228/1029 8793/2230/1029 8794/2229/1029
f 8795/2230/1030 8796/2228/1030 8797/2227/1030
f 8798/2229/1030 8799/2230/1030 8800/2227/1030
usemtl Material_1.086
f 8801/2231/1031 8802/2232/1031 8803/2233/1031
f 8804/2220/1032 8805/2231/1032 8806/2234/1032
f 8807/2220/1032 8808/2235/1032 8809/2231/1032
f 8810/2232/1033 8811/2233/1033 8812/2231/1033
f 8813/2220/1034 8814/2235/1034 8815/2231/1034
f 8816/2220/1034 8817/2231/1034 8818/2233/1034
f 8819/2232/1035 8820/2233/1035 8821/2231/1035
f 8822/2220/1036 8823/2235/1036 8824/2233/1036
f 8825/2235/1036 8826/2231/1036 8827/2233/1036
f 8828/2231/1037 8829/2233/1037 8830/2220/1037
f 8831/2231/1037 8832/2220/1037 8833/2236/1037
f 8834/2231/1038 8835/2232/1038 8836/2233/1038
f 8837/2237/1039 8838/2238/1039 8839/2239/1039
f 8840/2237/1039 8841/2239/1039 8842/2240/1039
usemtl Material_3.086
f 8843/2241/1027 8844/2242/1027 8845/2243/1027
f 8846/2241/1027 8847/2244/1027 8844/2242/1027
f 8848/2243/1028 8849/2244/1028 8850/2241/1028
f 8851/2243/1028 8852/2242/1028 8853/2244/1028
f 8854/2241/1030 8855/2242/1030 8856/2243/1030
f 8857/2241/1030 8858/2244/1030 8855/2242/1030
f 8859/2243/1029 8860/2244/1029 8861/2241/1029
f 8862/2243/1029 8863/2242/1029 8864/2244/1029
o node.080
v 221.720718 7.340806 -156.510452
v 221.720718 28.893099 -156.510452
v 224.597626 28.893099 -156.510452
v 221.720718 7.340806 -156.510452
v 224.597626 28.893099 -156.510452
v 224.597626 7.340806 -156.510452
v 224.597626 7.340806 -153.633545
v 224.597626 28.893099 -153.633545
v 221.720718 28.893099 -153.633545
v 224.597626 7.340806 -153.633545
v 221.720718 28.893099 -153.633545
v 221.720718 7.340806 -153.633545
v 224.597626 7.340806 -156.510452
v 224.597626 28.893099 -153.633545
v 224.597626 7.340806 -153.633545
v 224.597626 7.340806 -156.510452
v 224.597626 28.893099 -156.510452
v 224.597626 28.893099 -153.633545
v 221.720718 7.340806 -153.633545
v 221.720718 28.893099 -153.633545
v 221.720718 28.893099 -156.510452
v 221.720718 7.340806 -153.633545
v 221.720718 28.893099 -156.510452
v 221.720718 7.340806 -156.510452
v 224.597626 -1.640780 -156.510452
v 221.720718 -1.640780 -156.510452
v 221.720718 7.340806 -156.510452
v 224.597626 7.340806 -156.510452
v 224.597626 -1.640780 -156.510452
v 221.720718 7.340806 -156.510452
v 221.720718 7.340806 -153.633545
v 221.720718 -1.640779 -153.633545
v 224.597626 7.340806 -153.633545
v 221.720718 -1.640779 -153.633545
v 224.597626 -1.640779 -153.633545
v 224.597626 7.340806 -153.633545
v 224.597626 7.340806 -153.633545
v 224.597626 -1.640779 -153.633545
v 224.597626 7.340806 -156.510452
v 224.597626 -1.640779 -153.633545
v 224.597626 -1.640780 -156.510452
v 224.597626 7.340806 -156.510452
v 221.720718 -1.640780 -156.510452
v 221.720718 -1.640779 -153.633545
v 221.720718 7.340806 -153.633545
v 221.720718 7.340806 -156.510452
v 221.720718 -1.640780 -156.510452
v 221.720718 7.340806 -153.633545
v 222.082092 33.562820 -153.994919
v 223.159180 39.313141 -155.072006
v 222.082092 33.562820 -156.149094
v 221.362854 32.485733 -153.275681
v 224.236267 33.562820 -153.994919
v 222.082092 33.562820 -153.994919
v 221.362854 32.485733 -153.275681
v 224.955490 32.485733 -153.275681
v 224.236267 33.562820 -153.994919
v 223.159180 39.313141 -155.072006
v 222.082092 33.562820 -153.994919
v 224.236267 33.562820 -153.994919
v 224.955490 32.485733 -156.868317
v 221.362854 32.485733 -156.868317
v 222.082092 33.562820 -156.149094
v 224.955490 32.485733 -156.868317
v 222.082092 33.562820 -156.149094
v 224.236267 33.562820 -156.149094
v 223.159180 39.313141 -155.072006
v 224.236267 33.562820 -156.149094
v 222.082092 33.562820 -156.149094
v 224.955490 32.485733 -153.275681
v 224.955490 32.485733 -156.868317
v 224.236267 33.562820 -153.994919
v 224.955490 32.485733 -156.868317
v 224.236267 33.562820 -156.149094
v 224.236267 33.562820 -153.994919
v 222.082092 33.562820 -153.994919
v 222.082092 33.562820 -156.149094
v 221.362854 32.485733 -156.868317
v 222.082092 33.562820 -153.994919
v 221.362854 32.485733 -156.868317
v 221.362854 32.485733 -153.275681
v 224.236267 33.562820 -156.149094
v 223.159180 39.313141 -155.072006
v 224.236267 33.562820 -153.994919
v 221.362854 32.485733 -156.868317
v 224.955490 32.485733 -156.868317
v 224.955490 32.485733 -153.275681
v 221.362854 32.485733 -156.868317
v 224.955490 32.485733 -153.275681
v 221.362854 32.485733 -153.275681
v 221.720718 28.893099 -156.510452
v 224.597626 32.485733 -156.510452
v 224.597626 28.893099 -156.510452
v 221.720718 28.893099 -156.510452
v 221.720718 32.485733 -156.510452
v 224.597626 28.893099 -153.633545
v 221.720718 32.485733 -153.633545
v 221.720718 28.893099 -153.633545
v 224.597626 28.893099 -153.633545
v 224.597626 32.485733 -153.633545
v 221.720718 32.485733 -153.633545
v 221.720718 28.893099 -153.633545
v 221.720718 32.485733 -156.510452
v 221.720718 28.893099 -156.510452
v 221.720718 28.893099 -153.633545
v 221.720718 32.485733 -153.633545
v 224.597626 28.893099 -156.510452
v 224.597626 32.485733 -153.633545
v 224.597626 28.893099 -153.633545
v 224.597626 28.893099 -156.510452
v 224.597626 32.485733 -156.510452
v 224.597626 32.485733 -153.633545
vn -0.0000 -0.0000 -1.0000
vn -0.0000 -0.0000 1.0000
vn 1.0000 -0.0000 -0.0000
vn -1.0000 -0.0000 -0.0000
vn -0.9829 0.1841 -0.0000
vn -0.0000 0.5553 0.8316
vn -0.0000 0.1841 0.9829
vn -0.0000 0.5553 -0.8316
vn -0.0000 0.1841 -0.9829
vn 0.8316 0.5553 -0.0000
vn -0.8316 0.5553 -0.0000
vn 0.9829 0.1841 -0.0000
vn -0.0000 -1.0000 -0.0000
vt 0.966797 -0.966797
vt 0.966797 6.517578
vt 0.000000 6.517578
vt 0.000000 -0.966797
vt 7.953125 -0.966797
vt 8.951172 6.519531
vt 8.951172 -0.966797
vt 7.953125 6.519531
vt 0.000000 2.152344
vt 0.966797 2.152344
vt 10.947266 2.152344
vt 10.947266 -0.966797
vt 9.949219 2.152344
vt 9.949219 -0.966797
vt 1.964844 -0.218750
vt 1.216797 3.773438
vt 0.468750 -0.218750
vt 0.466797 -0.218750
vt 2.464844 -0.966797
vt 2.462891 -0.966797
vt 0.134766 1.861328
vt 0.468750 1.861328
vt 0.468750 2.193359
vt 0.134766 2.193359
vt 0.966797 -0.982422
vt 0.000000 0.000000
vt 0.000000 -0.982422
vt 0.966797 0.000000
s 1
usemtl Material_0.087
f 8865/2245/1040 8866/2246/1040 8867/2247/1040
f 8868/2245/1040 8869/2247/1040 8870/2248/1040
f 8871/2248/1041 8872/2247/1041 8873/2246/1041
f 8874/2248/1041 8875/2246/1041 8876/2245/1041
f 8877/2249/1042 8878/2250/1042 8879/2251/1042
f 8880/2249/1042 8881/2252/1042 8882/2250/1042
f 8883/2251/1043 8884/2250/1043 8885/2252/1043
f 8886/2251/1043 8887/2252/1043 8888/2249/1043
f 8889/2245/1040 8890/2248/1040 8891/2253/1040
f 8892/2254/1040 8893/2245/1040 8894/2253/1040
f 8895/2253/1041 8896/2248/1041 8897/2254/1041
f 8898/2248/1041 8899/2245/1041 8900/2254/1041
f 8901/2255/1042 8902/2256/1042 8903/2257/1042
f 8904/2256/1042 8905/2258/1042 8906/2257/1042
f 8907/2258/1043 8908/2256/1043 8909/2255/1043
f 8910/2257/1043 8911/2258/1043 8912/2255/1043
usemtl Material_1.087
f 8913/2259/1044 8914/2260/1044 8915/2261/1044
f 8916/2248/1045 8917/2259/1045 8918/2262/1045
f 8919/2248/1045 8920/2263/1045 8921/2259/1045
f 8922/2260/1046 8923/2261/1046 8924/2259/1046
f 8925/2248/1047 8926/2263/1047 8927/2259/1047
f 8928/2248/1047 8929/2259/1047 8930/2261/1047
f 8931/2260/1048 8932/2261/1048 8933/2259/1048
f 8934/2248/1049 8935/2263/1049 8936/2261/1049
f 8937/2263/1049 8938/2259/1049 8939/2261/1049
f 8940/2259/1050 8941/2261/1050 8942/2248/1050
f 8943/2259/1050 8944/2248/1050 8945/2264/1050
f 8946/2259/1051 8947/2260/1051 8948/2261/1051
f 8949/2265/1052 8950/2266/1052 8951/2267/1052
f 8952/2265/1052 8953/2267/1052 8954/2268/1052
usemtl Material_3.087
f 8955/2269/1040 8956/2270/1040 8957/2271/1040
f 8958/2269/1040 8959/2272/1040 8956/2270/1040
f 8960/2271/1041 8961/2272/1041 8962/2269/1041
f 8963/2271/1041 8964/2270/1041 8965/2272/1041
f 8966/2269/1043 8967/2270/1043 8968/2271/1043
f 8969/2269/1043 8970/2272/1043 8967/2270/1043
f 8971/2271/1042 8972/2272/1042 8973/2269/1042
f 8974/2271/1042 8975/2270/1042 8976/2272/1042
o node.081
v 230.403000 7.340806 -156.510452
v 230.403000 28.893099 -156.510452
v 233.279907 28.893099 -156.510452
v 230.403000 7.340806 -156.510452
v 233.279907 28.893099 -156.510452
v 233.279907 7.340806 -156.510452
v 233.279907 7.340806 -153.633545
v 233.279907 28.893099 -153.633545
v 230.403000 28.893099 -153.633545
v 233.279907 7.340806 -153.633545
v 230.403000 28.893099 -153.633545
v 230.403000 7.340806 -153.633545
v 233.279907 7.340806 -156.510452
v 233.279907 28.893099 -153.633545
v 233.279907 7.340806 -153.633545
v 233.279907 7.340806 -156.510452
v 233.279907 28.893099 -156.510452
v 233.279907 28.893099 -153.633545
v 230.403000 7.340806 -153.633545
v 230.403000 28.893099 -153.633545
v 230.403000 28.893099 -156.510452
v 230.403000 7.340806 -153.633545
v 230.403000 28.893099 -156.510452
v 230.403000 7.340806 -156.510452
v 233.279907 -1.640780 -156.510452
v 230.403000 -1.640780 -156.510452
v 230.403000 7.340806 -156.510452
v 233.279907 7.340806 -156.510452
v 233.279907 -1.640780 -156.510452
v 230.403000 7.340806 -156.510452
v 230.403000 7.340806 -153.633545
v 230.403000 -1.640779 -153.633545
v 233.279907 7.340806 -153.633545
v 230.403000 -1.640779 -153.633545
v 233.279907 -1.640779 -153.633545
v 233.279907 7.340806 -153.633545
v 233.279907 7.340806 -153.633545
v 233.279907 -1.640779 -153.633545
v 233.279907 7.340806 -156.510452
v 233.279907 -1.640779 -153.633545
v 233.279907 -1.640780 -156.510452
v 233.279907 7.340806 -156.510452
v 230.403000 -1.640780 -156.510452
v 230.403000 -1.640779 -153.633545
v 230.403000 7.340806 -153.633545
v 230.403000 7.340806 -156.510452
v 230.403000 -1.640780 -156.510452
v 230.403000 7.340806 -153.633545
v 230.764374 33.562820 -153.994919
v 231.841461 39.313141 -155.072006
v 230.764374 33.562820 -156.149094
v 230.045135 32.485733 -153.275681
v 232.918549 33.562820 -153.994919
v 230.764374 33.562820 -153.994919
v 230.045135 32.485733 -153.275681
v 233.637772 32.485733 -153.275681
v 232.918549 33.562820 -153.994919
v 231.841461 39.313141 -155.072006
v 230.764374 33.562820 -153.994919
v 232.918549 33.562820 -153.994919
v 233.637772 32.485733 -156.868317
v 230.045135 32.485733 -156.868317
v 230.764374 33.562820 -156.149094
v 233.637772 32.485733 -156.868317
v 230.764374 33.562820 -156.149094
v 232.918549 33.562820 -156.149094
v 231.841461 39.313141 -155.072006
v 232.918549 33.562820 -156.149094
v 230.764374 33.562820 -156.149094
v 233.637772 32.485733 -153.275681
v 233.637772 32.485733 -156.868317
v 232.918549 33.562820 -153.994919
v 233.637772 32.485733 -156.868317
v 232.918549 33.562820 -156.149094
v 232.918549 33.562820 -153.994919
v 230.764374 33.562820 -153.994919
v 230.764374 33.562820 -156.149094
v 230.045135 32.485733 -156.868317
v 230.764374 33.562820 -153.994919
v 230.045135 32.485733 -156.868317
v 230.045135 32.485733 -153.275681
v 232.918549 33.562820 -156.149094
v 231.841461 39.313141 -155.072006
v 232.918549 33.562820 -153.994919
v 230.045135 32.485733 -156.868317
v 233.637772 32.485733 -156.868317
v 233.637772 32.485733 -153.275681
v 230.045135 32.485733 -156.868317
v 233.637772 32.485733 -153.275681
v 230.045135 32.485733 -153.275681
v 230.403000 28.893099 -156.510452
v 233.279907 32.485733 -156.510452
v 233.279907 28.893099 -156.510452
v 230.403000 28.893099 -156.510452
v 230.403000 32.485733 -156.510452
v 233.279907 28.893099 -153.633545
v 230.403000 32.485733 -153.633545
v 230.403000 28.893099 -153.633545
v 233.279907 28.893099 -153.633545
v 233.279907 32.485733 -153.633545
v 230.403000 32.485733 -153.633545
v 230.403000 28.893099 -153.633545
v 230.403000 32.485733 -156.510452
v 230.403000 28.893099 -156.510452
v 230.403000 28.893099 -153.633545
v 230.403000 32.485733 -153.633545
v 233.279907 28.893099 -156.510452
v 233.279907 32.485733 -153.633545
v 233.279907 28.893099 -153.633545
v 233.279907 28.893099 -156.510452
v 233.279907 32.485733 -156.510452
v 233.279907 32.485733 -153.633545
vn -0.0000 -0.0000 -1.0000
vn -0.0000 -0.0000 1.0000
vn 1.0000 -0.0000 -0.0000
vn -1.0000 -0.0000 -0.0000
vn -0.9829 0.1841 -0.0000
vn -0.0000 0.5553 0.8316
vn -0.0000 0.1841 0.9829
vn -0.0000 0.5553 -0.8316
vn -0.0000 0.1841 -0.9829
vn 0.8316 0.5553 -0.0000
vn -0.8316 0.5553 -0.0000
vn 0.9829 0.1841 -0.0000
vn -0.0000 -1.0000 -0.0000
vt 0.966797 -0.966797
vt 0.966797 6.517578
vt 0.000000 6.517578
vt 0.000000 -0.966797
vt 7.953125 -0.966797
vt 8.951172 6.519531
vt 8.951172 -0.966797
vt 7.953125 6.519531
vt 0.000000 2.152344
vt 0.966797 2.152344
vt 10.947266 2.152344
vt 10.947266 -0.966797
vt 9.949219 2.152344
vt 9.949219 -0.966797
vt 1.964844 -0.218750
vt 1.216797 3.773438
vt 0.468750 -0.218750
vt 0.466797 -0.218750
vt 2.464844 -0.966797
vt 2.462891 -0.966797
vt 0.134766 1.861328
vt 0.468750 1.861328
vt 0.468750 2.193359
vt 0.134766 2.193359
vt 0.966797 -0.982422
vt 0.000000 0.000000
vt 0.000000 -0.982422
vt 0.966797 0.000000
s 1
usemtl Material_0.088
f 8977/2273/1053 8978/2274/1053 8979/2275/1053
f 8980/2273/1053 8981/2275/1053 8982/2276/1053
f 8983/2276/1054 8984/2275/1054 8985/2274/1054
f 8986/2276/1054 8987/2274/1054 8988/2273/1054
f 8989/2277/1055 8990/2278/1055 8991/2279/1055
f 8992/2277/1055 8993/2280/1055 8994/2278/1055
f 8995/2279/1056 8996/2278/1056 8997/2280/1056
f 8998/2279/1056 8999/2280/1056 9000/2277/1056
f 9001/2273/1053 9002/2276/1053 9003/2281/1053
f 9004/2282/1053 9005/2273/1053 9006/2281/1053
f 9007/2281/1054 9008/2276/1054 9009/2282/1054
f 9010/2276/1054 9011/2273/1054 9012/2282/1054
f 9013/2283/1055 9014/2284/1055 9015/2285/1055
f 9016/2284/1055 9017/2286/1055 9018/2285/1055
f 9019/2286/1056 9020/2284/1056 9021/2283/1056
f 9022/2285/1056 9023/2286/1056 9024/2283/1056
usemtl Material_1.088
f 9025/2287/1057 9026/2288/1057 9027/2289/1057
f 9028/2276/1058 9029/2287/1058 9030/2290/1058
f 9031/2276/1058 9032/2291/1058 9033/2287/1058
f 9034/2288/1059 9035/2289/1059 9036/2287/1059
f 9037/2276/1060 9038/2291/1060 9039/2287/1060
f 9040/2276/1060 9041/2287/1060 9042/2289/1060
f 9043/2288/1061 9044/2289/1061 9045/2287/1061
f 9046/2276/1062 9047/2291/1062 9048/2289/1062
f 9049/2291/1062 9050/2287/1062 9051/2289/1062
f 9052/2287/1063 9053/2289/1063 9054/2276/1063
f 9055/2287/1063 9056/2276/1063 9057/2292/1063
f 9058/2287/1064 9059/2288/1064 9060/2289/1064
f 9061/2293/1065 9062/2294/1065 9063/2295/1065
f 9064/2293/1065 9065/2295/1065 9066/2296/1065
usemtl Material_3.088
f 9067/2297/1053 9068/2298/1053 9069/2299/1053
f 9070/2297/1053 9071/2300/1053 9068/2298/1053
f 9072/2299/1054 9073/2300/1054 9074/2297/1054
f 9075/2299/1054 9076/2298/1054 9077/2300/1054
f 9078/2297/1056 9079/2298/1056 9080/2299/1056
f 9081/2297/1056 9082/2300/1056 9079/2298/1056
f 9083/2299/1055 9084/2300/1055 9085/2297/1055
f 9086/2299/1055 9087/2298/1055 9088/2300/1055
o node.082
v 238.353958 7.340806 -156.510452
v 238.353958 28.893099 -156.510452
v 241.230865 28.893099 -156.510452
v 238.353958 7.340806 -156.510452
v 241.230865 28.893099 -156.510452
v 241.230865 7.340806 -156.510452
v 241.230865 7.340806 -153.633545
v 241.230865 28.893099 -153.633545
v 238.353958 28.893099 -153.633545
v 241.230865 7.340806 -153.633545
v 238.353958 28.893099 -153.633545
v 238.353958 7.340806 -153.633545
v 241.230865 7.340806 -156.510452
v 241.230865 28.893099 -153.633545
v 241.230865 7.340806 -153.633545
v 241.230865 7.340806 -156.510452
v 241.230865 28.893099 -156.510452
v 241.230865 28.893099 -153.633545
v 238.353958 7.340806 -153.633545
v 238.353958 28.893099 -153.633545
v 238.353958 28.893099 -156.510452
v 238.353958 7.340806 -153.633545
v 238.353958 28.893099 -156.510452
v 238.353958 7.340806 -156.510452
v 241.230865 -1.640780 -156.510452
v 238.353958 -1.640780 -156.510452
v 238.353958 7.340806 -156.510452
v 241.230865 7.340806 -156.510452
v 241.230865 -1.640780 -156.510452
v 238.353958 7.340806 -156.510452
v 238.353958 7.340806 -153.633545
v 238.353958 -1.640779 -153.633545
v 241.230865 7.340806 -153.633545
v 238.353958 -1.640779 -153.633545
v 241.230865 -1.640779 -153.633545
v 241.230865 7.340806 -153.633545
v 241.230865 7.340806 -153.633545
v 241.230865 -1.640779 -153.633545
v 241.230865 7.340806 -156.510452
v 241.230865 -1.640779 -153.633545
v 241.230865 -1.640780 -156.510452
v 241.230865 7.340806 -156.510452
v 238.353958 -1.640780 -156.510452
v 238.353958 -1.640779 -153.633545
v 238.353958 7.340806 -153.633545
v 238.353958 7.340806 -156.510452
v 238.353958 -1.640780 -156.510452
v 238.353958 7.340806 -153.633545
v 238.715332 33.562820 -153.994919
v 239.792419 39.313141 -155.072006
v 238.715332 33.562820 -156.149094
v 237.996094 32.485733 -153.275681
v 240.869507 33.562820 -153.994919
v 238.715332 33.562820 -153.994919
v 237.996094 32.485733 -153.275681
v 241.588730 32.485733 -153.275681
v 240.869507 33.562820 -153.994919
v 239.792419 39.313141 -155.072006
v 238.715332 33.562820 -153.994919
v 240.869507 33.562820 -153.994919
v 241.588730 32.485733 -156.868317
v 237.996094 32.485733 -156.868317
v 238.715332 33.562820 -156.149094
v 241.588730 32.485733 -156.868317
v 238.715332 33.562820 -156.149094
v 240.869507 33.562820 -156.149094
v 239.792419 39.313141 -155.072006
v 240.869507 33.562820 -156.149094
v 238.715332 33.562820 -156.149094
v 241.588730 32.485733 -153.275681
v 241.588730 32.485733 -156.868317
v 240.869507 33.562820 -153.994919
v 241.588730 32.485733 -156.868317
v 240.869507 33.562820 -156.149094
v 240.869507 33.562820 -153.994919
v 238.715332 33.562820 -153.994919
v 238.715332 33.562820 -156.149094
v 237.996094 32.485733 -156.868317
v 238.715332 33.562820 -153.994919
v 237.996094 32.485733 -156.868317
v 237.996094 32.485733 -153.275681
v 240.869507 33.562820 -156.149094
v 239.792419 39.313141 -155.072006
v 240.869507 33.562820 -153.994919
v 237.996094 32.485733 -156.868317
v 241.588730 32.485733 -156.868317
v 241.588730 32.485733 -153.275681
v 237.996094 32.485733 -156.868317
v 241.588730 32.485733 -153.275681
v 237.996094 32.485733 -153.275681
v 238.353958 28.893099 -156.510452
v 241.230865 32.485733 -156.510452
v 241.230865 28.893099 -156.510452
v 238.353958 28.893099 -156.510452
v 238.353958 32.485733 -156.510452
v 241.230865 28.893099 -153.633545
v 238.353958 32.485733 -153.633545
v 238.353958 28.893099 -153.633545
v 241.230865 28.893099 -153.633545
v 241.230865 32.485733 -153.633545
v 238.353958 32.485733 -153.633545
v 238.353958 28.893099 -153.633545
v 238.353958 32.485733 -156.510452
v 238.353958 28.893099 -156.510452
v 238.353958 28.893099 -153.633545
v 238.353958 32.485733 -153.633545
v 241.230865 28.893099 -156.510452
v 241.230865 32.485733 -153.633545
v 241.230865 28.893099 -153.633545
v 241.230865 28.893099 -156.510452
v 241.230865 32.485733 -156.510452
v 241.230865 32.485733 -153.633545
vn -0.0000 -0.0000 -1.0000
vn -0.0000 -0.0000 1.0000
vn 1.0000 -0.0000 -0.0000
vn -1.0000 -0.0000 -0.0000
vn -0.9829 0.1841 -0.0000
vn -0.0000 0.5553 0.8316
vn -0.0000 0.1841 0.9829
vn -0.0000 0.5553 -0.8316
vn -0.0000 0.1841 -0.9829
vn 0.8316 0.5553 -0.0000
vn -0.8316 0.5553 -0.0000
vn 0.9829 0.1841 -0.0000
vn -0.0000 -1.0000 -0.0000
vt 0.966797 -0.966797
vt 0.966797 6.517578
vt 0.000000 6.517578
vt 0.000000 -0.966797
vt 7.953125 -0.966797
vt 8.951172 6.519531
vt 8.951172 -0.966797
vt 7.953125 6.519531
vt 0.000000 2.152344
vt 0.966797 2.152344
vt 10.947266 2.152344
vt 10.947266 -0.966797
vt 9.949219 2.152344
vt 9.949219 -0.966797
vt 1.964844 -0.218750
vt 1.216797 3.773438
vt 0.468750 -0.218750
vt 0.466797 -0.218750
vt 2.464844 -0.966797
vt 2.462891 -0.966797
vt 0.134766 1.861328
vt 0.468750 1.861328
vt 0.468750 2.193359
vt 0.134766 2.193359
vt 0.966797 -0.982422
vt 0.000000 0.000000
vt 0.000000 -0.982422
vt 0.966797 0.000000
s 1
usemtl Material_0.089
f 9089/2301/1066 9090/2302/1066 9091/2303/1066
f 9092/2301/1066 9093/2303/1066 9094/2304/1066
f 9095/2304/1067 9096/2303/1067 9097/2302/1067
f 9098/2304/1067 9099/2302/1067 9100/2301/1067
f 9101/2305/1068 9102/2306/1068 9103/2307/1068
f 9104/2305/1068 9105/2308/1068 9106/2306/1068
f 9107/2307/1069 9108/2306/1069 9109/2308/1069
f 9110/2307/1069 9111/2308/1069 9112/2305/1069
f 9113/2301/1066 9114/2304/1066 9115/2309/1066
f 9116/2310/1066 9117/2301/1066 9118/2309/1066
f 9119/2309/1067 9120/2304/1067 9121/2310/1067
f 9122/2304/1067 9123/2301/1067 9124/2310/1067
f 9125/2311/1068 9126/2312/1068 9127/2313/1068
f 9128/2312/1068 9129/2314/1068 9130/2313/1068
f 9131/2314/1069 9132/2312/1069 9133/2311/1069
f 9134/2313/1069 9135/2314/1069 9136/2311/1069
usemtl Material_1.089
f 9137/2315/1070 9138/2316/1070 9139/2317/1070
f 9140/2304/1071 9141/2315/1071 9142/2318/1071
f 9143/2304/1071 9144/2319/1071 9145/2315/1071
f 9146/2316/1072 9147/2317/1072 9148/2315/1072
f 9149/2304/1073 9150/2319/1073 9151/2315/1073
f 9152/2304/1073 9153/2315/1073 9154/2317/1073
f 9155/2316/1074 9156/2317/1074 9157/2315/1074
f 9158/2304/1075 9159/2319/1075 9160/2317/1075
f 9161/2319/1075 9162/2315/1075 9163/2317/1075
f 9164/2315/1076 9165/2317/1076 9166/2304/1076
f 9167/2315/1076 9168/2304/1076 9169/2320/1076
f 9170/2315/1077 9171/2316/1077 9172/2317/1077
f 9173/2321/1078 9174/2322/1078 9175/2323/1078
f 9176/2321/1078 9177/2323/1078 9178/2324/1078
usemtl Material_3.089
f 9179/2325/1066 9180/2326/1066 9181/2327/1066
f 9182/2325/1066 9183/2328/1066 9180/2326/1066
f 9184/2327/1067 9185/2328/1067 9186/2325/1067
f 9187/2327/1067 9188/2326/1067 9189/2328/1067
f 9190/2325/1069 9191/2326/1069 9192/2327/1069
f 9193/2325/1069 9194/2328/1069 9191/2326/1069
f 9195/2327/1068 9196/2328/1068 9197/2325/1068
f 9198/2327/1068 9199/2326/1068 9200/2328/1068
o node.083
v 245.883621 7.340806 -156.510452
v 245.883621 28.893099 -156.510452
v 248.760529 28.893099 -156.510452
v 245.883621 7.340806 -156.510452
v 248.760529 28.893099 -156.510452
v 248.760529 7.340806 -156.510452
v 248.760529 7.340806 -153.633545
v 248.760529 28.893099 -153.633545
v 245.883621 28.893099 -153.633545
v 248.760529 7.340806 -153.633545
v 245.883621 28.893099 -153.633545
v 245.883621 7.340806 -153.633545
v 248.760529 7.340806 -156.510452
v 248.760529 28.893099 -153.633545
v 248.760529 7.340806 -153.633545
v 248.760529 7.340806 -156.510452
v 248.760529 28.893099 -156.510452
v 248.760529 28.893099 -153.633545
v 245.883621 7.340806 -153.633545
v 245.883621 28.893099 -153.633545
v 245.883621 28.893099 -156.510452
v 245.883621 7.340806 -153.633545
v 245.883621 28.893099 -156.510452
v 245.883621 7.340806 -156.510452
v 248.760529 -1.640780 -156.510452
v 245.883621 -1.640780 -156.510452
v 245.883621 7.340806 -156.510452
v 248.760529 7.340806 -156.510452
v 248.760529 -1.640780 -156.510452
v 245.883621 7.340806 -156.510452
v 245.883621 7.340806 -153.633545
v 245.883621 -1.640779 -153.633545
v 248.760529 7.340806 -153.633545
v 245.883621 -1.640779 -153.633545
v 248.760529 -1.640779 -153.633545
v 248.760529 7.340806 -153.633545
v 248.760529 7.340806 -153.633545
v 248.760529 -1.640779 -153.633545
v 248.760529 7.340806 -156.510452
v 248.760529 -1.640779 -153.633545
v 248.760529 -1.640780 -156.510452
v 248.760529 7.340806 -156.510452
v 245.883621 -1.640780 -156.510452
v 245.883621 -1.640779 -153.633545
v 245.883621 7.340806 -153.633545
v 245.883621 7.340806 -156.510452
v 245.883621 -1.640780 -156.510452
v 245.883621 7.340806 -153.633545
v 246.244995 33.562820 -153.994919
v 247.322083 39.313141 -155.072006
v 246.244995 33.562820 -156.149094
v 245.525757 32.485733 -153.275681
v 248.399170 33.562820 -153.994919
v 246.244995 33.562820 -153.994919
v 245.525757 32.485733 -153.275681
v 249.118393 32.485733 -153.275681
v 248.399170 33.562820 -153.994919
v 247.322083 39.313141 -155.072006
v 246.244995 33.562820 -153.994919
v 248.399170 33.562820 -153.994919
v 249.118393 32.485733 -156.868317
v 245.525757 32.485733 -156.868317
v 246.244995 33.562820 -156.149094
v 249.118393 32.485733 -156.868317
v 246.244995 33.562820 -156.149094
v 248.399170 33.562820 -156.149094
v 247.322083 39.313141 -155.072006
v 248.399170 33.562820 -156.149094
v 246.244995 33.562820 -156.149094
v 249.118393 32.485733 -153.275681
v 249.118393 32.485733 -156.868317
v 248.399170 33.562820 -153.994919
v 249.118393 32.485733 -156.868317
v 248.399170 33.562820 -156.149094
v 248.399170 33.562820 -153.994919
v 246.244995 33.562820 -153.994919
v 246.244995 33.562820 -156.149094
v 245.525757 32.485733 -156.868317
v 246.244995 33.562820 -153.994919
v 245.525757 32.485733 -156.868317
v 245.525757 32.485733 -153.275681
v 248.399170 33.562820 -156.149094
v 247.322083 39.313141 -155.072006
v 248.399170 33.562820 -153.994919
v 245.525757 32.485733 -156.868317
v 249.118393 32.485733 -156.868317
v 249.118393 32.485733 -153.275681
v 245.525757 32.485733 -156.868317
v 249.118393 32.485733 -153.275681
v 245.525757 32.485733 -153.275681
v 245.883621 28.893099 -156.510452
v 248.760529 32.485733 -156.510452
v 248.760529 28.893099 -156.510452
v 245.883621 28.893099 -156.510452
v 245.883621 32.485733 -156.510452
v 248.760529 28.893099 -153.633545
v 245.883621 32.485733 -153.633545
v 245.883621 28.893099 -153.633545
v 248.760529 28.893099 -153.633545
v 248.760529 32.485733 -153.633545
v 245.883621 32.485733 -153.633545
v 245.883621 28.893099 -153.633545
v 245.883621 32.485733 -156.510452
v 245.883621 28.893099 -156.510452
v 245.883621 28.893099 -153.633545
v 245.883621 32.485733 -153.633545
v 248.760529 28.893099 -156.510452
v 248.760529 32.485733 -153.633545
v 248.760529 28.893099 -153.633545
v 248.760529 28.893099 -156.510452
v 248.760529 32.485733 -156.510452
v 248.760529 32.485733 -153.633545
vn -0.0000 -0.0000 -1.0000
vn -0.0000 -0.0000 1.0000
vn 1.0000 -0.0000 -0.0000
vn -1.0000 -0.0000 -0.0000
vn -0.9829 0.1841 -0.0000
vn -0.0000 0.5553 0.8316
vn -0.0000 0.1841 0.9829
vn -0.0000 0.5553 -0.8316
vn -0.0000 0.1841 -0.9829
vn 0.8316 0.5553 -0.0000
vn -0.8316 0.5553 -0.0000
vn 0.9829 0.1841 -0.0000
vn -0.0000 -1.0000 -0.0000
vt 0.966797 -0.966797
vt 0.966797 6.517578
vt 0.000000 6.517578
vt 0.000000 -0.966797
vt 7.953125 -0.966797
vt 8.951172 6.519531
vt 8.951172 -0.966797
vt 7.953125 6.519531
vt 0.000000 2.152344
vt 0.966797 2.152344
vt 10.947266 2.152344
vt 10.947266 -0.966797
vt 9.949219 2.152344
vt 9.949219 -0.966797
vt 1.964844 -0.218750
vt 1.216797 3.773438
vt 0.468750 -0.218750
vt 0.466797 -0.218750
vt 2.464844 -0.966797
vt 2.462891 -0.966797
vt 0.134766 1.861328
vt 0.468750 1.861328
vt 0.468750 2.193359
vt 0.134766 2.193359
vt 0.966797 -0.982422
vt 0.000000 0.000000
vt 0.000000 -0.982422
vt 0.966797 0.000000
s 1
usemtl Material_0.090
f 9201/2329/1079 9202/2330/1079 9203/2331/1079
f 9204/2329/1079 9205/2331/1079 9206/2332/1079
f 9207/2332/1080 9208/2331/1080 9209/2330/1080
f 9210/2332/1080 9211/2330/1080 9212/2329/1080
f 9213/2333/1081 9214/2334/1081 9215/2335/1081
f 9216/2333/1081 9217/2336/1081 9218/2334/1081
f 9219/2335/1082 9220/2334/1082 9221/2336/1082
f 9222/2335/1082 9223/2336/1082 9224/2333/1082
f 9225/2329/1079 9226/2332/1079 9227/2337/1079
f 9228/2338/1079 9229/2329/1079 9230/2337/1079
f 9231/2337/1080 9232/2332/1080 9233/2338/1080
f 9234/2332/1080 9235/2329/1080 9236/2338/1080
f 9237/2339/1081 9238/2340/1081 9239/2341/1081
f 9240/2340/1081 9241/2342/1081 9242/2341/1081
f 9243/2342/1082 9244/2340/1082 9245/2339/1082
f 9246/2341/1082 9247/2342/1082 9248/2339/1082
usemtl Material_1.090
f 9249/2343/1083 9250/2344/1083 9251/2345/1083
f 9252/2332/1084 9253/2343/1084 9254/2346/1084
f 9255/2332/1084 9256/2347/1084 9257/2343/1084
f 9258/2344/1085 9259/2345/1085 9260/2343/1085
f 9261/2332/1086 9262/2347/1086 9263/2343/1086
f 9264/2332/1086 9265/2343/1086 9266/2345/1086
f 9267/2344/1087 9268/2345/1087 9269/2343/1087
f 9270/2332/1088 9271/2347/1088 9272/2345/1088
f 9273/2347/1088 9274/2343/1088 9275/2345/1088
f 9276/2343/1089 9277/2345/1089 9278/2332/1089
f 9279/2343/1089 9280/2332/1089 9281/2348/1089
f 9282/2343/1090 9283/2344/1090 9284/2345/1090
f 9285/2349/1091 9286/2350/1091 9287/2351/1091
f 9288/2349/1091 9289/2351/1091 9290/2352/1091
usemtl Material_3.090
f 9291/2353/1079 9292/2354/1079 9293/2355/1079
f 9294/2353/1079 9295/2356/1079 9292/2354/1079
f 9296/2355/1080 9297/2356/1080 9298/2353/1080
f 9299/2355/1080 9300/2354/1080 9301/2356/1080
f 9302/2353/1082 9303/2354/1082 9304/2355/1082
f 9305/2353/1082 9306/2356/1082 9303/2354/1082
f 9307/2355/1081 9308/2356/1081 9309/2353/1081
f 9310/2355/1081 9311/2354/1081 9312/2356/1081
o node.084
v 245.883621 7.340806 -156.510452
v 245.883621 28.893099 -156.510452
v 248.760529 28.893099 -156.510452
v 245.883621 7.340806 -156.510452
v 248.760529 28.893099 -156.510452
v 248.760529 7.340806 -156.510452
v 248.760529 7.340806 -153.633545
v 248.760529 28.893099 -153.633545
v 245.883621 28.893099 -153.633545
v 248.760529 7.340806 -153.633545
v 245.883621 28.893099 -153.633545
v 245.883621 7.340806 -153.633545
v 248.760529 7.340806 -156.510452
v 248.760529 28.893099 -153.633545
v 248.760529 7.340806 -153.633545
v 248.760529 7.340806 -156.510452
v 248.760529 28.893099 -156.510452
v 248.760529 28.893099 -153.633545
v 245.883621 7.340806 -153.633545
v 245.883621 28.893099 -153.633545
v 245.883621 28.893099 -156.510452
v 245.883621 7.340806 -153.633545
v 245.883621 28.893099 -156.510452
v 245.883621 7.340806 -156.510452
v 248.760529 -1.640780 -156.510452
v 245.883621 -1.640780 -156.510452
v 245.883621 7.340806 -156.510452
v 248.760529 7.340806 -156.510452
v 248.760529 -1.640780 -156.510452
v 245.883621 7.340806 -156.510452
v 245.883621 7.340806 -153.633545
v 245.883621 -1.640779 -153.633545
v 248.760529 7.340806 -153.633545
v 245.883621 -1.640779 -153.633545
v 248.760529 -1.640779 -153.633545
v 248.760529 7.340806 -153.633545
v 248.760529 7.340806 -153.633545
v 248.760529 -1.640779 -153.633545
v 248.760529 7.340806 -156.510452
v 248.760529 -1.640779 -153.633545
v 248.760529 -1.640780 -156.510452
v 248.760529 7.340806 -156.510452
v 245.883621 -1.640780 -156.510452
v 245.883621 -1.640779 -153.633545
v 245.883621 7.340806 -153.633545
v 245.883621 7.340806 -156.510452
v 245.883621 -1.640780 -156.510452
v 245.883621 7.340806 -153.633545
v 246.244995 33.562820 -153.994919
v 247.322083 39.313141 -155.072006
v 246.244995 33.562820 -156.149094
v 245.525757 32.485733 -153.275681
v 248.399170 33.562820 -153.994919
v 246.244995 33.562820 -153.994919
v 245.525757 32.485733 -153.275681
v 249.118393 32.485733 -153.275681
v 248.399170 33.562820 -153.994919
v 247.322083 39.313141 -155.072006
v 246.244995 33.562820 -153.994919
v 248.399170 33.562820 -153.994919
v 249.118393 32.485733 -156.868317
v 245.525757 32.485733 -156.868317
v 246.244995 33.562820 -156.149094
v 249.118393 32.485733 -156.868317
v 246.244995 33.562820 -156.149094
v 248.399170 33.562820 -156.149094
v 247.322083 39.313141 -155.072006
v 248.399170 33.562820 -156.149094
v 246.244995 33.562820 -156.149094
v 249.118393 32.485733 -153.275681
v 249.118393 32.485733 -156.868317
v 248.399170 33.562820 -153.994919
v 249.118393 32.485733 -156.868317
v 248.399170 33.562820 -156.149094
v 248.399170 33.562820 -153.994919
v 246.244995 33.562820 -153.994919
v 246.244995 33.562820 -156.149094
v 245.525757 32.485733 -156.868317
v 246.244995 33.562820 -153.994919
v 245.525757 32.485733 -156.868317
v 245.525757 32.485733 -153.275681
v 248.399170 33.562820 -156.149094
v 247.322083 39.313141 -155.072006
v 248.399170 33.562820 -153.994919
v 245.525757 32.485733 -156.868317
v 249.118393 32.485733 -156.868317
v 249.118393 32.485733 -153.275681
v 245.525757 32.485733 -156.868317
v 249.118393 32.485733 -153.275681
v 245.525757 32.485733 -153.275681
v 245.883621 28.893099 -156.510452
v 248.760529 32.485733 -156.510452
v 248.760529 28.893099 -156.510452
v 245.883621 28.893099 -156.510452
v 245.883621 32.485733 -156.510452
v 248.760529 28.893099 -153.633545
v 245.883621 32.485733 -153.633545
v 245.883621 28.893099 -153.633545
v 248.760529 28.893099 -153.633545
v 248.760529 32.485733 -153.633545
v 245.883621 32.485733 -153.633545
v 245.883621 28.893099 -153.633545
v 245.883621 32.485733 -156.510452
v 245.883621 28.893099 -156.510452
v 245.883621 28.893099 -153.633545
v 245.883621 32.485733 -153.633545
v 248.760529 28.893099 -156.510452
v 248.760529 32.485733 -153.633545
v 248.760529 28.893099 -153.633545
v 248.760529 28.893099 -156.510452
v 248.760529 32.485733 -156.510452
v 248.760529 32.485733 -153.633545
vn -0.0000 -0.0000 -1.0000
vn -0.0000 -0.0000 1.0000
vn 1.0000 -0.0000 -0.0000
vn -1.0000 -0.0000 -0.0000
vn -0.9829 0.1841 -0.0000
vn -0.0000 0.5553 0.8316
vn -0.0000 0.1841 0.9829
vn -0.0000 0.5553 -0.8316
vn -0.0000 0.1841 -0.9829
vn 0.8316 0.5553 -0.0000
vn -0.8316 0.5553 -0.0000
vn 0.9829 0.1841 -0.0000
vn -0.0000 -1.0000 -0.0000
vt 0.966797 -0.966797
vt 0.966797 6.517578
vt 0.000000 6.517578
vt 0.000000 -0.966797
vt 7.953125 -0.966797
vt 8.951172 6.519531
vt 8.951172 -0.966797
vt 7.953125 6.519531
vt 0.000000 2.152344
vt 0.966797 2.152344
vt 10.947266 2.152344
vt 10.947266 -0.966797
vt 9.949219 2.152344
vt 9.949219 -0.966797
vt 1.964844 -0.218750
vt 1.216797 3.773438
vt 0.468750 -0.218750
vt 0.466797 -0.218750
vt 2.464844 -0.966797
vt 2.462891 -0.966797
vt 0.134766 1.861328
vt 0.468750 1.861328
vt 0.468750 2.193359
vt 0.134766 2.193359
vt 0.966797 -0.982422
vt 0.000000 0.000000
vt 0.000000 -0.982422
vt 0.966797 0.000000
s 1
usemtl Material_0.091
f 9313/2357/1092 9314/2358/1092 9315/2359/1092
f 9316/2357/1092 9317/2359/1092 9318/2360/1092
f 9319/2360/1093 9320/2359/1093 9321/2358/1093
f 9322/2360/1093 9323/2358/1093 9324/2357/1093
f 9325/2361/1094 9326/2362/1094 9327/2363/1094
f 9328/2361/1094 9329/2364/1094 9330/2362/1094
f 9331/2363/1095 9332/2362/1095 9333/2364/1095
f 9334/2363/1095 9335/2364/1095 9336/2361/1095
f 9337/2357/1092 9338/2360/1092 9339/2365/1092
f 9340/2366/1092 9341/2357/1092 9342/2365/1092
f 9343/2365/1093 9344/2360/1093 9345/2366/1093
f 9346/2360/1093 9347/2357/1093 9348/2366/1093
f 9349/2367/1094 9350/2368/1094 9351/2369/1094
f 9352/2368/1094 9353/2370/1094 9354/2369/1094
f 9355/2370/1095 9356/2368/1095 9357/2367/1095
f 9358/2369/1095 9359/2370/1095 9360/2367/1095
usemtl Material_1.091
f 9361/2371/1096 9362/2372/1096 9363/2373/1096
f 9364/2360/1097 9365/2371/1097 9366/2374/1097
f 9367/2360/1097 9368/2375/1097 9369/2371/1097
f 9370/2372/1098 9371/2373/1098 9372/2371/1098
f 9373/2360/1099 9374/2375/1099 9375/2371/1099
f 9376/2360/1099 9377/2371/1099 9378/2373/1099
f 9379/2372/1100 9380/2373/1100 9381/2371/1100
f 9382/2360/1101 9383/2375/1101 9384/2373/1101
f 9385/2375/1101 9386/2371/1101 9387/2373/1101
f 9388/2371/1102 9389/2373/1102 9390/2360/1102
f 9391/2371/1102 9392/2360/1102 9393/2376/1102
f 9394/2371/1103 9395/2372/1103 9396/2373/1103
f 9397/2377/1104 9398/2378/1104 9399/2379/1104
f 9400/2377/1104 9401/2379/1104 9402/2380/1104
usemtl Material_3.091
f 9403/2381/1092 9404/2382/1092 9405/2383/1092
f 9406/2381/1092 9407/2384/1092 9404/2382/1092
f 9408/2383/1093 9409/2384/1093 9410/2381/1093
f 9411/2383/1093 9412/2382/1093 9413/2384/1093
f 9414/2381/1095 9415/2382/1095 9416/2383/1095
f 9417/2381/1095 9418/2384/1095 9415/2382/1095
f 9419/2383/1094 9420/2384/1094 9421/2381/1094
f 9422/2383/1094 9423/2382/1094 9424/2384/1094
o node.085
v 238.353958 7.340806 -156.510452
v 238.353958 28.893099 -156.510452
v 241.230865 28.893099 -156.510452
v 238.353958 7.340806 -156.510452
v 241.230865 28.893099 -156.510452
v 241.230865 7.340806 -156.510452
v 241.230865 7.340806 -153.633545
v 241.230865 28.893099 -153.633545
v 238.353958 28.893099 -153.633545
v 241.230865 7.340806 -153.633545
v 238.353958 28.893099 -153.633545
v 238.353958 7.340806 -153.633545
v 241.230865 7.340806 -156.510452
v 241.230865 28.893099 -153.633545
v 241.230865 7.340806 -153.633545
v 241.230865 7.340806 -156.510452
v 241.230865 28.893099 -156.510452
v 241.230865 28.893099 -153.633545
v 238.353958 7.340806 -153.633545
v 238.353958 28.893099 -153.633545
v 238.353958 28.893099 -156.510452
v 238.353958 7.340806 -153.633545
v 238.353958 28.893099 -156.510452
v 238.353958 7.340806 -156.510452
v 241.230865 -1.640780 -156.510452
v 238.353958 -1.640780 -156.510452
v 238.353958 7.340806 -156.510452
v 241.230865 7.340806 -156.510452
v 241.230865 -1.640780 -156.510452
v 238.353958 7.340806 -156.510452
v 238.353958 7.340806 -153.633545
v 238.353958 -1.640779 -153.633545
v 241.230865 7.340806 -153.633545
v 238.353958 -1.640779 -153.633545
v 241.230865 -1.640779 -153.633545
v 241.230865 7.340806 -153.633545
v 241.230865 7.340806 -153.633545
v 241.230865 -1.640779 -153.633545
v 241.230865 7.340806 -156.510452
v 241.230865 -1.640779 -153.633545
v 241.230865 -1.640780 -156.510452
v 241.230865 7.340806 -156.510452
v 238.353958 -1.640780 -156.510452
v 238.353958 -1.640779 -153.633545
v 238.353958 7.340806 -153.633545
v 238.353958 7.340806 -156.510452
v 238.353958 -1.640780 -156.510452
v 238.353958 7.340806 -153.633545
v 238.715332 33.562820 -153.994919
v 239.792419 39.313141 -155.072006
v 238.715332 33.562820 -156.149094
v 237.996094 32.485733 -153.275681
v 240.869507 33.562820 -153.994919
v 238.715332 33.562820 -153.994919
v 237.996094 32.485733 -153.275681
v 241.588730 32.485733 -153.275681
v 240.869507 33.562820 -153.994919
v 239.792419 39.313141 -155.072006
v 238.715332 33.562820 -153.994919
v 240.869507 33.562820 -153.994919
v 241.588730 32.485733 -156.868317
v 237.996094 32.485733 -156.868317
v 238.715332 33.562820 -156.149094
v 241.588730 32.485733 -156.868317
v 238.715332 33.562820 -156.149094
v 240.869507 33.562820 -156.149094
v 239.792419 39.313141 -155.072006
v 240.869507 33.562820 -156.149094
v 238.715332 33.562820 -156.149094
v 241.588730 32.485733 -153.275681
v 241.588730 32.485733 -156.868317
v 240.869507 33.562820 -153.994919
v 241.588730 32.485733 -156.868317
v 240.869507 33.562820 -156.149094
v 240.869507 33.562820 -153.994919
v 238.715332 33.562820 -153.994919
v 238.715332 33.562820 -156.149094
v 237.996094 32.485733 -156.868317
v 238.715332 33.562820 -153.994919
v 237.996094 32.485733 -156.868317
v 237.996094 32.485733 -153.275681
v 240.869507 33.562820 -156.149094
v 239.792419 39.313141 -155.072006
v 240.869507 33.562820 -153.994919
v 237.996094 32.485733 -156.868317
v 241.588730 32.485733 -156.868317
v 241.588730 32.485733 -153.275681
v 237.996094 32.485733 -156.868317
v 241.588730 32.485733 -153.275681
v 237.996094 32.485733 -153.275681
v 238.353958 28.893099 -156.510452
v 241.230865 32.485733 -156.510452
v 241.230865 28.893099 -156.510452
v 238.353958 28.893099 -156.510452
v 238.353958 32.485733 -156.510452
v 241.230865 28.893099 -153.633545
v 238.353958 32.485733 -153.633545
v 238.353958 28.893099 -153.633545
v 241.230865 28.893099 -153.633545
v 241.230865 32.485733 -153.633545
v 238.353958 32.485733 -153.633545
v 238.353958 28.893099 -153.633545
v 238.353958 32.485733 -156.510452
v 238.353958 28.893099 -156.510452
v 238.353958 28.893099 -153.633545
v 238.353958 32.485733 -153.633545
v 241.230865 28.893099 -156.510452
v 241.230865 32.485733 -153.633545
v 241.230865 28.893099 -153.633545
v 241.230865 28.893099 -156.510452
v 241.230865 32.485733 -156.510452
v 241.230865 32.485733 -153.633545
vn -0.0000 -0.0000 -1.0000
vn -0.0000 -0.0000 1.0000
vn 1.0000 -0.0000 -0.0000
vn -1.0000 -0.0000 -0.0000
vn -0.9829 0.1841 -0.0000
vn -0.0000 0.5553 0.8316
vn -0.0000 0.1841 0.9829
vn -0.0000 0.5553 -0.8316
vn -0.0000 0.1841 -0.9829
vn 0.8316 0.5553 -0.0000
vn -0.8316 0.5553 -0.0000
vn 0.9829 0.1841 -0.0000
vn -0.0000 -1.0000 -0.0000
vt 0.966797 -0.966797
vt 0.966797 6.517578
vt 0.000000 6.517578
vt 0.000000 -0.966797
vt 7.953125 -0.966797
vt 8.951172 6.519531
vt 8.951172 -0.966797
vt 7.953125 6.519531
vt 0.000000 2.152344
vt 0.966797 2.152344
vt 10.947266 2.152344
vt 10.947266 -0.966797
vt 9.949219 2.152344
vt 9.949219 -0.966797
vt 1.964844 -0.218750
vt 1.216797 3.773438
vt 0.468750 -0.218750
vt 0.466797 -0.218750
vt 2.464844 -0.966797
vt 2.462891 -0.966797
vt 0.134766 1.861328
vt 0.468750 1.861328
vt 0.468750 2.193359
vt 0.134766 2.193359
vt 0.966797 -0.982422
vt 0.000000 0.000000
vt 0.000000 -0.982422
vt 0.966797 0.000000
s 1
usemtl Material_0.092
f 9425/2385/1105 9426/2386/1105 9427/2387/1105
f 9428/2385/1105 9429/2387/1105 9430/2388/1105
f 9431/2388/1106 9432/2387/1106 9433/2386/1106
f 9434/2388/1106 9435/2386/1106 9436/2385/1106
f 9437/2389/1107 9438/2390/1107 9439/2391/1107
f 9440/2389/1107 9441/2392/1107 9442/2390/1107
f 9443/2391/1108 9444/2390/1108 9445/2392/1108
f 9446/2391/1108 9447/2392/1108 9448/2389/1108
f 9449/2385/1105 9450/2388/1105 9451/2393/1105
f 9452/2394/1105 9453/2385/1105 9454/2393/1105
f 9455/2393/1106 9456/2388/1106 9457/2394/1106
f 9458/2388/1106 9459/2385/1106 9460/2394/1106
f 9461/2395/1107 9462/2396/1107 9463/2397/1107
f 9464/2396/1107 9465/2398/1107 9466/2397/1107
f 9467/2398/1108 9468/2396/1108 9469/2395/1108
f 9470/2397/1108 9471/2398/1108 9472/2395/1108
usemtl Material_1.092
f 9473/2399/1109 9474/2400/1109 9475/2401/1109
f 9476/2388/1110 9477/2399/1110 9478/2402/1110
f 9479/2388/1110 9480/2403/1110 9481/2399/1110
f 9482/2400/1111 9483/2401/1111 9484/2399/1111
f 9485/2388/1112 9486/2403/1112 9487/2399/1112
f 9488/2388/1112 9489/2399/1112 9490/2401/1112
f 9491/2400/1113 9492/2401/1113 9493/2399/1113
f 9494/2388/1114 9495/2403/1114 9496/2401/1114
f 9497/2403/1114 9498/2399/1114 9499/2401/1114
f 9500/2399/1115 9501/2401/1115 9502/2388/1115
f 9503/2399/1115 9504/2388/1115 9505/2404/1115
f 9506/2399/1116 9507/2400/1116 9508/2401/1116
f 9509/2405/1117 9510/2406/1117 9511/2407/1117
f 9512/2405/1117 9513/2407/1117 9514/2408/1117
usemtl Material_3.092
f 9515/2409/1105 9516/2410/1105 9517/2411/1105
f 9518/2409/1105 9519/2412/1105 9516/2410/1105
f 9520/2411/1106 9521/2412/1106 9522/2409/1106
f 9523/2411/1106 9524/2410/1106 9525/2412/1106
f 9526/2409/1108 9527/2410/1108 9528/2411/1108
f 9529/2409/1108 9530/2412/1108 9527/2410/1108
f 9531/2411/1107 9532/2412/1107 9533/2409/1107
f 9534/2411/1107 9535/2410/1107 9536/2412/1107
o node.086
v 230.403000 7.340806 -156.510452
v 230.403000 28.893099 -156.510452
v 233.279907 28.893099 -156.510452
v 230.403000 7.340806 -156.510452
v 233.279907 28.893099 -156.510452
v 233.279907 7.340806 -156.510452
v 233.279907 7.340806 -153.633545
v 233.279907 28.893099 -153.633545
v 230.403000 28.893099 -153.633545
v 233.279907 7.340806 -153.633545
v 230.403000 28.893099 -153.633545
v 230.403000 7.340806 -153.633545
v 233.279907 7.340806 -156.510452
v 233.279907 28.893099 -153.633545
v 233.279907 7.340806 -153.633545
v 233.279907 7.340806 -156.510452
v 233.279907 28.893099 -156.510452
v 233.279907 28.893099 -153.633545
v 230.403000 7.340806 -153.633545
v 230.403000 28.893099 -153.633545
v 230.403000 28.893099 -156.510452
v 230.403000 7.340806 -153.633545
v 230.403000 28.893099 -156.510452
v 230.403000 7.340806 -156.510452
v 233.279907 -1.640780 -156.510452
v 230.403000 -1.640780 -156.510452
v 230.403000 7.340806 -156.510452
v 233.279907 7.340806 -156.510452
v 233.279907 -1.640780 -156.510452
v 230.403000 7.340806 -156.510452
v 230.403000 7.340806 -153.633545
v 230.403000 -1.640779 -153.633545
v 233.279907 7.340806 -153.633545
v 230.403000 -1.640779 -153.633545
v 233.279907 -1.640779 -153.633545
v 233.279907 7.340806 -153.633545
v 233.279907 7.340806 -153.633545
v 233.279907 -1.640779 -153.633545
v 233.279907 7.340806 -156.510452
v 233.279907 -1.640779 -153.633545
v 233.279907 -1.640780 -156.510452
v 233.279907 7.340806 -156.510452
v 230.403000 -1.640780 -156.510452
v 230.403000 -1.640779 -153.633545
v 230.403000 7.340806 -153.633545
v 230.403000 7.340806 -156.510452
v 230.403000 -1.640780 -156.510452
v 230.403000 7.340806 -153.633545
v 230.764374 33.562820 -153.994919
v 231.841461 39.313141 -155.072006
v 230.764374 33.562820 -156.149094
v 230.045135 32.485733 -153.275681
v 232.918549 33.562820 -153.994919
v 230.764374 33.562820 -153.994919
v 230.045135 32.485733 -153.275681
v 233.637772 32.485733 -153.275681
v 232.918549 33.562820 -153.994919
v 231.841461 39.313141 -155.072006
v 230.764374 33.562820 -153.994919
v 232.918549 33.562820 -153.994919
v 233.637772 32.485733 -156.868317
v 230.045135 32.485733 -156.868317
v 230.764374 33.562820 -156.149094
v 233.637772 32.485733 -156.868317
v 230.764374 33.562820 -156.149094
v 232.918549 33.562820 -156.149094
v 231.841461 39.313141 -155.072006
v 232.918549 33.562820 -156.149094
v 230.764374 33.562820 -156.149094
v 233.637772 32.485733 -153.275681
v 233.637772 32.485733 -156.868317
v 232.918549 33.562820 -153.994919
v 233.637772 32.485733 -156.868317
v 232.918549 33.562820 -156.149094
v 232.918549 33.562820 -153.994919
v 230.764374 33.562820 -153.994919
v 230.764374 33.562820 -156.149094
v 230.045135 32.485733 -156.868317
v 230.764374 33.562820 -153.994919
v 230.045135 32.485733 -156.868317
v 230.045135 32.485733 -153.275681
v 232.918549 33.562820 -156.149094
v 231.841461 39.313141 -155.072006
v 232.918549 33.562820 -153.994919
v 230.045135 32.485733 -156.868317
v 233.637772 32.485733 -156.868317
v 233.637772 32.485733 -153.275681
v 230.045135 32.485733 -156.868317
v 233.637772 32.485733 -153.275681
v 230.045135 32.485733 -153.275681
v 230.403000 28.893099 -156.510452
v 233.279907 32.485733 -156.510452
v 233.279907 28.893099 -156.510452
v 230.403000 28.893099 -156.510452
v 230.403000 32.485733 -156.510452
v 233.279907 28.893099 -153.633545
v 230.403000 32.485733 -153.633545
v 230.403000 28.893099 -153.633545
v 233.279907 28.893099 -153.633545
v 233.279907 32.485733 -153.633545
v 230.403000 32.485733 -153.633545
v 230.403000 28.893099 -153.633545
v 230.403000 32.485733 -156.510452
v 230.403000 28.893099 -156.510452
v 230.403000 28.893099 -153.633545
v 230.403000 32.485733 -153.633545
v 233.279907 28.893099 -156.510452
v 233.279907 32.485733 -153.633545
v 233.279907 28.893099 -153.633545
v 233.279907 28.893099 -156.510452
v 233.279907 32.485733 -156.510452
v 233.279907 32.485733 -153.633545
vn -0.0000 -0.0000 -1.0000
vn -0.0000 -0.0000 1.0000
vn 1.0000 -0.0000 -0.0000
vn -1.0000 -0.0000 -0.0000
vn -0.9829 0.1841 -0.0000
vn -0.0000 0.5553 0.8316
vn -0.0000 0.1841 0.9829
vn -0.0000 0.5553 -0.8316
vn -0.0000 0.1841 -0.9829
vn 0.8316 0.5553 -0.0000
vn -0.8316 0.5553 -0.0000
vn 0.9829 0.1841 -0.0000
vn -0.0000 -1.0000 -0.0000
vt 0.966797 -0.966797
vt 0.966797 6.517578
vt 0.000000 6.517578
vt 0.000000 -0.966797
vt 7.953125 -0.966797
vt 8.951172 6.519531
vt 8.951172 -0.966797
vt 7.953125 6.519531
vt 0.000000 2.152344
vt 0.966797 2.152344
vt 10.947266 2.152344
vt 10.947266 -0.966797
vt 9.949219 2.152344
vt 9.949219 -0.966797
vt 1.964844 -0.218750
vt 1.216797 3.773438
vt 0.468750 -0.218750
vt 0.466797 -0.218750
vt 2.464844 -0.966797
vt 2.462891 -0.966797
vt 0.134766 1.861328
vt 0.468750 1.861328
vt 0.468750 2.193359
vt 0.134766 2.193359
vt 0.966797 -0.982422
vt 0.000000 0.000000
vt 0.000000 -0.982422
vt 0.966797 0.000000
s 1
usemtl Material_0.093
f 9537/2413/1118 9538/2414/1118 9539/2415/1118
f 9540/2413/1118 9541/2415/1118 9542/2416/1118
f 9543/2416/1119 9544/2415/1119 9545/2414/1119
f 9546/2416/1119 9547/2414/1119 9548/2413/1119
f 9549/2417/1120 9550/2418/1120 9551/2419/1120
f 9552/2417/1120 9553/2420/1120 9554/2418/1120
f 9555/2419/1121 9556/2418/1121 9557/2420/1121
f 9558/2419/1121 9559/2420/1121 9560/2417/1121
f 9561/2413/1118 9562/2416/1118 9563/2421/1118
f 9564/2422/1118 9565/2413/1118 9566/2421/1118
f 9567/2421/1119 9568/2416/1119 9569/2422/1119
f 9570/2416/1119 9571/2413/1119 9572/2422/1119
f 9573/2423/1120 9574/2424/1120 9575/2425/1120
f 9576/2424/1120 9577/2426/1120 9578/2425/1120
f 9579/2426/1121 9580/2424/1121 9581/2423/1121
f 9582/2425/1121 9583/2426/1121 9584/2423/1121
usemtl Material_1.093
f 9585/2427/1122 9586/2428/1122 9587/2429/1122
f 9588/2416/1123 9589/2427/1123 9590/2430/1123
f 9591/2416/1123 9592/2431/1123 9593/2427/1123
f 9594/2428/1124 9595/2429/1124 9596/2427/1124
f 9597/2416/1125 9598/2431/1125 9599/2427/1125
f 9600/2416/1125 9601/2427/1125 9602/2429/1125
f 9603/2428/1126 9604/2429/1126 9605/2427/1126
f 9606/2416/1127 9607/2431/1127 9608/2429/1127
f 9609/2431/1127 9610/2427/1127 9611/2429/1127
f 9612/2427/1128 9613/2429/1128 9614/2416/1128
f 9615/2427/1128 9616/2416/1128 9617/2432/1128
f 9618/2427/1129 9619/2428/1129 9620/2429/1129
f 9621/2433/1130 9622/2434/1130 9623/2435/1130
f 9624/2433/1130 9625/2435/1130 9626/2436/1130
usemtl Material_3.093
f 9627/2437/1118 9628/2438/1118 9629/2439/1118
f 9630/2437/1118 9631/2440/1118 9628/2438/1118
f 9632/2439/1119 9633/2440/1119 9634/2437/1119
f 9635/2439/1119 9636/2438/1119 9637/2440/1119
f 9638/2437/1121 9639/2438/1121 9640/2439/1121
f 9641/2437/1121 9642/2440/1121 9639/2438/1121
f 9643/2439/1120 9644/2440/1120 9645/2437/1120
f 9646/2439/1120 9647/2438/1120 9648/2440/1120
o node.087
v 221.720718 7.340806 -156.510452
v 221.720718 28.893099 -156.510452
v 224.597626 28.893099 -156.510452
v 221.720718 7.340806 -156.510452
v 224.597626 28.893099 -156.510452
v 224.597626 7.340806 -156.510452
v 224.597626 7.340806 -153.633545
v 224.597626 28.893099 -153.633545
v 221.720718 28.893099 -153.633545
v 224.597626 7.340806 -153.633545
v 221.720718 28.893099 -153.633545
v 221.720718 7.340806 -153.633545
v 224.597626 7.340806 -156.510452
v 224.597626 28.893099 -153.633545
v 224.597626 7.340806 -153.633545
v 224.597626 7.340806 -156.510452
v 224.597626 28.893099 -156.510452
v 224.597626 28.893099 -153.633545
v 221.720718 7.340806 -153.633545
v 221.720718 28.893099 -153.633545
v 221.720718 28.893099 -156.510452
v 221.720718 7.340806 -153.633545
v 221.720718 28.893099 -156.510452
v 221.720718 7.340806 -156.510452
v 224.597626 -1.640780 -156.510452
v 221.720718 -1.640780 -156.510452
v 221.720718 7.340806 -156.510452
v 224.597626 7.340806 -156.510452
v 224.597626 -1.640780 -156.510452
v 221.720718 7.340806 -156.510452
v 221.720718 7.340806 -153.633545
v 221.720718 -1.640779 -153.633545
v 224.597626 7.340806 -153.633545
v 221.720718 -1.640779 -153.633545
v 224.597626 -1.640779 -153.633545
v 224.597626 7.340806 -153.633545
v 224.597626 7.340806 -153.633545
v 224.597626 -1.640779 -153.633545
v 224.597626 7.340806 -156.510452
v 224.597626 -1.640779 -153.633545
v 224.597626 -1.640780 -156.510452
v 224.597626 7.340806 -156.510452
v 221.720718 -1.640780 -156.510452
v 221.720718 -1.640779 -153.633545
v 221.720718 7.340806 -153.633545
v 221.720718 7.340806 -156.510452
v 221.720718 -1.640780 -156.510452
v 221.720718 7.340806 -153.633545
v 222.082092 33.562820 -153.994919
v 223.159180 39.313141 -155.072006
v 222.082092 33.562820 -156.149094
v 221.362854 32.485733 -153.275681
v 224.236267 33.562820 -153.994919
v 222.082092 33.562820 -153.994919
v 221.362854 32.485733 -153.275681
v 224.955490 32.485733 -153.275681
v 224.236267 33.562820 -153.994919
v 223.159180 39.313141 -155.072006
v 222.082092 33.562820 -153.994919
v 224.236267 33.562820 -153.994919
v 224.955490 32.485733 -156.868317
v 221.362854 32.485733 -156.868317
v 222.082092 33.562820 -156.149094
v 224.955490 32.485733 -156.868317
v 222.082092 33.562820 -156.149094
v 224.236267 33.562820 -156.149094
v 223.159180 39.313141 -155.072006
v 224.236267 33.562820 -156.149094
v 222.082092 33.562820 -156.149094
v 224.955490 32.485733 -153.275681
v 224.955490 32.485733 -156.868317
v 224.236267 33.562820 -153.994919
v 224.955490 32.485733 -156.868317
v 224.236267 33.562820 -156.149094
v 224.236267 33.562820 -153.994919
v 222.082092 33.562820 -153.994919
v 222.082092 33.562820 -156.149094
v 221.362854 32.485733 -156.868317
v 222.082092 33.562820 -153.994919
v 221.362854 32.485733 -156.868317
v 221.362854 32.485733 -153.275681
v 224.236267 33.562820 -156.149094
v 223.159180 39.313141 -155.072006
v 224.236267 33.562820 -153.994919
v 221.362854 32.485733 -156.868317
v 224.955490 32.485733 -156.868317
v 224.955490 32.485733 -153.275681
v 221.362854 32.485733 -156.868317
v 224.955490 32.485733 -153.275681
v 221.362854 32.485733 -153.275681
v 221.720718 28.893099 -156.510452
v 224.597626 32.485733 -156.510452
v 224.597626 28.893099 -156.510452
v 221.720718 28.893099 -156.510452
v 221.720718 32.485733 -156.510452
v 224.597626 28.893099 -153.633545
v 221.720718 32.485733 -153.633545
v 221.720718 28.893099 -153.633545
v 224.597626 28.893099 -153.633545
v 224.597626 32.485733 -153.633545
v 221.720718 32.485733 -153.633545
v 221.720718 28.893099 -153.633545
v 221.720718 32.485733 -156.510452
v 221.720718 28.893099 -156.510452
v 221.720718 28.893099 -153.633545
v 221.720718 32.485733 -153.633545
v 224.597626 28.893099 -156.510452
v 224.597626 32.485733 -153.633545
v 224.597626 28.893099 -153.633545
v 224.597626 28.893099 -156.510452
v 224.597626 32.485733 -156.510452
v 224.597626 32.485733 -153.633545
vn -0.0000 -0.0000 -1.0000
vn -0.0000 -0.0000 1.0000
vn 1.0000 -0.0000 -0.0000
vn -1.0000 -0.0000 -0.0000
vn -0.9829 0.1841 -0.0000
vn -0.0000 0.5553 0.8316
vn -0.0000 0.1841 0.9829
vn -0.0000 0.5553 -0.8316
vn -0.0000 0.1841 -0.9829
vn 0.8316 0.5553 -0.0000
vn -0.8316 0.5553 -0.0000
vn 0.9829 0.1841 -0.0000
vn -0.0000 -1.0000 -0.0000
vt 0.966797 -0.966797
vt 0.966797 6.517578
vt 0.000000 6.517578
vt 0.000000 -0.966797
vt 7.953125 -0.966797
vt 8.951172 6.519531
vt 8.951172 -0.966797
vt 7.953125 6.519531
vt 0.000000 2.152344
vt 0.966797 2.152344
vt 10.947266 2.152344
vt 10.947266 -0.966797
vt 9.949219 2.152344
vt 9.949219 -0.966797
vt 1.964844 -0.218750
vt 1.216797 3.773438
vt 0.468750 -0.218750
vt 0.466797 -0.218750
vt 2.464844 -0.966797
vt 2.462891 -0.966797
vt 0.134766 1.861328
vt 0.468750 1.861328
vt 0.468750 2.193359
vt 0.134766 2.193359
vt 0.966797 -0.982422
vt 0.000000 0.000000
vt 0.000000 -0.982422
vt 0.966797 0.000000
s 1
usemtl Material_0.094
f 9649/2441/1131 9650/2442/1131 9651/2443/1131
f 9652/2441/1131 9653/2443/1131 9654/2444/1131
f 9655/2444/1132 9656/2443/1132 9657/2442/1132
f 9658/2444/1132 9659/2442/1132 9660/2441/1132
f 9661/2445/1133 9662/2446/1133 9663/2447/1133
f 9664/2445/1133 9665/2448/1133 9666/2446/1133
f 9667/2447/1134 9668/2446/1134 9669/2448/1134
f 9670/2447/1134 9671/2448/1134 9672/2445/1134
f 9673/2441/1131 9674/2444/1131 9675/2449/1131
f 9676/2450/1131 9677/2441/1131 9678/2449/1131
f 9679/2449/1132 9680/2444/1132 9681/2450/1132
f 9682/2444/1132 9683/2441/1132 9684/2450/1132
f 9685/2451/1133 9686/2452/1133 9687/2453/1133
f 9688/2452/1133 9689/2454/1133 9690/2453/1133
f 9691/2454/1134 9692/2452/1134 9693/2451/1134
f 9694/2453/1134 9695/2454/1134 9696/2451/1134
usemtl Material_1.094
f 9697/2455/1135 9698/2456/1135 9699/2457/1135
f 9700/2444/1136 9701/2455/1136 9702/2458/1136
f 9703/2444/1136 9704/2459/1136 9705/2455/1136
f 9706/2456/1137 9707/2457/1137 9708/2455/1137
f 9709/2444/1138 9710/2459/1138 9711/2455/1138
f 9712/2444/1138 9713/2455/1138 9714/2457/1138
f 9715/2456/1139 9716/2457/1139 9717/2455/1139
f 9718/2444/1140 9719/2459/1140 9720/2457/1140
f 9721/2459/1140 9722/2455/1140 9723/2457/1140
f 9724/2455/1141 9725/2457/1141 9726/2444/1141
f 9727/2455/1141 9728/2444/1141 9729/2460/1141
f 9730/2455/1142 9731/2456/1142 9732/2457/1142
f 9733/2461/1143 9734/2462/1143 9735/2463/1143
f 9736/2461/1143 9737/2463/1143 9738/2464/1143
usemtl Material_3.094
f 9739/2465/1131 9740/2466/1131 9741/2467/1131
f 9742/2465/1131 9743/2468/1131 9740/2466/1131
f 9744/2467/1132 9745/2468/1132 9746/2465/1132
f 9747/2467/1132 9748/2466/1132 9749/2468/1132
f 9750/2465/1134 9751/2466/1134 9752/2467/1134
f 9753/2465/1134 9754/2468/1134 9751/2466/1134
f 9755/2467/1133 9756/2468/1133 9757/2465/1133
f 9758/2467/1133 9759/2466/1133 9760/2468/1133
o node.088
v 213.942368 7.340806 -156.510452
v 213.942368 28.893099 -156.510452
v 216.819275 28.893099 -156.510452
v 213.942368 7.340806 -156.510452
v 216.819275 28.893099 -156.510452
v 216.819275 7.340806 -156.510452
v 216.819275 7.340806 -153.633545
v 216.819275 28.893099 -153.633545
v 213.942368 28.893099 -153.633545
v 216.819275 7.340806 -153.633545
v 213.942368 28.893099 -153.633545
v 213.942368 7.340806 -153.633545
v 216.819275 7.340806 -156.510452
v 216.819275 28.893099 -153.633545
v 216.819275 7.340806 -153.633545
v 216.819275 7.340806 -156.510452
v 216.819275 28.893099 -156.510452
v 216.819275 28.893099 -153.633545
v 213.942368 7.340806 -153.633545
v 213.942368 28.893099 -153.633545
v 213.942368 28.893099 -156.510452
v 213.942368 7.340806 -153.633545
v 213.942368 28.893099 -156.510452
v 213.942368 7.340806 -156.510452
v 216.819275 -1.640780 -156.510452
v 213.942368 -1.640780 -156.510452
v 213.942368 7.340806 -156.510452
v 216.819275 7.340806 -156.510452
v 216.819275 -1.640780 -156.510452
v 213.942368 7.340806 -156.510452
v 213.942368 7.340806 -153.633545
v 213.942368 -1.640779 -153.633545
v 216.819275 7.340806 -153.633545
v 213.942368 -1.640779 -153.633545
v 216.819275 -1.640779 -153.633545
v 216.819275 7.340806 -153.633545
v 216.819275 7.340806 -153.633545
v 216.819275 -1.640779 -153.633545
v 216.819275 7.340806 -156.510452
v 216.819275 -1.640779 -153.633545
v 216.819275 -1.640780 -156.510452
v 216.819275 7.340806 -156.510452
v 213.942368 -1.640780 -156.510452
v 213.942368 -1.640779 -153.633545
v 213.942368 7.340806 -153.633545
v 213.942368 7.340806 -156.510452
v 213.942368 -1.640780 -156.510452
v 213.942368 7.340806 -153.633545
v 214.303741 33.562820 -153.994919
v 215.380829 39.313141 -155.072006
v 214.303741 33.562820 -156.149094
v 213.584503 32.485733 -153.275681
v 216.457916 33.562820 -153.994919
v 214.303741 33.562820 -153.994919
v 213.584503 32.485733 -153.275681
v 217.177139 32.485733 -153.275681
v 216.457916 33.562820 -153.994919
v 215.380829 39.313141 -155.072006
v 214.303741 33.562820 -153.994919
v 216.457916 33.562820 -153.994919
v 217.177139 32.485733 -156.868317
v 213.584503 32.485733 -156.868317
v 214.303741 33.562820 -156.149094
v 217.177139 32.485733 -156.868317
v 214.303741 33.562820 -156.149094
v 216.457916 33.562820 -156.149094
v 215.380829 39.313141 -155.072006
v 216.457916 33.562820 -156.149094
v 214.303741 33.562820 -156.149094
v 217.177139 32.485733 -153.275681
v 217.177139 32.485733 -156.868317
v 216.457916 33.562820 -153.994919
v 217.177139 32.485733 -156.868317
v 216.457916 33.562820 -156.149094
v 216.457916 33.562820 -153.994919
v 214.303741 33.562820 -153.994919
v 214.303741 33.562820 -156.149094
v 213.584503 32.485733 -156.868317
v 214.303741 33.562820 -153.994919
v 213.584503 32.485733 -156.868317
v 213.584503 32.485733 -153.275681
v 216.457916 33.562820 -156.149094
v 215.380829 39.313141 -155.072006
v 216.457916 33.562820 -153.994919
v 213.584503 32.485733 -156.868317
v 217.177139 32.485733 -156.868317
v 217.177139 32.485733 -153.275681
v 213.584503 32.485733 -156.868317
v 217.177139 32.485733 -153.275681
v 213.584503 32.485733 -153.275681
v 213.942368 28.893099 -156.510452
v 216.819275 32.485733 -156.510452
v 216.819275 28.893099 -156.510452
v 213.942368 28.893099 -156.510452
v 213.942368 32.485733 -156.510452
v 216.819275 28.893099 -153.633545
v 213.942368 32.485733 -153.633545
v 213.942368 28.893099 -153.633545
v 216.819275 28.893099 -153.633545
v 216.819275 32.485733 -153.633545
v 213.942368 32.485733 -153.633545
v 213.942368 28.893099 -153.633545
v 213.942368 32.485733 -156.510452
v 213.942368 28.893099 -156.510452
v 213.942368 28.893099 -153.633545
v 213.942368 32.485733 -153.633545
v 216.819275 28.893099 -156.510452
v 216.819275 32.485733 -153.633545
v 216.819275 28.893099 -153.633545
v 216.819275 28.893099 -156.510452
v 216.819275 32.485733 -156.510452
v 216.819275 32.485733 -153.633545
vn -0.0000 -0.0000 -1.0000
vn -0.0000 -0.0000 1.0000
vn 1.0000 -0.0000 -0.0000
vn -1.0000 -0.0000 -0.0000
vn -0.9829 0.1841 -0.0000
vn -0.0000 0.5553 0.8316
vn -0.0000 0.1841 0.9829
vn -0.0000 0.5553 -0.8316
vn -0.0000 0.1841 -0.9829
vn 0.8316 0.5553 -0.0000
vn -0.8316 0.5553 -0.0000
vn 0.9829 0.1841 -0.0000
vn -0.0000 -1.0000 -0.0000
vt 0.966797 -0.966797
vt 0.966797 6.517578
vt 0.000000 6.517578
vt 0.000000 -0.966797
vt 7.953125 -0.966797
vt 8.951172 6.519531
vt 8.951172 -0.966797
vt 7.953125 6.519531
vt 0.000000 2.152344
vt 0.966797 2.152344
vt 10.947266 2.152344
vt 10.947266 -0.966797
vt 9.949219 2.152344
vt 9.949219 -0.966797
vt 1.964844 -0.218750
vt 1.216797 3.773438
vt 0.468750 -0.218750
vt 0.466797 -0.218750
vt 2.464844 -0.966797
vt 2.462891 -0.966797
vt 0.134766 1.861328
vt 0.468750 1.861328
vt 0.468750 2.193359
vt 0.134766 2.193359
vt 0.966797 -0.982422
vt 0.000000 0.000000
vt 0.000000 -0.982422
vt 0.966797 0.000000
s 1
usemtl Material_0.095
f 9761/2469/1144 9762/2470/1144 9763/2471/1144
f 9764/2469/1144 9765/2471/1144 9766/2472/1144
f 9767/2472/1145 9768/2471/1145 9769/2470/1145
f 9770/2472/1145 9771/2470/1145 9772/2469/1145
f 9773/2473/1146 9774/2474/1146 9775/2475/1146
f 9776/2473/1146 9777/2476/1146 9778/2474/1146
f 9779/2475/1147 9780/2474/1147 9781/2476/1147
f 9782/2475/1147 9783/2476/1147 9784/2473/1147
f 9785/2469/1144 9786/2472/1144 9787/2477/1144
f 9788/2478/1144 9789/2469/1144 9790/2477/1144
f 9791/2477/1145 9792/2472/1145 9793/2478/1145
f 9794/2472/1145 9795/2469/1145 9796/2478/1145
f 9797/2479/1146 9798/2480/1146 9799/2481/1146
f 9800/2480/1146 9801/2482/1146 9802/2481/1146
f 9803/2482/1147 9804/2480/1147 9805/2479/1147
f 9806/2481/1147 9807/2482/1147 9808/2479/1147
usemtl Material_1.095
f 9809/2483/1148 9810/2484/1148 9811/2485/1148
f 9812/2472/1149 9813/2483/1149 9814/2486/1149
f 9815/2472/1149 9816/2487/1149 9817/2483/1149
f 9818/2484/1150 9819/2485/1150 9820/2483/1150
f 9821/2472/1151 9822/2487/1151 9823/2483/1151
f 9824/2472/1151 9825/2483/1151 9826/2485/1151
f 9827/2484/1152 9828/2485/1152 9829/2483/1152
f 9830/2472/1153 9831/2487/1153 9832/2485/1153
f 9833/2487/1153 9834/2483/1153 9835/2485/1153
f 9836/2483/1154 9837/2485/1154 9838/2472/1154
f 9839/2483/1154 9840/2472/1154 9841/2488/1154
f 9842/2483/1155 9843/2484/1155 9844/2485/1155
f 9845/2489/1156 9846/2490/1156 9847/2491/1156
f 9848/2489/1156 9849/2491/1156 9850/2492/1156
usemtl Material_3.095
f 9851/2493/1144 9852/2494/1144 9853/2495/1144
f 9854/2493/1144 9855/2496/1144 9852/2494/1144
f 9856/2495/1145 9857/2496/1145 9858/2493/1145
f 9859/2495/1145 9860/2494/1145 9861/2496/1145
f 9862/2493/1147 9863/2494/1147 9864/2495/1147
f 9865/2493/1147 9866/2496/1147 9863/2494/1147
f 9867/2495/1146 9868/2496/1146 9869/2493/1146
f 9870/2495/1146 9871/2494/1146 9872/2496/1146
o node.089
v 206.094101 7.340806 -156.510452
v 206.094101 28.893099 -156.510452
v 208.971008 28.893099 -156.510452
v 206.094101 7.340806 -156.510452
v 208.971008 28.893099 -156.510452
v 208.971008 7.340806 -156.510452
v 208.971008 7.340806 -153.633545
v 208.971008 28.893099 -153.633545
v 206.094101 28.893099 -153.633545
v 208.971008 7.340806 -153.633545
v 206.094101 28.893099 -153.633545
v 206.094101 7.340806 -153.633545
v 208.971008 7.340806 -156.510452
v 208.971008 28.893099 -153.633545
v 208.971008 7.340806 -153.633545
v 208.971008 7.340806 -156.510452
v 208.971008 28.893099 -156.510452
v 208.971008 28.893099 -153.633545
v 206.094101 7.340806 -153.633545
v 206.094101 28.893099 -153.633545
v 206.094101 28.893099 -156.510452
v 206.094101 7.340806 -153.633545
v 206.094101 28.893099 -156.510452
v 206.094101 7.340806 -156.510452
v 208.971008 -1.640780 -156.510452
v 206.094101 -1.640780 -156.510452
v 206.094101 7.340806 -156.510452
v 208.971008 7.340806 -156.510452
v 208.971008 -1.640780 -156.510452
v 206.094101 7.340806 -156.510452
v 206.094101 7.340806 -153.633545
v 206.094101 -1.640779 -153.633545
v 208.971008 7.340806 -153.633545
v 206.094101 -1.640779 -153.633545
v 208.971008 -1.640779 -153.633545
v 208.971008 7.340806 -153.633545
v 208.971008 7.340806 -153.633545
v 208.971008 -1.640779 -153.633545
v 208.971008 7.340806 -156.510452
v 208.971008 -1.640779 -153.633545
v 208.971008 -1.640780 -156.510452
v 208.971008 7.340806 -156.510452
v 206.094101 -1.640780 -156.510452
v 206.094101 -1.640779 -153.633545
v 206.094101 7.340806 -153.633545
v 206.094101 7.340806 -156.510452
v 206.094101 -1.640780 -156.510452
v 206.094101 7.340806 -153.633545
v 206.455475 33.562820 -153.994919
v 207.532562 39.313141 -155.072006
v 206.455475 33.562820 -156.149094
v 205.736237 32.485733 -153.275681
v 208.609650 33.562820 -153.994919
v 206.455475 33.562820 -153.994919
v 205.736237 32.485733 -153.275681
v 209.328873 32.485733 -153.275681
v 208.609650 33.562820 -153.994919
v 207.532562 39.313141 -155.072006
v 206.455475 33.562820 -153.994919
v 208.609650 33.562820 -153.994919
v 209.328873 32.485733 -156.868317
v 205.736237 32.485733 -156.868317
v 206.455475 33.562820 -156.149094
v 209.328873 32.485733 -156.868317
v 206.455475 33.562820 -156.149094
v 208.609650 33.562820 -156.149094
v 207.532562 39.313141 -155.072006
v 208.609650 33.562820 -156.149094
v 206.455475 33.562820 -156.149094
v 209.328873 32.485733 -153.275681
v 209.328873 32.485733 -156.868317
v 208.609650 33.562820 -153.994919
v 209.328873 32.485733 -156.868317
v 208.609650 33.562820 -156.149094
v 208.609650 33.562820 -153.994919
v 206.455475 33.562820 -153.994919
v 206.455475 33.562820 -156.149094
v 205.736237 32.485733 -156.868317
v 206.455475 33.562820 -153.994919
v 205.736237 32.485733 -156.868317
v 205.736237 32.485733 -153.275681
v 208.609650 33.562820 -156.149094
v 207.532562 39.313141 -155.072006
v 208.609650 33.562820 -153.994919
v 205.736237 32.485733 -156.868317
v 209.328873 32.485733 -156.868317
v 209.328873 32.485733 -153.275681
v 205.736237 32.485733 -156.868317
v 209.328873 32.485733 -153.275681
v 205.736237 32.485733 -153.275681
v 206.094101 28.893099 -156.510452
v 208.971008 32.485733 -156.510452
v 208.971008 28.893099 -156.510452
v 206.094101 28.893099 -156.510452
v 206.094101 32.485733 -156.510452
v 208.971008 28.893099 -153.633545
v 206.094101 32.485733 -153.633545
v 206.094101 28.893099 -153.633545
v 208.971008 28.893099 -153.633545
v 208.971008 32.485733 -153.633545
v 206.094101 32.485733 -153.633545
v 206.094101 28.893099 -153.633545
v 206.094101 32.485733 -156.510452
v 206.094101 28.893099 -156.510452
v 206.094101 28.893099 -153.633545
v 206.094101 32.485733 -153.633545
v 208.971008 28.893099 -156.510452
v 208.971008 32.485733 -153.633545
v 208.971008 28.893099 -153.633545
v 208.971008 28.893099 -156.510452
v 208.971008 32.485733 -156.510452
v 208.971008 32.485733 -153.633545
vn -0.0000 -0.0000 -1.0000
vn -0.0000 -0.0000 1.0000
vn 1.0000 -0.0000 -0.0000
vn -1.0000 -0.0000 -0.0000
vn -0.9829 0.1841 -0.0000
vn -0.0000 0.5553 0.8316
vn -0.0000 0.1841 0.9829
vn -0.0000 0.5553 -0.8316
vn -0.0000 0.1841 -0.9829
vn 0.8316 0.5553 -0.0000
vn -0.8316 0.5553 -0.0000
vn 0.9829 0.1841 -0.0000
vn -0.0000 -1.0000 -0.0000
vt 0.966797 -0.966797
vt 0.966797 6.517578
vt 0.000000 6.517578
vt 0.000000 -0.966797
vt 7.953125 -0.966797
vt 8.951172 6.519531
vt 8.951172 -0.966797
vt 7.953125 6.519531
vt 0.000000 2.152344
vt 0.966797 2.152344
vt 10.947266 2.152344
vt 10.947266 -0.966797
vt 9.949219 2.152344
vt 9.949219 -0.966797
vt 1.964844 -0.218750
vt 1.216797 3.773438
vt 0.468750 -0.218750
vt 0.466797 -0.218750
vt 2.464844 -0.966797
vt 2.462891 -0.966797
vt 0.134766 1.861328
vt 0.468750 1.861328
vt 0.468750 2.193359
vt 0.134766 2.193359
vt 0.966797 -0.982422
vt 0.000000 0.000000
vt 0.000000 -0.982422
vt 0.966797 0.000000
s 1
usemtl Material_0.096
f 9873/2497/1157 9874/2498/1157 9875/2499/1157
f 9876/2497/1157 9877/2499/1157 9878/2500/1157
f 9879/2500/1158 9880/2499/1158 9881/2498/1158
f 9882/2500/1158 9883/2498/1158 9884/2497/1158
f 9885/2501/1159 9886/2502/1159 9887/2503/1159
f 9888/2501/1159 9889/2504/1159 9890/2502/1159
f 9891/2503/1160 9892/2502/1160 9893/2504/1160
f 9894/2503/1160 9895/2504/1160 9896/2501/1160
f 9897/2497/1157 9898/2500/1157 9899/2505/1157
f 9900/2506/1157 9901/2497/1157 9902/2505/1157
f 9903/2505/1158 9904/2500/1158 9905/2506/1158
f 9906/2500/1158 9907/2497/1158 9908/2506/1158
f 9909/2507/1159 9910/2508/1159 9911/2509/1159
f 9912/2508/1159 9913/2510/1159 9914/2509/1159
f 9915/2510/1160 9916/2508/1160 9917/2507/1160
f 9918/2509/1160 9919/2510/1160 9920/2507/1160
usemtl Material_1.096
f 9921/2511/1161 9922/2512/1161 9923/2513/1161
f 9924/2500/1162 9925/2511/1162 9926/2514/1162
f 9927/2500/1162 9928/2515/1162 9929/2511/1162
f 9930/2512/1163 9931/2513/1163 9932/2511/1163
f 9933/2500/1164 9934/2515/1164 9935/2511/1164
f 9936/2500/1164 9937/2511/1164 9938/2513/1164
f 9939/2512/1165 9940/2513/1165 9941/2511/1165
f 9942/2500/1166 9943/2515/1166 9944/2513/1166
f 9945/2515/1166 9946/2511/1166 9947/2513/1166
f 9948/2511/1167 9949/2513/1167 9950/2500/1167
f 9951/2511/1167 9952/2500/1167 9953/2516/1167
f 9954/2511/1168 9955/2512/1168 9956/2513/1168
f 9957/2517/1169 9958/2518/1169 9959/2519/1169
f 9960/2517/1169 9961/2519/1169 9962/2520/1169
usemtl Material_3.096
f 9963/2521/1157 9964/2522/1157 9965/2523/1157
f 9966/2521/1157 9967/2524/1157 9964/2522/1157
f 9968/2523/1158 9969/2524/1158 9970/2521/1158
f 9971/2523/1158 9972/2522/1158 9973/2524/1158
f 9974/2521/1160 9975/2522/1160 9976/2523/1160
f 9977/2521/1160 9978/2524/1160 9975/2522/1160
f 9979/2523/1159 9980/2524/1159 9981/2521/1159
f 9982/2523/1159 9983/2522/1159 9984/2524/1159
o node.090
v 199.576950 7.340806 -156.510452
v 199.576950 28.893099 -156.510452
v 202.453857 28.893099 -156.510452
v 199.576950 7.340806 -156.510452
v 202.453857 28.893099 -156.510452
v 202.453857 7.340806 -156.510452
v 202.453857 7.340806 -153.633545
v 202.453857 28.893099 -153.633545
v 199.576950 28.893099 -153.633545
v 202.453857 7.340806 -153.633545
v 199.576950 28.893099 -153.633545
v 199.576950 7.340806 -153.633545
v 202.453857 7.340806 -156.510452
v 202.453857 28.893099 -153.633545
v 202.453857 7.340806 -153.633545
v 202.453857 7.340806 -156.510452
v 202.453857 28.893099 -156.510452
v 202.453857 28.893099 -153.633545
v 199.576950 7.340806 -153.633545
v 199.576950 28.893099 -153.633545
v 199.576950 28.893099 -156.510452
v 199.576950 7.340806 -153.633545
v 199.576950 28.893099 -156.510452
v 199.576950 7.340806 -156.510452
v 202.453857 -1.640780 -156.510452
v 199.576950 -1.640780 -156.510452
v 199.576950 7.340806 -156.510452
v 202.453857 7.340806 -156.510452
v 202.453857 -1.640780 -156.510452
v 199.576950 7.340806 -156.510452
v 199.576950 7.340806 -153.633545
v 199.576950 -1.640779 -153.633545
v 202.453857 7.340806 -153.633545
v 199.576950 -1.640779 -153.633545
v 202.453857 -1.640779 -153.633545
v 202.453857 7.340806 -153.633545
v 202.453857 7.340806 -153.633545
v 202.453857 -1.640779 -153.633545
v 202.453857 7.340806 -156.510452
v 202.453857 -1.640779 -153.633545
v 202.453857 -1.640780 -156.510452
v 202.453857 7.340806 -156.510452
v 199.576950 -1.640780 -156.510452
v 199.576950 -1.640779 -153.633545
v 199.576950 7.340806 -153.633545
v 199.576950 7.340806 -156.510452
v 199.576950 -1.640780 -156.510452
v 199.576950 7.340806 -153.633545
v 199.938324 33.562820 -153.994919
v 201.015411 39.313141 -155.072006
v 199.938324 33.562820 -156.149094
v 199.219086 32.485733 -153.275681
v 202.092499 33.562820 -153.994919
v 199.938324 33.562820 -153.994919
v 199.219086 32.485733 -153.275681
v 202.811722 32.485733 -153.275681
v 202.092499 33.562820 -153.994919
v 201.015411 39.313141 -155.072006
v 199.938324 33.562820 -153.994919
v 202.092499 33.562820 -153.994919
v 202.811722 32.485733 -156.868317
v 199.219086 32.485733 -156.868317
v 199.938324 33.562820 -156.149094
v 202.811722 32.485733 -156.868317
v 199.938324 33.562820 -156.149094
v 202.092499 33.562820 -156.149094
v 201.015411 39.313141 -155.072006
v 202.092499 33.562820 -156.149094
v 199.938324 33.562820 -156.149094
v 202.811722 32.485733 -153.275681
v 202.811722 32.485733 -156.868317
v 202.092499 33.562820 -153.994919
v 202.811722 32.485733 -156.868317
v 202.092499 33.562820 -156.149094
v 202.092499 33.562820 -153.994919
v 199.938324 33.562820 -153.994919
v 199.938324 33.562820 -156.149094
v 199.219086 32.485733 -156.868317
v 199.938324 33.562820 -153.994919
v 199.219086 32.485733 -156.868317
v 199.219086 32.485733 -153.275681
v 202.092499 33.562820 -156.149094
v 201.015411 39.313141 -155.072006
v 202.092499 33.562820 -153.994919
v 199.219086 32.485733 -156.868317
v 202.811722 32.485733 -156.868317
v 202.811722 32.485733 -153.275681
v 199.219086 32.485733 -156.868317
v 202.811722 32.485733 -153.275681
v 199.219086 32.485733 -153.275681
v 199.576950 28.893099 -156.510452
v 202.453857 32.485733 -156.510452
v 202.453857 28.893099 -156.510452
v 199.576950 28.893099 -156.510452
v 199.576950 32.485733 -156.510452
v 202.453857 28.893099 -153.633545
v 199.576950 32.485733 -153.633545
v 199.576950 28.893099 -153.633545
v 202.453857 28.893099 -153.633545
v 202.453857 32.485733 -153.633545
v 199.576950 32.485733 -153.633545
v 199.576950 28.893099 -153.633545
v 199.576950 32.485733 -156.510452
v 199.576950 28.893099 -156.510452
v 199.576950 28.893099 -153.633545
v 199.576950 32.485733 -153.633545
v 202.453857 28.893099 -156.510452
v 202.453857 32.485733 -153.633545
v 202.453857 28.893099 -153.633545
v 202.453857 28.893099 -156.510452
v 202.453857 32.485733 -156.510452
v 202.453857 32.485733 -153.633545
vn -0.0000 -0.0000 -1.0000
vn -0.0000 -0.0000 1.0000
vn 1.0000 -0.0000 -0.0000
vn -1.0000 -0.0000 -0.0000
vn -0.9829 0.1841 -0.0000
vn -0.0000 0.5553 0.8316
vn -0.0000 0.1841 0.9829
vn -0.0000 0.5553 -0.8316
vn -0.0000 0.1841 -0.9829
vn 0.8316 0.5553 -0.0000
vn -0.8316 0.5553 -0.0000
vn 0.9829 0.1841 -0.0000
vn -0.0000 -1.0000 -0.0000
vt 0.966797 -0.966797
vt 0.966797 6.517578
vt 0.000000 6.517578
vt 0.000000 -0.966797
vt 7.953125 -0.966797
vt 8.951172 6.519531
vt 8.951172 -0.966797
vt 7.953125 6.519531
vt 0.000000 2.152344
vt 0.966797 2.152344
vt 10.947266 2.152344
vt 10.947266 -0.966797
vt 9.949219 2.152344
vt 9.949219 -0.966797
vt 1.964844 -0.218750
vt 1.216797 3.773438
vt 0.468750 -0.218750
vt 0.466797 -0.218750
vt 2.464844 -0.966797
vt 2.462891 -0.966797
vt 0.134766 1.861328
vt 0.468750 1.861328
vt 0.468750 2.193359
vt 0.134766 2.193359
vt 0.966797 -0.982422
vt 0.000000 0.000000
vt 0.000000 -0.982422
vt 0.966797 0.000000
s 1
usemtl Material_0.097
f 9985/2525/1170 9986/2526/1170 9987/2527/1170
f 9988/2525/1170 9989/2527/1170 9990/2528/1170
f 9991/2528/1171 9992/2527/1171 9993/2526/1171
f 9994/2528/1171 9995/2526/1171 9996/2525/1171
f 9997/2529/1172 9998/2530/1172 9999/2531/1172
f 10000/2529/1172 10001/2532/1172 10002/2530/1172
f 10003/2531/1173 10004/2530/1173 10005/2532/1173
f 10006/2531/1173 10007/2532/1173 10008/2529/1173
f 10009/2525/1170 10010/2528/1170 10011/2533/1170
f 10012/2534/1170 10013/2525/1170 10014/2533/1170
f 10015/2533/1171 10016/2528/1171 10017/2534/1171
f 10018/2528/1171 10019/2525/1171 10020/2534/1171
f 10021/2535/1172 10022/2536/1172 10023/2537/1172
f 10024/2536/1172 10025/2538/1172 10026/2537/1172
f 10027/2538/1173 10028/2536/1173 10029/2535/1173
f 10030/2537/1173 10031/2538/1173 10032/2535/1173
usemtl Material_1.097
f 10033/2539/1174 10034/2540/1174 10035/2541/1174
f 10036/2528/1175 10037/2539/1175 10038/2542/1175
f 10039/2528/1175 10040/2543/1175 10041/2539/1175
f 10042/2540/1176 10043/2541/1176 10044/2539/1176
f 10045/2528/1177 10046/2543/1177 10047/2539/1177
f 10048/2528/1177 10049/2539/1177 10050/2541/1177
f 10051/2540/1178 10052/2541/1178 10053/2539/1178
f 10054/2528/1179 10055/2543/1179 10056/2541/1179
f 10057/2543/1179 10058/2539/1179 10059/2541/1179
f 10060/2539/1180 10061/2541/1180 10062/2528/1180
f 10063/2539/1180 10064/2528/1180 10065/2544/1180
f 10066/2539/1181 10067/2540/1181 10068/2541/1181
f 10069/2545/1182 10070/2546/1182 10071/2547/1182
f 10072/2545/1182 10073/2547/1182 10074/2548/1182
usemtl Material_3.097
f 10075/2549/1170 10076/2550/1170 10077/2551/1170
f 10078/2549/1170 10079/2552/1170 10076/2550/1170
f 10080/2551/1171 10081/2552/1171 10082/2549/1171
f 10083/2551/1171 10084/2550/1171 10085/2552/1171
f 10086/2549/1173 10087/2550/1173 10088/2551/1173
f 10089/2549/1173 10090/2552/1173 10087/2550/1173
f 10091/2551/1172 10092/2552/1172 10093/2549/1172
f 10094/2551/1172 10095/2550/1172 10096/2552/1172
o node.091
v 192.450089 7.340806 -156.510452
v 192.450089 28.893099 -156.510452
v 195.326996 28.893099 -156.510452
v 192.450089 7.340806 -156.510452
v 195.326996 28.893099 -156.510452
v 195.326996 7.340806 -156.510452
v 195.326996 7.340806 -153.633545
v 195.326996 28.893099 -153.633545
v 192.450089 28.893099 -153.633545
v 195.326996 7.340806 -153.633545
v 192.450089 28.893099 -153.633545
v 192.450089 7.340806 -153.633545
v 195.326996 7.340806 -156.510452
v 195.326996 28.893099 -153.633545
v 195.326996 7.340806 -153.633545
v 195.326996 7.340806 -156.510452
v 195.326996 28.893099 -156.510452
v 195.326996 28.893099 -153.633545
v 192.450089 7.340806 -153.633545
v 192.450089 28.893099 -153.633545
v 192.450089 28.893099 -156.510452
v 192.450089 7.340806 -153.633545
v 192.450089 28.893099 -156.510452
v 192.450089 7.340806 -156.510452
v 195.326996 -1.640780 -156.510452
v 192.450089 -1.640780 -156.510452
v 192.450089 7.340806 -156.510452
v 195.326996 7.340806 -156.510452
v 195.326996 -1.640780 -156.510452
v 192.450089 7.340806 -156.510452
v 192.450089 7.340806 -153.633545
v 192.450089 -1.640779 -153.633545
v 195.326996 7.340806 -153.633545
v 192.450089 -1.640779 -153.633545
v 195.326996 -1.640779 -153.633545
v 195.326996 7.340806 -153.633545
v 195.326996 7.340806 -153.633545
v 195.326996 -1.640779 -153.633545
v 195.326996 7.340806 -156.510452
v 195.326996 -1.640779 -153.633545
v 195.326996 -1.640780 -156.510452
v 195.326996 7.340806 -156.510452
v 192.450089 -1.640780 -156.510452
v 192.450089 -1.640779 -153.633545
v 192.450089 7.340806 -153.633545
v 192.450089 7.340806 -156.510452
v 192.450089 -1.640780 -156.510452
v 192.450089 7.340806 -153.633545
v 192.811462 33.562820 -153.994919
v 193.888550 39.313141 -155.072006
v 192.811462 33.562820 -156.149094
v 192.092224 32.485733 -153.275681
v 194.965637 33.562820 -153.994919
v 192.811462 33.562820 -153.994919
v 192.092224 32.485733 -153.275681
v 195.684860 32.485733 -153.275681
v 194.965637 33.562820 -153.994919
v 193.888550 39.313141 -155.072006
v 192.811462 33.562820 -153.994919
v 194.965637 33.562820 -153.994919
v 195.684860 32.485733 -156.868317
v 192.092224 32.485733 -156.868317
v 192.811462 33.562820 -156.149094
v 195.684860 32.485733 -156.868317
v 192.811462 33.562820 -156.149094
v 194.965637 33.562820 -156.149094
v 193.888550 39.313141 -155.072006
v 194.965637 33.562820 -156.149094
v 192.811462 33.562820 -156.149094
v 195.684860 32.485733 -153.275681
v 195.684860 32.485733 -156.868317
v 194.965637 33.562820 -153.994919
v 195.684860 32.485733 -156.868317
v 194.965637 33.562820 -156.149094
v 194.965637 33.562820 -153.994919
v 192.811462 33.562820 -153.994919
v 192.811462 33.562820 -156.149094
v 192.092224 32.485733 -156.868317
v 192.811462 33.562820 -153.994919
v 192.092224 32.485733 -156.868317
v 192.092224 32.485733 -153.275681
v 194.965637 33.562820 -156.149094
v 193.888550 39.313141 -155.072006
v 194.965637 33.562820 -153.994919
v 192.092224 32.485733 -156.868317
v 195.684860 32.485733 -156.868317
v 195.684860 32.485733 -153.275681
v 192.092224 32.485733 -156.868317
v 195.684860 32.485733 -153.275681
v 192.092224 32.485733 -153.275681
v 192.450089 28.893099 -156.510452
v 195.326996 32.485733 -156.510452
v 195.326996 28.893099 -156.510452
v 192.450089 28.893099 -156.510452
v 192.450089 32.485733 -156.510452
v 195.326996 28.893099 -153.633545
v 192.450089 32.485733 -153.633545
v 192.450089 28.893099 -153.633545
v 195.326996 28.893099 -153.633545
v 195.326996 32.485733 -153.633545
v 192.450089 32.485733 -153.633545
v 192.450089 28.893099 -153.633545
v 192.450089 32.485733 -156.510452
v 192.450089 28.893099 -156.510452
v 192.450089 28.893099 -153.633545
v 192.450089 32.485733 -153.633545
v 195.326996 28.893099 -156.510452
v 195.326996 32.485733 -153.633545
v 195.326996 28.893099 -153.633545
v 195.326996 28.893099 -156.510452
v 195.326996 32.485733 -156.510452
v 195.326996 32.485733 -153.633545
vn -0.0000 -0.0000 -1.0000
vn -0.0000 -0.0000 1.0000
vn 1.0000 -0.0000 -0.0000
vn -1.0000 -0.0000 -0.0000
vn -0.9829 0.1841 -0.0000
vn -0.0000 0.5553 0.8316
vn -0.0000 0.1841 0.9829
vn -0.0000 0.5553 -0.8316
vn -0.0000 0.1841 -0.9829
vn 0.8316 0.5553 -0.0000
vn -0.8316 0.5553 -0.0000
vn 0.9829 0.1841 -0.0000
vn -0.0000 -1.0000 -0.0000
vt 0.966797 -0.966797
vt 0.966797 6.517578
vt 0.000000 6.517578
vt 0.000000 -0.966797
vt 7.953125 -0.966797
vt 8.951172 6.519531
vt 8.951172 -0.966797
vt 7.953125 6.519531
vt 0.000000 2.152344
vt 0.966797 2.152344
vt 10.947266 2.152344
vt 10.947266 -0.966797
vt 9.949219 2.152344
vt 9.949219 -0.966797
vt 1.964844 -0.218750
vt 1.216797 3.773438
vt 0.468750 -0.218750
vt 0.466797 -0.218750
vt 2.464844 -0.966797
vt 2.462891 -0.966797
vt 0.134766 1.861328
vt 0.468750 1.861328
vt 0.468750 2.193359
vt 0.134766 2.193359
vt 0.966797 -0.982422
vt 0.000000 0.000000
vt 0.000000 -0.982422
vt 0.966797 0.000000
s 1
usemtl Material_0.098
f 10097/2553/1183 10098/2554/1183 10099/2555/1183
f 10100/2553/1183 10101/2555/1183 10102/2556/1183
f 10103/2556/1184 10104/2555/1184 10105/2554/1184
f 10106/2556/1184 10107/2554/1184 10108/2553/1184
f 10109/2557/1185 10110/2558/1185 10111/2559/1185
f 10112/2557/1185 10113/2560/1185 10114/2558/1185
f 10115/2559/1186 10116/2558/1186 10117/2560/1186
f 10118/2559/1186 10119/2560/1186 10120/2557/1186
f 10121/2553/1183 10122/2556/1183 10123/2561/1183
f 10124/2562/1183 10125/2553/1183 10126/2561/1183
f 10127/2561/1184 10128/2556/1184 10129/2562/1184
f 10130/2556/1184 10131/2553/1184 10132/2562/1184
f 10133/2563/1185 10134/2564/1185 10135/2565/1185
f 10136/2564/1185 10137/2566/1185 10138/2565/1185
f 10139/2566/1186 10140/2564/1186 10141/2563/1186
f 10142/2565/1186 10143/2566/1186 10144/2563/1186
usemtl Material_1.098
f 10145/2567/1187 10146/2568/1187 10147/2569/1187
f 10148/2556/1188 10149/2567/1188 10150/2570/1188
f 10151/2556/1188 10152/2571/1188 10153/2567/1188
f 10154/2568/1189 10155/2569/1189 10156/2567/1189
f 10157/2556/1190 10158/2571/1190 10159/2567/1190
f 10160/2556/1190 10161/2567/1190 10162/2569/1190
f 10163/2568/1191 10164/2569/1191 10165/2567/1191
f 10166/2556/1192 10167/2571/1192 10168/2569/1192
f 10169/2571/1192 10170/2567/1192 10171/2569/1192
f 10172/2567/1193 10173/2569/1193 10174/2556/1193
f 10175/2567/1193 10176/2556/1193 10177/2572/1193
f 10178/2567/1194 10179/2568/1194 10180/2569/1194
f 10181/2573/1195 10182/2574/1195 10183/2575/1195
f 10184/2573/1195 10185/2575/1195 10186/2576/1195
usemtl Material_3.098
f 10187/2577/1183 10188/2578/1183 10189/2579/1183
f 10190/2577/1183 10191/2580/1183 10188/2578/1183
f 10192/2579/1184 10193/2580/1184 10194/2577/1184
f 10195/2579/1184 10196/2578/1184 10197/2580/1184
f 10198/2577/1186 10199/2578/1186 10200/2579/1186
f 10201/2577/1186 10202/2580/1186 10199/2578/1186
f 10203/2579/1185 10204/2580/1185 10205/2577/1185
f 10206/2579/1185 10207/2578/1185 10208/2580/1185
o node.092
v 185.469101 7.340806 -156.510452
v 185.469101 28.893099 -156.510452
v 188.346008 28.893099 -156.510452
v 185.469101 7.340806 -156.510452
v 188.346008 28.893099 -156.510452
v 188.346008 7.340806 -156.510452
v 188.346008 7.340806 -153.633545
v 188.346008 28.893099 -153.633545
v 185.469101 28.893099 -153.633545
v 188.346008 7.340806 -153.633545
v 185.469101 28.893099 -153.633545
v 185.469101 7.340806 -153.633545
v 188.346008 7.340806 -156.510452
v 188.346008 28.893099 -153.633545
v 188.346008 7.340806 -153.633545
v 188.346008 7.340806 -156.510452
v 188.346008 28.893099 -156.510452
v 188.346008 28.893099 -153.633545
v 185.469101 7.340806 -153.633545
v 185.469101 28.893099 -153.633545
v 185.469101 28.893099 -156.510452
v 185.469101 7.340806 -153.633545
v 185.469101 28.893099 -156.510452
v 185.469101 7.340806 -156.510452
v 188.346008 -1.640780 -156.510452
v 185.469101 -1.640780 -156.510452
v 185.469101 7.340806 -156.510452
v 188.346008 7.340806 -156.510452
v 188.346008 -1.640780 -156.510452
v 185.469101 7.340806 -156.510452
v 185.469101 7.340806 -153.633545
v 185.469101 -1.640779 -153.633545
v 188.346008 7.340806 -153.633545
v 185.469101 -1.640779 -153.633545
v 188.346008 -1.640779 -153.633545
v 188.346008 7.340806 -153.633545
v 188.346008 7.340806 -153.633545
v 188.346008 -1.640779 -153.633545
v 188.346008 7.340806 -156.510452
v 188.346008 -1.640779 -153.633545
v 188.346008 -1.640780 -156.510452
v 188.346008 7.340806 -156.510452
v 185.469101 -1.640780 -156.510452
v 185.469101 -1.640779 -153.633545
v 185.469101 7.340806 -153.633545
v 185.469101 7.340806 -156.510452
v 185.469101 -1.640780 -156.510452
v 185.469101 7.340806 -153.633545
v 185.830475 33.562820 -153.994919
v 186.907562 39.313141 -155.072006
v 185.830475 33.562820 -156.149094
v 185.111237 32.485733 -153.275681
v 187.984650 33.562820 -153.994919
v 185.830475 33.562820 -153.994919
v 185.111237 32.485733 -153.275681
v 188.703873 32.485733 -153.275681
v 187.984650 33.562820 -153.994919
v 186.907562 39.313141 -155.072006
v 185.830475 33.562820 -153.994919
v 187.984650 33.562820 -153.994919
v 188.703873 32.485733 -156.868317
v 185.111237 32.485733 -156.868317
v 185.830475 33.562820 -156.149094
v 188.703873 32.485733 -156.868317
v 185.830475 33.562820 -156.149094
v 187.984650 33.562820 -156.149094
v 186.907562 39.313141 -155.072006
v 187.984650 33.562820 -156.149094
v 185.830475 33.562820 -156.149094
v 188.703873 32.485733 -153.275681
v 188.703873 32.485733 -156.868317
v 187.984650 33.562820 -153.994919
v 188.703873 32.485733 -156.868317
v 187.984650 33.562820 -156.149094
v 187.984650 33.562820 -153.994919
v 185.830475 33.562820 -153.994919
v 185.830475 33.562820 -156.149094
v 185.111237 32.485733 -156.868317
v 185.830475 33.562820 -153.994919
v 185.111237 32.485733 -156.868317
v 185.111237 32.485733 -153.275681
v 187.984650 33.562820 -156.149094
v 186.907562 39.313141 -155.072006
v 187.984650 33.562820 -153.994919
v 185.111237 32.485733 -156.868317
v 188.703873 32.485733 -156.868317
v 188.703873 32.485733 -153.275681
v 185.111237 32.485733 -156.868317
v 188.703873 32.485733 -153.275681
v 185.111237 32.485733 -153.275681
v 185.469101 28.893099 -156.510452
v 188.346008 32.485733 -156.510452
v 188.346008 28.893099 -156.510452
v 185.469101 28.893099 -156.510452
v 185.469101 32.485733 -156.510452
v 188.346008 28.893099 -153.633545
v 185.469101 32.485733 -153.633545
v 185.469101 28.893099 -153.633545
v 188.346008 28.893099 -153.633545
v 188.346008 32.485733 -153.633545
v 185.469101 32.485733 -153.633545
v 185.469101 28.893099 -153.633545
v 185.469101 32.485733 -156.510452
v 185.469101 28.893099 -156.510452
v 185.469101 28.893099 -153.633545
v 185.469101 32.485733 -153.633545
v 188.346008 28.893099 -156.510452
v 188.346008 32.485733 -153.633545
v 188.346008 28.893099 -153.633545
v 188.346008 28.893099 -156.510452
v 188.346008 32.485733 -156.510452
v 188.346008 32.485733 -153.633545
vn -0.0000 -0.0000 -1.0000
vn -0.0000 -0.0000 1.0000
vn 1.0000 -0.0000 -0.0000
vn -1.0000 -0.0000 -0.0000
vn -0.9829 0.1841 -0.0000
vn -0.0000 0.5553 0.8316
vn -0.0000 0.1841 0.9829
vn -0.0000 0.5553 -0.8316
vn -0.0000 0.1841 -0.9829
vn 0.8316 0.5553 -0.0000
vn -0.8316 0.5553 -0.0000
vn 0.9829 0.1841 -0.0000
vn -0.0000 -1.0000 -0.0000
vt 0.966797 -0.966797
vt 0.966797 6.517578
vt 0.000000 6.517578
vt 0.000000 -0.966797
vt 7.953125 -0.966797
vt 8.951172 6.519531
vt 8.951172 -0.966797
vt 7.953125 6.519531
vt 0.000000 2.152344
vt 0.966797 2.152344
vt 10.947266 2.152344
vt 10.947266 -0.966797
vt 9.949219 2.152344
vt 9.949219 -0.966797
vt 1.964844 -0.218750
vt 1.216797 3.773438
vt 0.468750 -0.218750
vt 0.466797 -0.218750
vt 2.464844 -0.966797
vt 2.462891 -0.966797
vt 0.134766 1.861328
vt 0.468750 1.861328
vt 0.468750 2.193359
vt 0.134766 2.193359
vt 0.966797 -0.982422
vt 0.000000 0.000000
vt 0.000000 -0.982422
vt 0.966797 0.000000
s 1
usemtl Material_0.099
f 10209/2581/1196 10210/2582/1196 10211/2583/1196
f 10212/2581/1196 10213/2583/1196 10214/2584/1196
f 10215/2584/1197 10216/2583/1197 10217/2582/1197
f 10218/2584/1197 10219/2582/1197 10220/2581/1197
f 10221/2585/1198 10222/2586/1198 10223/2587/1198
f 10224/2585/1198 10225/2588/1198 10226/2586/1198
f 10227/2587/1199 10228/2586/1199 10229/2588/1199
f 10230/2587/1199 10231/2588/1199 10232/2585/1199
f 10233/2581/1196 10234/2584/1196 10235/2589/1196
f 10236/2590/1196 10237/2581/1196 10238/2589/1196
f 10239/2589/1197 10240/2584/1197 10241/2590/1197
f 10242/2584/1197 10243/2581/1197 10244/2590/1197
f 10245/2591/1198 10246/2592/1198 10247/2593/1198
f 10248/2592/1198 10249/2594/1198 10250/2593/1198
f 10251/2594/1199 10252/2592/1199 10253/2591/1199
f 10254/2593/1199 10255/2594/1199 10256/2591/1199
usemtl Material_1.099
f 10257/2595/1200 10258/2596/1200 10259/2597/1200
f 10260/2584/1201 10261/2595/1201 10262/2598/1201
f 10263/2584/1201 10264/2599/1201 10265/2595/1201
f 10266/2596/1202 10267/2597/1202 10268/2595/1202
f 10269/2584/1203 10270/2599/1203 10271/2595/1203
f 10272/2584/1203 10273/2595/1203 10274/2597/1203
f 10275/2596/1204 10276/2597/1204 10277/2595/1204
f 10278/2584/1205 10279/2599/1205 10280/2597/1205
f 10281/2599/1205 10282/2595/1205 10283/2597/1205
f 10284/2595/1206 10285/2597/1206 10286/2584/1206
f 10287/2595/1206 10288/2584/1206 10289/2600/1206
f 10290/2595/1207 10291/2596/1207 10292/2597/1207
f 10293/2601/1208 10294/2602/1208 10295/2603/1208
f 10296/2601/1208 10297/2603/1208 10298/2604/1208
usemtl Material_3.099
f 10299/2605/1196 10300/2606/1196 10301/2607/1196
f 10302/2605/1196 10303/2608/1196 10300/2606/1196
f 10304/2607/1197 10305/2608/1197 10306/2605/1197
f 10307/2607/1197 10308/2606/1197 10309/2608/1197
f 10310/2605/1199 10311/2606/1199 10312/2607/1199
f 10313/2605/1199 10314/2608/1199 10311/2606/1199
f 10315/2607/1198 10316/2608/1198 10317/2605/1198
f 10318/2607/1198 10319/2606/1198 10320/2608/1198
o node.093
v 178.469742 7.340806 -156.510452
v 178.469742 28.893099 -156.510452
v 181.346649 28.893099 -156.510452
v 178.469742 7.340806 -156.510452
v 181.346649 28.893099 -156.510452
v 181.346649 7.340806 -156.510452
v 181.346649 7.340806 -153.633545
v 181.346649 28.893099 -153.633545
v 178.469742 28.893099 -153.633545
v 181.346649 7.340806 -153.633545
v 178.469742 28.893099 -153.633545
v 178.469742 7.340806 -153.633545
v 181.346649 7.340806 -156.510452
v 181.346649 28.893099 -153.633545
v 181.346649 7.340806 -153.633545
v 181.346649 7.340806 -156.510452
v 181.346649 28.893099 -156.510452
v 181.346649 28.893099 -153.633545
v 178.469742 7.340806 -153.633545
v 178.469742 28.893099 -153.633545
v 178.469742 28.893099 -156.510452
v 178.469742 7.340806 -153.633545
v 178.469742 28.893099 -156.510452
v 178.469742 7.340806 -156.510452
v 181.346649 -1.640780 -156.510452
v 178.469742 -1.640780 -156.510452
v 178.469742 7.340806 -156.510452
v 181.346649 7.340806 -156.510452
v 181.346649 -1.640780 -156.510452
v 178.469742 7.340806 -156.510452
v 178.469742 7.340806 -153.633545
v 178.469742 -1.640779 -153.633545
v 181.346649 7.340806 -153.633545
v 178.469742 -1.640779 -153.633545
v 181.346649 -1.640779 -153.633545
v 181.346649 7.340806 -153.633545
v 181.346649 7.340806 -153.633545
v 181.346649 -1.640779 -153.633545
v 181.346649 7.340806 -156.510452
v 181.346649 -1.640779 -153.633545
v 181.346649 -1.640780 -156.510452
v 181.346649 7.340806 -156.510452
v 178.469742 -1.640780 -156.510452
v 178.469742 -1.640779 -153.633545
v 178.469742 7.340806 -153.633545
v 178.469742 7.340806 -156.510452
v 178.469742 -1.640780 -156.510452
v 178.469742 7.340806 -153.633545
v 178.831116 33.562820 -153.994919
v 179.908203 39.313141 -155.072006
v 178.831116 33.562820 -156.149094
v 178.111877 32.485733 -153.275681
v 180.985291 33.562820 -153.994919
v 178.831116 33.562820 -153.994919
v 178.111877 32.485733 -153.275681
v 181.704514 32.485733 -153.275681
v 180.985291 33.562820 -153.994919
v 179.908203 39.313141 -155.072006
v 178.831116 33.562820 -153.994919
v 180.985291 33.562820 -153.994919
v 181.704514 32.485733 -156.868317
v 178.111877 32.485733 -156.868317
v 178.831116 33.562820 -156.149094
v 181.704514 32.485733 -156.868317
v 178.831116 33.562820 -156.149094
v 180.985291 33.562820 -156.149094
v 179.908203 39.313141 -155.072006
v 180.985291 33.562820 -156.149094
v 178.831116 33.562820 -156.149094
v 181.704514 32.485733 -153.275681
v 181.704514 32.485733 -156.868317
v 180.985291 33.562820 -153.994919
v 181.704514 32.485733 -156.868317
v 180.985291 33.562820 -156.149094
v 180.985291 33.562820 -153.994919
v 178.831116 33.562820 -153.994919
v 178.831116 33.562820 -156.149094
v 178.111877 32.485733 -156.868317
v 178.831116 33.562820 -153.994919
v 178.111877 32.485733 -156.868317
v 178.111877 32.485733 -153.275681
v 180.985291 33.562820 -156.149094
v 179.908203 39.313141 -155.072006
v 180.985291 33.562820 -153.994919
v 178.111877 32.485733 -156.868317
v 181.704514 32.485733 -156.868317
v 181.704514 32.485733 -153.275681
v 178.111877 32.485733 -156.868317
v 181.704514 32.485733 -153.275681
v 178.111877 32.485733 -153.275681
v 178.469742 28.893099 -156.510452
v 181.346649 32.485733 -156.510452
v 181.346649 28.893099 -156.510452
v 178.469742 28.893099 -156.510452
v 178.469742 32.485733 -156.510452
v 181.346649 28.893099 -153.633545
v 178.469742 32.485733 -153.633545
v 178.469742 28.893099 -153.633545
v 181.346649 28.893099 -153.633545
v 181.346649 32.485733 -153.633545
v 178.469742 32.485733 -153.633545
v 178.469742 28.893099 -153.633545
v 178.469742 32.485733 -156.510452
v 178.469742 28.893099 -156.510452
v 178.469742 28.893099 -153.633545
v 178.469742 32.485733 -153.633545
v 181.346649 28.893099 -156.510452
v 181.346649 32.485733 -153.633545
v 181.346649 28.893099 -153.633545
v 181.346649 28.893099 -156.510452
v 181.346649 32.485733 -156.510452
v 181.346649 32.485733 -153.633545
vn -0.0000 -0.0000 -1.0000
vn -0.0000 -0.0000 1.0000
vn 1.0000 -0.0000 -0.0000
vn -1.0000 -0.0000 -0.0000
vn -0.9829 0.1841 -0.0000
vn -0.0000 0.5553 0.8316
vn -0.0000 0.1841 0.9829
vn -0.0000 0.5553 -0.8316
vn -0.0000 0.1841 -0.9829
vn 0.8316 0.5553 -0.0000
vn -0.8316 0.5553 -0.0000
vn 0.9829 0.1841 -0.0000
vn -0.0000 -1.0000 -0.0000
vt 0.966797 -0.966797
vt 0.966797 6.517578
vt 0.000000 6.517578
vt 0.000000 -0.966797
vt 7.953125 -0.966797
vt 8.951172 6.519531
vt 8.951172 -0.966797
vt 7.953125 6.519531
vt 0.000000 2.152344
vt 0.966797 2.152344
vt 10.947266 2.152344
vt 10.947266 -0.966797
vt 9.949219 2.152344
vt 9.949219 -0.966797
vt 1.964844 -0.218750
vt 1.216797 3.773438
vt 0.468750 -0.218750
vt 0.466797 -0.218750
vt 2.464844 -0.966797
vt 2.462891 -0.966797
vt 0.134766 1.861328
vt 0.468750 1.861328
vt 0.468750 2.193359
vt 0.134766 2.193359
vt 0.966797 -0.982422
vt 0.000000 0.000000
vt 0.000000 -0.982422
vt 0.966797 0.000000
s 1
usemtl Material_0.100
f 10321/2609/1209 10322/2610/1209 10323/2611/1209
f 10324/2609/1209 10325/2611/1209 10326/2612/1209
f 10327/2612/1210 10328/2611/1210 10329/2610/1210
f 10330/2612/1210 10331/2610/1210 10332/2609/1210
f 10333/2613/1211 10334/2614/1211 10335/2615/1211
f 10336/2613/1211 10337/2616/1211 10338/2614/1211
f 10339/2615/1212 10340/2614/1212 10341/2616/1212
f 10342/2615/1212 10343/2616/1212 10344/2613/1212
f 10345/2609/1209 10346/2612/1209 10347/2617/1209
f 10348/2618/1209 10349/2609/1209 10350/2617/1209
f 10351/2617/1210 10352/2612/1210 10353/2618/1210
f 10354/2612/1210 10355/2609/1210 10356/2618/1210
f 10357/2619/1211 10358/2620/1211 10359/2621/1211
f 10360/2620/1211 10361/2622/1211 10362/2621/1211
f 10363/2622/1212 10364/2620/1212 10365/2619/1212
f 10366/2621/1212 10367/2622/1212 10368/2619/1212
usemtl Material_1.100
f 10369/2623/1213 10370/2624/1213 10371/2625/1213
f 10372/2612/1214 10373/2623/1214 10374/2626/1214
f 10375/2612/1214 10376/2627/1214 10377/2623/1214
f 10378/2624/1215 10379/2625/1215 10380/2623/1215
f 10381/2612/1216 10382/2627/1216 10383/2623/1216
f 10384/2612/1216 10385/2623/1216 10386/2625/1216
f 10387/2624/1217 10388/2625/1217 10389/2623/1217
f 10390/2612/1218 10391/2627/1218 10392/2625/1218
f 10393/2627/1218 10394/2623/1218 10395/2625/1218
f 10396/2623/1219 10397/2625/1219 10398/2612/1219
f 10399/2623/1219 10400/2612/1219 10401/2628/1219
f 10402/2623/1220 10403/2624/1220 10404/2625/1220
f 10405/2629/1221 10406/2630/1221 10407/2631/1221
f 10408/2629/1221 10409/2631/1221 10410/2632/1221
usemtl Material_3.100
f 10411/2633/1209 10412/2634/1209 10413/2635/1209
f 10414/2633/1209 10415/2636/1209 10412/2634/1209
f 10416/2635/1210 10417/2636/1210 10418/2633/1210
f 10419/2635/1210 10420/2634/1210 10421/2636/1210
f 10422/2633/1212 10423/2634/1212 10424/2635/1212
f 10425/2633/1212 10426/2636/1212 10423/2634/1212
f 10427/2635/1211 10428/2636/1211 10429/2633/1211
f 10430/2635/1211 10431/2634/1211 10432/2636/1211
o node.094
v 171.844040 7.340806 -156.510452
v 171.844040 28.893099 -156.510452
v 174.720947 28.893099 -156.510452
v 171.844040 7.340806 -156.510452
v 174.720947 28.893099 -156.510452
v 174.720947 7.340806 -156.510452
v 174.720947 7.340806 -153.633545
v 174.720947 28.893099 -153.633545
v 171.844040 28.893099 -153.633545
v 174.720947 7.340806 -153.633545
v 171.844040 28.893099 -153.633545
v 171.844040 7.340806 -153.633545
v 174.720947 7.340806 -156.510452
v 174.720947 28.893099 -153.633545
v 174.720947 7.340806 -153.633545
v 174.720947 7.340806 -156.510452
v 174.720947 28.893099 -156.510452
v 174.720947 28.893099 -153.633545
v 171.844040 7.340806 -153.633545
v 171.844040 28.893099 -153.633545
v 171.844040 28.893099 -156.510452
v 171.844040 7.340806 -153.633545
v 171.844040 28.893099 -156.510452
v 171.844040 7.340806 -156.510452
v 174.720947 -1.640780 -156.510452
v 171.844040 -1.640780 -156.510452
v 171.844040 7.340806 -156.510452
v 174.720947 7.340806 -156.510452
v 174.720947 -1.640780 -156.510452
v 171.844040 7.340806 -156.510452
v 171.844040 7.340806 -153.633545
v 171.844040 -1.640779 -153.633545
v 174.720947 7.340806 -153.633545
v 171.844040 -1.640779 -153.633545
v 174.720947 -1.640779 -153.633545
v 174.720947 7.340806 -153.633545
v 174.720947 7.340806 -153.633545
v 174.720947 -1.640779 -153.633545
v 174.720947 7.340806 -156.510452
v 174.720947 -1.640779 -153.633545
v 174.720947 -1.640780 -156.510452
v 174.720947 7.340806 -156.510452
v 171.844040 -1.640780 -156.510452
v 171.844040 -1.640779 -153.633545
v 171.844040 7.340806 -153.633545
v 171.844040 7.340806 -156.510452
v 171.844040 -1.640780 -156.510452
v 171.844040 7.340806 -153.633545
v 172.205414 33.562820 -153.994919
v 173.282501 39.313141 -155.072006
v 172.205414 33.562820 -156.149094
v 171.486176 32.485733 -153.275681
v 174.359589 33.562820 -153.994919
v 172.205414 33.562820 -153.994919
v 171.486176 32.485733 -153.275681
v 175.078812 32.485733 -153.275681
v 174.359589 33.562820 -153.994919
v 173.282501 39.313141 -155.072006
v 172.205414 33.562820 -153.994919
v 174.359589 33.562820 -153.994919
v 175.078812 32.485733 -156.868317
v 171.486176 32.485733 -156.868317
v 172.205414 33.562820 -156.149094
v 175.078812 32.485733 -156.868317
v 172.205414 33.562820 -156.149094
v 174.359589 33.562820 -156.149094
v 173.282501 39.313141 -155.072006
v 174.359589 33.562820 -156.149094
v 172.205414 33.562820 -156.149094
v 175.078812 32.485733 -153.275681
v 175.078812 32.485733 -156.868317
v 174.359589 33.562820 -153.994919
v 175.078812 32.485733 -156.868317
v 174.359589 33.562820 -156.149094
v 174.359589 33.562820 -153.994919
v 172.205414 33.562820 -153.994919
v 172.205414 33.562820 -156.149094
v 171.486176 32.485733 -156.868317
v 172.205414 33.562820 -153.994919
v 171.486176 32.485733 -156.868317
v 171.486176 32.485733 -153.275681
v 174.359589 33.562820 -156.149094
v 173.282501 39.313141 -155.072006
v 174.359589 33.562820 -153.994919
v 171.486176 32.485733 -156.868317
v 175.078812 32.485733 -156.868317
v 175.078812 32.485733 -153.275681
v 171.486176 32.485733 -156.868317
v 175.078812 32.485733 -153.275681
v 171.486176 32.485733 -153.275681
v 171.844040 28.893099 -156.510452
v 174.720947 32.485733 -156.510452
v 174.720947 28.893099 -156.510452
v 171.844040 28.893099 -156.510452
v 171.844040 32.485733 -156.510452
v 174.720947 28.893099 -153.633545
v 171.844040 32.485733 -153.633545
v 171.844040 28.893099 -153.633545
v 174.720947 28.893099 -153.633545
v 174.720947 32.485733 -153.633545
v 171.844040 32.485733 -153.633545
v 171.844040 28.893099 -153.633545
v 171.844040 32.485733 -156.510452
v 171.844040 28.893099 -156.510452
v 171.844040 28.893099 -153.633545
v 171.844040 32.485733 -153.633545
v 174.720947 28.893099 -156.510452
v 174.720947 32.485733 -153.633545
v 174.720947 28.893099 -153.633545
v 174.720947 28.893099 -156.510452
v 174.720947 32.485733 -156.510452
v 174.720947 32.485733 -153.633545
vn -0.0000 -0.0000 -1.0000
vn -0.0000 -0.0000 1.0000
vn 1.0000 -0.0000 -0.0000
vn -1.0000 -0.0000 -0.0000
vn -0.9829 0.1841 -0.0000
vn -0.0000 0.5553 0.8316
vn -0.0000 0.1841 0.9829
vn -0.0000 0.5553 -0.8316
vn -0.0000 0.1841 -0.9829
vn 0.8316 0.5553 -0.0000
vn -0.8316 0.5553 -0.0000
vn 0.9829 0.1841 -0.0000
vn -0.0000 -1.0000 -0.0000
vt 0.966797 -0.966797
vt 0.966797 6.517578
vt 0.000000 6.517578
vt 0.000000 -0.966797
vt 7.953125 -0.966797
vt 8.951172 6.519531
vt 8.951172 -0.966797
vt 7.953125 6.519531
vt 0.000000 2.152344
vt 0.966797 2.152344
vt 10.947266 2.152344
vt 10.947266 -0.966797
vt 9.949219 2.152344
vt 9.949219 -0.966797
vt 1.964844 -0.218750
vt 1.216797 3.773438
vt 0.468750 -0.218750
vt 0.466797 -0.218750
vt 2.464844 -0.966797
vt 2.462891 -0.966797
vt 0.134766 1.861328
vt 0.468750 1.861328
vt 0.468750 2.193359
vt 0.134766 2.193359
vt 0.966797 -0.982422
vt 0.000000 0.000000
vt 0.000000 -0.982422
vt 0.966797 0.000000
s 1
usemtl Material_0.101
f 10433/2637/1222 10434/2638/1222 10435/2639/1222
f 10436/2637/1222 10437/2639/1222 10438/2640/1222
f 10439/2640/1223 10440/2639/1223 10441/2638/1223
f 10442/2640/1223 10443/2638/1223 10444/2637/1223
f 10445/2641/1224 10446/2642/1224 10447/2643/1224
f 10448/2641/1224 10449/2644/1224 10450/2642/1224
f 10451/2643/1225 10452/2642/1225 10453/2644/1225
f 10454/2643/1225 10455/2644/1225 10456/2641/1225
f 10457/2637/1222 10458/2640/1222 10459/2645/1222
f 10460/2646/1222 10461/2637/1222 10462/2645/1222
f 10463/2645/1223 10464/2640/1223 10465/2646/1223
f 10466/2640/1223 10467/2637/1223 10468/2646/1223
f 10469/2647/1224 10470/2648/1224 10471/2649/1224
f 10472/2648/1224 10473/2650/1224 10474/2649/1224
f 10475/2650/1225 10476/2648/1225 10477/2647/1225
f 10478/2649/1225 10479/2650/1225 10480/2647/1225
usemtl Material_1.101
f 10481/2651/1226 10482/2652/1226 10483/2653/1226
f 10484/2640/1227 10485/2651/1227 10486/2654/1227
f 10487/2640/1227 10488/2655/1227 10489/2651/1227
f 10490/2652/1228 10491/2653/1228 10492/2651/1228
f 10493/2640/1229 10494/2655/1229 10495/2651/1229
f 10496/2640/1229 10497/2651/1229 10498/2653/1229
f 10499/2652/1230 10500/2653/1230 10501/2651/1230
f 10502/2640/1231 10503/2655/1231 10504/2653/1231
f 10505/2655/1231 10506/2651/1231 10507/2653/1231
f 10508/2651/1232 10509/2653/1232 10510/2640/1232
f 10511/2651/1232 10512/2640/1232 10513/2656/1232
f 10514/2651/1233 10515/2652/1233 10516/2653/1233
f 10517/2657/1234 10518/2658/1234 10519/2659/1234
f 10520/2657/1234 10521/2659/1234 10522/2660/1234
usemtl Material_3.101
f 10523/2661/1222 10524/2662/1222 10525/2663/1222
f 10526/2661/1222 10527/2664/1222 10524/2662/1222
f 10528/2663/1223 10529/2664/1223 10530/2661/1223
f 10531/2663/1223 10532/2662/1223 10533/2664/1223
f 10534/2661/1225 10535/2662/1225 10536/2663/1225
f 10537/2661/1225 10538/2664/1225 10535/2662/1225
f 10539/2663/1224 10540/2664/1224 10541/2661/1224
f 10542/2663/1224 10543/2662/1224 10544/2664/1224
o node.095
v 245.883621 7.340806 -176.422455
v 245.883621 28.893099 -176.422455
v 248.760529 28.893099 -176.422455
v 245.883621 7.340806 -176.422455
v 248.760529 28.893099 -176.422455
v 248.760529 7.340806 -176.422455
v 248.760529 7.340806 -173.545547
v 248.760529 28.893099 -173.545547
v 245.883621 28.893099 -173.545547
v 248.760529 7.340806 -173.545547
v 245.883621 28.893099 -173.545547
v 245.883621 7.340806 -173.545547
v 248.760529 7.340806 -176.422455
v 248.760529 28.893099 -173.545547
v 248.760529 7.340806 -173.545547
v 248.760529 7.340806 -176.422455
v 248.760529 28.893099 -176.422455
v 248.760529 28.893099 -173.545547
v 245.883621 7.340806 -173.545547
v 245.883621 28.893099 -173.545547
v 245.883621 28.893099 -176.422455
v 245.883621 7.340806 -173.545547
v 245.883621 28.893099 -176.422455
v 245.883621 7.340806 -176.422455
v 248.760529 -1.640780 -176.422455
v 245.883621 -1.640780 -176.422455
v 245.883621 7.340806 -176.422455
v 248.760529 7.340806 -176.422455
v 248.760529 -1.640780 -176.422455
v 245.883621 7.340806 -176.422455
v 245.883621 7.340806 -173.545547
v 245.883621 -1.640779 -173.545547
v 248.760529 7.340806 -173.545547
v 245.883621 -1.640779 -173.545547
v 248.760529 -1.640779 -173.545547
v 248.760529 7.340806 -173.545547
v 248.760529 7.340806 -173.545547
v 248.760529 -1.640779 -173.545547
v 248.760529 7.340806 -176.422455
v 248.760529 -1.640779 -173.545547
v 248.760529 -1.640780 -176.422455
v 248.760529 7.340806 -176.422455
v 245.883621 -1.640780 -176.422455
v 245.883621 -1.640779 -173.545547
v 245.883621 7.340806 -173.545547
v 245.883621 7.340806 -176.422455
v 245.883621 -1.640780 -176.422455
v 245.883621 7.340806 -173.545547
v 246.244995 33.562820 -173.906921
v 247.322083 39.313141 -174.984009
v 246.244995 33.562820 -176.061096
v 245.525757 32.485733 -173.187683
v 248.399170 33.562820 -173.906921
v 246.244995 33.562820 -173.906921
v 245.525757 32.485733 -173.187683
v 249.118393 32.485733 -173.187683
v 248.399170 33.562820 -173.906921
v 247.322083 39.313141 -174.984009
v 246.244995 33.562820 -173.906921
v 248.399170 33.562820 -173.906921
v 249.118393 32.485733 -176.780319
v 245.525757 32.485733 -176.780319
v 246.244995 33.562820 -176.061096
v 249.118393 32.485733 -176.780319
v 246.244995 33.562820 -176.061096
v 248.399170 33.562820 -176.061096
v 247.322083 39.313141 -174.984009
v 248.399170 33.562820 -176.061096
v 246.244995 33.562820 -176.061096
v 249.118393 32.485733 -173.187683
v 249.118393 32.485733 -176.780319
v 248.399170 33.562820 -173.906921
v 249.118393 32.485733 -176.780319
v 248.399170 33.562820 -176.061096
v 248.399170 33.562820 -173.906921
v 246.244995 33.562820 -173.906921
v 246.244995 33.562820 -176.061096
v 245.525757 32.485733 -176.780319
v 246.244995 33.562820 -173.906921
v 245.525757 32.485733 -176.780319
v 245.525757 32.485733 -173.187683
v 248.399170 33.562820 -176.061096
v 247.322083 39.313141 -174.984009
v 248.399170 33.562820 -173.906921
v 245.525757 32.485733 -176.780319
v 249.118393 32.485733 -176.780319
v 249.118393 32.485733 -173.187683
v 245.525757 32.485733 -176.780319
v 249.118393 32.485733 -173.187683
v 245.525757 32.485733 -173.187683
v 245.883621 28.893099 -176.422455
v 248.760529 32.485733 -176.422455
v 248.760529 28.893099 -176.422455
v 245.883621 28.893099 -176.422455
v 245.883621 32.485733 -176.422455
v 248.760529 28.893099 -173.545547
v 245.883621 32.485733 -173.545547
v 245.883621 28.893099 -173.545547
v 248.760529 28.893099 -173.545547
v 248.760529 32.485733 -173.545547
v 245.883621 32.485733 -173.545547
v 245.883621 28.893099 -173.545547
v 245.883621 32.485733 -176.422455
v 245.883621 28.893099 -176.422455
v 245.883621 28.893099 -173.545547
v 245.883621 32.485733 -173.545547
v 248.760529 28.893099 -176.422455
v 248.760529 32.485733 -173.545547
v 248.760529 28.893099 -173.545547
v 248.760529 28.893099 -176.422455
v 248.760529 32.485733 -176.422455
v 248.760529 32.485733 -173.545547
vn -0.0000 -0.0000 -1.0000
vn -0.0000 -0.0000 1.0000
vn 1.0000 -0.0000 -0.0000
vn -1.0000 -0.0000 -0.0000
vn -0.9829 0.1841 -0.0000
vn -0.0000 0.5553 0.8316
vn -0.0000 0.1841 0.9829
vn -0.0000 0.5553 -0.8316
vn -0.0000 0.1841 -0.9829
vn 0.8316 0.5553 -0.0000
vn -0.8316 0.5553 -0.0000
vn 0.9829 0.1841 -0.0000
vn -0.0000 -1.0000 -0.0000
vt 0.966797 -0.966797
vt 0.966797 6.517578
vt 0.000000 6.517578
vt 0.000000 -0.966797
vt 7.953125 -0.966797
vt 8.951172 6.519531
vt 8.951172 -0.966797
vt 7.953125 6.519531
vt 0.000000 2.152344
vt 0.966797 2.152344
vt 10.947266 2.152344
vt 10.947266 -0.966797
vt 9.949219 2.152344
vt 9.949219 -0.966797
vt 1.964844 -0.218750
vt 1.216797 3.773438
vt 0.468750 -0.218750
vt 0.466797 -0.218750
vt 2.464844 -0.966797
vt 2.462891 -0.966797
vt 0.134766 1.861328
vt 0.468750 1.861328
vt 0.468750 2.193359
vt 0.134766 2.193359
vt 0.966797 -0.982422
vt 0.000000 0.000000
vt 0.000000 -0.982422
vt 0.966797 0.000000
s 1
usemtl Material_0.102
f 10545/2665/1235 10546/2666/1235 10547/2667/1235
f 10548/2665/1235 10549/2667/1235 10550/2668/1235
f 10551/2668/1236 10552/2667/1236 10553/2666/1236
f 10554/2668/1236 10555/2666/1236 10556/2665/1236
f 10557/2669/1237 10558/2670/1237 10559/2671/1237
f 10560/2669/1237 10561/2672/1237 10562/2670/1237
f 10563/2671/1238 10564/2670/1238 10565/2672/1238
f 10566/2671/1238 10567/2672/1238 10568/2669/1238
f 10569/2665/1235 10570/2668/1235 10571/2673/1235
f 10572/2674/1235 10573/2665/1235 10574/2673/1235
f 10575/2673/1236 10576/2668/1236 10577/2674/1236
f 10578/2668/1236 10579/2665/1236 10580/2674/1236
f 10581/2675/1237 10582/2676/1237 10583/2677/1237
f 10584/2676/1237 10585/2678/1237 10586/2677/1237
f 10587/2678/1238 10588/2676/1238 10589/2675/1238
f 10590/2677/1238 10591/2678/1238 10592/2675/1238
usemtl Material_1.102
f 10593/2679/1239 10594/2680/1239 10595/2681/1239
f 10596/2668/1240 10597/2679/1240 10598/2682/1240
f 10599/2668/1240 10600/2683/1240 10601/2679/1240
f 10602/2680/1241 10603/2681/1241 10604/2679/1241
f 10605/2668/1242 10606/2683/1242 10607/2679/1242
f 10608/2668/1242 10609/2679/1242 10610/2681/1242
f 10611/2680/1243 10612/2681/1243 10613/2679/1243
f 10614/2668/1244 10615/2683/1244 10616/2681/1244
f 10617/2683/1244 10618/2679/1244 10619/2681/1244
f 10620/2679/1245 10621/2681/1245 10622/2668/1245
f 10623/2679/1245 10624/2668/1245 10625/2684/1245
f 10626/2679/1246 10627/2680/1246 10628/2681/1246
f 10629/2685/1247 10630/2686/1247 10631/2687/1247
f 10632/2685/1247 10633/2687/1247 10634/2688/1247
usemtl Material_3.102
f 10635/2689/1235 10636/2690/1235 10637/2691/1235
f 10638/2689/1235 10639/2692/1235 10636/2690/1235
f 10640/2691/1236 10641/2692/1236 10642/2689/1236
f 10643/2691/1236 10644/2690/1236 10645/2692/1236
f 10646/2689/1238 10647/2690/1238 10648/2691/1238
f 10649/2689/1238 10650/2692/1238 10647/2690/1238
f 10651/2691/1237 10652/2692/1237 10653/2689/1237
f 10654/2691/1237 10655/2690/1237 10656/2692/1237
o node.096
v 238.353958 7.340806 -176.422455
v 238.353958 28.893099 -176.422455
v 241.230865 28.893099 -176.422455
v 238.353958 7.340806 -176.422455
v 241.230865 28.893099 -176.422455
v 241.230865 7.340806 -176.422455
v 241.230865 7.340806 -173.545547
v 241.230865 28.893099 -173.545547
v 238.353958 28.893099 -173.545547
v 241.230865 7.340806 -173.545547
v 238.353958 28.893099 -173.545547
v 238.353958 7.340806 -173.545547
v 241.230865 7.340806 -176.422455
v 241.230865 28.893099 -173.545547
v 241.230865 7.340806 -173.545547
v 241.230865 7.340806 -176.422455
v 241.230865 28.893099 -176.422455
v 241.230865 28.893099 -173.545547
v 238.353958 7.340806 -173.545547
v 238.353958 28.893099 -173.545547
v 238.353958 28.893099 -176.422455
v 238.353958 7.340806 -173.545547
v 238.353958 28.893099 -176.422455
v 238.353958 7.340806 -176.422455
v 241.230865 -1.640780 -176.422455
v 238.353958 -1.640780 -176.422455
v 238.353958 7.340806 -176.422455
v 241.230865 7.340806 -176.422455
v 241.230865 -1.640780 -176.422455
v 238.353958 7.340806 -176.422455
v 238.353958 7.340806 -173.545547
v 238.353958 -1.640779 -173.545547
v 241.230865 7.340806 -173.545547
v 238.353958 -1.640779 -173.545547
v 241.230865 -1.640779 -173.545547
v 241.230865 7.340806 -173.545547
v 241.230865 7.340806 -173.545547
v 241.230865 -1.640779 -173.545547
v 241.230865 7.340806 -176.422455
v 241.230865 -1.640779 -173.545547
v 241.230865 -1.640780 -176.422455
v 241.230865 7.340806 -176.422455
v 238.353958 -1.640780 -176.422455
v 238.353958 -1.640779 -173.545547
v 238.353958 7.340806 -173.545547
v 238.353958 7.340806 -176.422455
v 238.353958 -1.640780 -176.422455
v 238.353958 7.340806 -173.545547
v 238.715332 33.562820 -173.906921
v 239.792419 39.313141 -174.984009
v 238.715332 33.562820 -176.061096
v 237.996094 32.485733 -173.187683
v 240.869507 33.562820 -173.906921
v 238.715332 33.562820 -173.906921
v 237.996094 32.485733 -173.187683
v 241.588730 32.485733 -173.187683
v 240.869507 33.562820 -173.906921
v 239.792419 39.313141 -174.984009
v 238.715332 33.562820 -173.906921
v 240.869507 33.562820 -173.906921
v 241.588730 32.485733 -176.780319
v 237.996094 32.485733 -176.780319
v 238.715332 33.562820 -176.061096
v 241.588730 32.485733 -176.780319
v 238.715332 33.562820 -176.061096
v 240.869507 33.562820 -176.061096
v 239.792419 39.313141 -174.984009
v 240.869507 33.562820 -176.061096
v 238.715332 33.562820 -176.061096
v 241.588730 32.485733 -173.187683
v 241.588730 32.485733 -176.780319
v 240.869507 33.562820 -173.906921
v 241.588730 32.485733 -176.780319
v 240.869507 33.562820 -176.061096
v 240.869507 33.562820 -173.906921
v 238.715332 33.562820 -173.906921
v 238.715332 33.562820 -176.061096
v 237.996094 32.485733 -176.780319
v 238.715332 33.562820 -173.906921
v 237.996094 32.485733 -176.780319
v 237.996094 32.485733 -173.187683
v 240.869507 33.562820 -176.061096
v 239.792419 39.313141 -174.984009
v 240.869507 33.562820 -173.906921
v 237.996094 32.485733 -176.780319
v 241.588730 32.485733 -176.780319
v 241.588730 32.485733 -173.187683
v 237.996094 32.485733 -176.780319
v 241.588730 32.485733 -173.187683
v 237.996094 32.485733 -173.187683
v 238.353958 28.893099 -176.422455
v 241.230865 32.485733 -176.422455
v 241.230865 28.893099 -176.422455
v 238.353958 28.893099 -176.422455
v 238.353958 32.485733 -176.422455
v 241.230865 28.893099 -173.545547
v 238.353958 32.485733 -173.545547
v 238.353958 28.893099 -173.545547
v 241.230865 28.893099 -173.545547
v 241.230865 32.485733 -173.545547
v 238.353958 32.485733 -173.545547
v 238.353958 28.893099 -173.545547
v 238.353958 32.485733 -176.422455
v 238.353958 28.893099 -176.422455
v 238.353958 28.893099 -173.545547
v 238.353958 32.485733 -173.545547
v 241.230865 28.893099 -176.422455
v 241.230865 32.485733 -173.545547
v 241.230865 28.893099 -173.545547
v 241.230865 28.893099 -176.422455
v 241.230865 32.485733 -176.422455
v 241.230865 32.485733 -173.545547
vn -0.0000 -0.0000 -1.0000
vn -0.0000 -0.0000 1.0000
vn 1.0000 -0.0000 -0.0000
vn -1.0000 -0.0000 -0.0000
vn -0.9829 0.1841 -0.0000
vn -0.0000 0.5553 0.8316
vn -0.0000 0.1841 0.9829
vn -0.0000 0.5553 -0.8316
vn -0.0000 0.1841 -0.9829
vn 0.8316 0.5553 -0.0000
vn -0.8316 0.5553 -0.0000
vn 0.9829 0.1841 -0.0000
vn -0.0000 -1.0000 -0.0000
vt 0.966797 -0.966797
vt 0.966797 6.517578
vt 0.000000 6.517578
vt 0.000000 -0.966797
vt 7.953125 -0.966797
vt 8.951172 6.519531
vt 8.951172 -0.966797
vt 7.953125 6.519531
vt 0.000000 2.152344
vt 0.966797 2.152344
vt 10.947266 2.152344
vt 10.947266 -0.966797
vt 9.949219 2.152344
vt 9.949219 -0.966797
vt 1.964844 -0.218750
vt 1.216797 3.773438
vt 0.468750 -0.218750
vt 0.466797 -0.218750
vt 2.464844 -0.966797
vt 2.462891 -0.966797
vt 0.134766 1.861328
vt 0.468750 1.861328
vt 0.468750 2.193359
vt 0.134766 2.193359
vt 0.966797 -0.982422
vt 0.000000 0.000000
vt 0.000000 -0.982422
vt 0.966797 0.000000
s 1
usemtl Material_0.103
f 10657/2693/1248 10658/2694/1248 10659/2695/1248
f 10660/2693/1248 10661/2695/1248 10662/2696/1248
f 10663/2696/1249 10664/2695/1249 10665/2694/1249
f 10666/2696/1249 10667/2694/1249 10668/2693/1249
f 10669/2697/1250 10670/2698/1250 10671/2699/1250
f 10672/2697/1250 10673/2700/1250 10674/2698/1250
f 10675/2699/1251 10676/2698/1251 10677/2700/1251
f 10678/2699/1251 10679/2700/1251 10680/2697/1251
f 10681/2693/1248 10682/2696/1248 10683/2701/1248
f 10684/2702/1248 10685/2693/1248 10686/2701/1248
f 10687/2701/1249 10688/2696/1249 10689/2702/1249
f 10690/2696/1249 10691/2693/1249 10692/2702/1249
f 10693/2703/1250 10694/2704/1250 10695/2705/1250
f 10696/2704/1250 10697/2706/1250 10698/2705/1250
f 10699/2706/1251 10700/2704/1251 10701/2703/1251
f 10702/2705/1251 10703/2706/1251 10704/2703/1251
usemtl Material_1.103
f 10705/2707/1252 10706/2708/1252 10707/2709/1252
f 10708/2696/1253 10709/2707/1253 10710/2710/1253
f 10711/2696/1253 10712/2711/1253 10713/2707/1253
f 10714/2708/1254 10715/2709/1254 10716/2707/1254
f 10717/2696/1255 10718/2711/1255 10719/2707/1255
f 10720/2696/1255 10721/2707/1255 10722/2709/1255
f 10723/2708/1256 10724/2709/1256 10725/2707/1256
f 10726/2696/1257 10727/2711/1257 10728/2709/1257
f 10729/2711/1257 10730/2707/1257 10731/2709/1257
f 10732/2707/1258 10733/2709/1258 10734/2696/1258
f 10735/2707/1258 10736/2696/1258 10737/2712/1258
f 10738/2707/1259 10739/2708/1259 10740/2709/1259
f 10741/2713/1260 10742/2714/1260 10743/2715/1260
f 10744/2713/1260 10745/2715/1260 10746/2716/1260
usemtl Material_3.103
f 10747/2717/1248 10748/2718/1248 10749/2719/1248
f 10750/2717/1248 10751/2720/1248 10748/2718/1248
f 10752/2719/1249 10753/2720/1249 10754/2717/1249
f 10755/2719/1249 10756/2718/1249 10757/2720/1249
f 10758/2717/1251 10759/2718/1251 10760/2719/1251
f 10761/2717/1251 10762/2720/1251 10759/2718/1251
f 10763/2719/1250 10764/2720/1250 10765/2717/1250
f 10766/2719/1250 10767/2718/1250 10768/2720/1250
o node.097
v 230.403000 7.340806 -176.422455
v 230.403000 28.893099 -176.422455
v 233.279907 28.893099 -176.422455
v 230.403000 7.340806 -176.422455
v 233.279907 28.893099 -176.422455
v 233.279907 7.340806 -176.422455
v 233.279907 7.340806 -173.545547
v 233.279907 28.893099 -173.545547
v 230.403000 28.893099 -173.545547
v 233.279907 7.340806 -173.545547
v 230.403000 28.893099 -173.545547
v 230.403000 7.340806 -173.545547
v 233.279907 7.340806 -176.422455
v 233.279907 28.893099 -173.545547
v 233.279907 7.340806 -173.545547
v 233.279907 7.340806 -176.422455
v 233.279907 28.893099 -176.422455
v 233.279907 28.893099 -173.545547
v 230.403000 7.340806 -173.545547
v 230.403000 28.893099 -173.545547
v 230.403000 28.893099 -176.422455
v 230.403000 7.340806 -173.545547
v 230.403000 28.893099 -176.422455
v 230.403000 7.340806 -176.422455
v 233.279907 -1.640780 -176.422455
v 230.403000 -1.640780 -176.422455
v 230.403000 7.340806 -176.422455
v 233.279907 7.340806 -176.422455
v 233.279907 -1.640780 -176.422455
v 230.403000 7.340806 -176.422455
v 230.403000 7.340806 -173.545547
v 230.403000 -1.640779 -173.545547
v 233.279907 7.340806 -173.545547
v 230.403000 -1.640779 -173.545547
v 233.279907 -1.640779 -173.545547
v 233.279907 7.340806 -173.545547
v 233.279907 7.340806 -173.545547
v 233.279907 -1.640779 -173.545547
v 233.279907 7.340806 -176.422455
v 233.279907 -1.640779 -173.545547
v 233.279907 -1.640780 -176.422455
v 233.279907 7.340806 -176.422455
v 230.403000 -1.640780 -176.422455
v 230.403000 -1.640779 -173.545547
v 230.403000 7.340806 -173.545547
v 230.403000 7.340806 -176.422455
v 230.403000 -1.640780 -176.422455
v 230.403000 7.340806 -173.545547
v 230.764374 33.562820 -173.906921
v 231.841461 39.313141 -174.984009
v 230.764374 33.562820 -176.061096
v 230.045135 32.485733 -173.187683
v 232.918549 33.562820 -173.906921
v 230.764374 33.562820 -173.906921
v 230.045135 32.485733 -173.187683
v 233.637772 32.485733 -173.187683
v 232.918549 33.562820 -173.906921
v 231.841461 39.313141 -174.984009
v 230.764374 33.562820 -173.906921
v 232.918549 33.562820 -173.906921
v 233.637772 32.485733 -176.780319
v 230.045135 32.485733 -176.780319
v 230.764374 33.562820 -176.061096
v 233.637772 32.485733 -176.780319
v 230.764374 33.562820 -176.061096
v 232.918549 33.562820 -176.061096
v 231.841461 39.313141 -174.984009
v 232.918549 33.562820 -176.061096
v 230.764374 33.562820 -176.061096
v 233.637772 32.485733 -173.187683
v 233.637772 32.485733 -176.780319
v 232.918549 33.562820 -173.906921
v 233.637772 32.485733 -176.780319
v 232.918549 33.562820 -176.061096
v 232.918549 33.562820 -173.906921
v 230.764374 33.562820 -173.906921
v 230.764374 33.562820 -176.061096
v 230.045135 32.485733 -176.780319
v 230.764374 33.562820 -173.906921
v 230.045135 32.485733 -176.780319
v 230.045135 32.485733 -173.187683
v 232.918549 33.562820 -176.061096
v 231.841461 39.313141 -174.984009
v 232.918549 33.562820 -173.906921
v 230.045135 32.485733 -176.780319
v 233.637772 32.485733 -176.780319
v 233.637772 32.485733 -173.187683
v 230.045135 32.485733 -176.780319
v 233.637772 32.485733 -173.187683
v 230.045135 32.485733 -173.187683
v 230.403000 28.893099 -176.422455
v 233.279907 32.485733 -176.422455
v 233.279907 28.893099 -176.422455
v 230.403000 28.893099 -176.422455
v 230.403000 32.485733 -176.422455
v 233.279907 28.893099 -173.545547
v 230.403000 32.485733 -173.545547
v 230.403000 28.893099 -173.545547
v 233.279907 28.893099 -173.545547
v 233.279907 32.485733 -173.545547
v 230.403000 32.485733 -173.545547
v 230.403000 28.893099 -173.545547
v 230.403000 32.485733 -176.422455
v 230.403000 28.893099 -176.422455
v 230.403000 28.893099 -173.545547
v 230.403000 32.485733 -173.545547
v 233.279907 28.893099 -176.422455
v 233.279907 32.485733 -173.545547
v 233.279907 28.893099 -173.545547
v 233.279907 28.893099 -176.422455
v 233.279907 32.485733 -176.422455
v 233.279907 32.485733 -173.545547
vn -0.0000 -0.0000 -1.0000
vn -0.0000 -0.0000 1.0000
vn 1.0000 -0.0000 -0.0000
vn -1.0000 -0.0000 -0.0000
vn -0.9829 0.1841 -0.0000
vn -0.0000 0.5553 0.8316
vn -0.0000 0.1841 0.9829
vn -0.0000 0.5553 -0.8316
vn -0.0000 0.1841 -0.9829
vn 0.8316 0.5553 -0.0000
vn -0.8316 0.5553 -0.0000
vn 0.9829 0.1841 -0.0000
vn -0.0000 -1.0000 -0.0000
vt 0.966797 -0.966797
vt 0.966797 6.517578
vt 0.000000 6.517578
vt 0.000000 -0.966797
vt 7.953125 -0.966797
vt 8.951172 6.519531
vt 8.951172 -0.966797
vt 7.953125 6.519531
vt 0.000000 2.152344
vt 0.966797 2.152344
vt 10.947266 2.152344
vt 10.947266 -0.966797
vt 9.949219 2.152344
vt 9.949219 -0.966797
vt 1.964844 -0.218750
vt 1.216797 3.773438
vt 0.468750 -0.218750
vt 0.466797 -0.218750
vt 2.464844 -0.966797
vt 2.462891 -0.966797
vt 0.134766 1.861328
vt 0.468750 1.861328
vt 0.468750 2.193359
vt 0.134766 2.193359
vt 0.966797 -0.982422
vt 0.000000 0.000000
vt 0.000000 -0.982422
vt 0.966797 0.000000
s 1
usemtl Material_0.104
f 10769/2721/1261 10770/2722/1261 10771/2723/1261
f 10772/2721/1261 10773/2723/1261 10774/2724/1261
f 10775/2724/1262 10776/2723/1262 10777/2722/1262
f 10778/2724/1262 10779/2722/1262 10780/2721/1262
f 10781/2725/1263 10782/2726/1263 10783/2727/1263
f 10784/2725/1263 10785/2728/1263 10786/2726/1263
f 10787/2727/1264 10788/2726/1264 10789/2728/1264
f 10790/2727/1264 10791/2728/1264 10792/2725/1264
f 10793/2721/1261 10794/2724/1261 10795/2729/1261
f 10796/2730/1261 10797/2721/1261 10798/2729/1261
f 10799/2729/1262 10800/2724/1262 10801/2730/1262
f 10802/2724/1262 10803/2721/1262 10804/2730/1262
f 10805/2731/1263 10806/2732/1263 10807/2733/1263
f 10808/2732/1263 10809/2734/1263 10810/2733/1263
f 10811/2734/1264 10812/2732/1264 10813/2731/1264
f 10814/2733/1264 10815/2734/1264 10816/2731/1264
usemtl Material_1.104
f 10817/2735/1265 10818/2736/1265 10819/2737/1265
f 10820/2724/1266 10821/2735/1266 10822/2738/1266
f 10823/2724/1266 10824/2739/1266 10825/2735/1266
f 10826/2736/1267 10827/2737/1267 10828/2735/1267
f 10829/2724/1268 10830/2739/1268 10831/2735/1268
f 10832/2724/1268 10833/2735/1268 10834/2737/1268
f 10835/2736/1269 10836/2737/1269 10837/2735/1269
f 10838/2724/1270 10839/2739/1270 10840/2737/1270
f 10841/2739/1270 10842/2735/1270 10843/2737/1270
f 10844/2735/1271 10845/2737/1271 10846/2724/1271
f 10847/2735/1271 10848/2724/1271 10849/2740/1271
f 10850/2735/1272 10851/2736/1272 10852/2737/1272
f 10853/2741/1273 10854/2742/1273 10855/2743/1273
f 10856/2741/1273 10857/2743/1273 10858/2744/1273
usemtl Material_3.104
f 10859/2745/1261 10860/2746/1261 10861/2747/1261
f 10862/2745/1261 10863/2748/1261 10860/2746/1261
f 10864/2747/1262 10865/2748/1262 10866/2745/1262
f 10867/2747/1262 10868/2746/1262 10869/2748/1262
f 10870/2745/1264 10871/2746/1264 10872/2747/1264
f 10873/2745/1264 10874/2748/1264 10871/2746/1264
f 10875/2747/1263 10876/2748/1263 10877/2745/1263
f 10878/2747/1263 10879/2746/1263 10880/2748/1263
o node.098
v 221.720718 7.340806 -176.422455
v 221.720718 28.893099 -176.422455
v 224.597626 28.893099 -176.422455
v 221.720718 7.340806 -176.422455
v 224.597626 28.893099 -176.422455
v 224.597626 7.340806 -176.422455
v 224.597626 7.340806 -173.545547
v 224.597626 28.893099 -173.545547
v 221.720718 28.893099 -173.545547
v 224.597626 7.340806 -173.545547
v 221.720718 28.893099 -173.545547
v 221.720718 7.340806 -173.545547
v 224.597626 7.340806 -176.422455
v 224.597626 28.893099 -173.545547
v 224.597626 7.340806 -173.545547
v 224.597626 7.340806 -176.422455
v 224.597626 28.893099 -176.422455
v 224.597626 28.893099 -173.545547
v 221.720718 7.340806 -173.545547
v 221.720718 28.893099 -173.545547
v 221.720718 28.893099 -176.422455
v 221.720718 7.340806 -173.545547
v 221.720718 28.893099 -176.422455
v 221.720718 7.340806 -176.422455
v 224.597626 -1.640780 -176.422455
v 221.720718 -1.640780 -176.422455
v 221.720718 7.340806 -176.422455
v 224.597626 7.340806 -176.422455
v 224.597626 -1.640780 -176.422455
v 221.720718 7.340806 -176.422455
v 221.720718 7.340806 -173.545547
v 221.720718 -1.640779 -173.545547
v 224.597626 7.340806 -173.545547
v 221.720718 -1.640779 -173.545547
v 224.597626 -1.640779 -173.545547
v 224.597626 7.340806 -173.545547
v 224.597626 7.340806 -173.545547
v 224.597626 -1.640779 -173.545547
v 224.597626 7.340806 -176.422455
v 224.597626 -1.640779 -173.545547
v 224.597626 -1.640780 -176.422455
v 224.597626 7.340806 -176.422455
v 221.720718 -1.640780 -176.422455
v 221.720718 -1.640779 -173.545547
v 221.720718 7.340806 -173.545547
v 221.720718 7.340806 -176.422455
v 221.720718 -1.640780 -176.422455
v 221.720718 7.340806 -173.545547
v 222.082092 33.562820 -173.906921
v 223.159180 39.313141 -174.984009
v 222.082092 33.562820 -176.061096
v 221.362854 32.485733 -173.187683
v 224.236267 33.562820 -173.906921
v 222.082092 33.562820 -173.906921
v 221.362854 32.485733 -173.187683
v 224.955490 32.485733 -173.187683
v 224.236267 33.562820 -173.906921
v 223.159180 39.313141 -174.984009
v 222.082092 33.562820 -173.906921
v 224.236267 33.562820 -173.906921
v 224.955490 32.485733 -176.780319
v 221.362854 32.485733 -176.780319
v 222.082092 33.562820 -176.061096
v 224.955490 32.485733 -176.780319
v 222.082092 33.562820 -176.061096
v 224.236267 33.562820 -176.061096
v 223.159180 39.313141 -174.984009
v 224.236267 33.562820 -176.061096
v 222.082092 33.562820 -176.061096
v 224.955490 32.485733 -173.187683
v 224.955490 32.485733 -176.780319
v 224.236267 33.562820 -173.906921
v 224.955490 32.485733 -176.780319
v 224.236267 33.562820 -176.061096
v 224.236267 33.562820 -173.906921
v 222.082092 33.562820 -173.906921
v 222.082092 33.562820 -176.061096
v 221.362854 32.485733 -176.780319
v 222.082092 33.562820 -173.906921
v 221.362854 32.485733 -176.780319
v 221.362854 32.485733 -173.187683
v 224.236267 33.562820 -176.061096
v 223.159180 39.313141 -174.984009
v 224.236267 33.562820 -173.906921
v 221.362854 32.485733 -176.780319
v 224.955490 32.485733 -176.780319
v 224.955490 32.485733 -173.187683
v 221.362854 32.485733 -176.780319
v 224.955490 32.485733 -173.187683
v 221.362854 32.485733 -173.187683
v 221.720718 28.893099 -176.422455
v 224.597626 32.485733 -176.422455
v 224.597626 28.893099 -176.422455
v 221.720718 28.893099 -176.422455
v 221.720718 32.485733 -176.422455
v 224.597626 28.893099 -173.545547
v 221.720718 32.485733 -173.545547
v 221.720718 28.893099 -173.545547
v 224.597626 28.893099 -173.545547
v 224.597626 32.485733 -173.545547
v 221.720718 32.485733 -173.545547
v 221.720718 28.893099 -173.545547
v 221.720718 32.485733 -176.422455
v 221.720718 28.893099 -176.422455
v 221.720718 28.893099 -173.545547
v 221.720718 32.485733 -173.545547
v 224.597626 28.893099 -176.422455
v 224.597626 32.485733 -173.545547
v 224.597626 28.893099 -173.545547
v 224.597626 28.893099 -176.422455
v 224.597626 32.485733 -176.422455
v 224.597626 32.485733 -173.545547
vn -0.0000 -0.0000 -1.0000
vn -0.0000 -0.0000 1.0000
vn 1.0000 -0.0000 -0.0000
vn -1.0000 -0.0000 -0.0000
vn -0.9829 0.1841 -0.0000
vn -0.0000 0.5553 0.8316
vn -0.0000 0.1841 0.9829
vn -0.0000 0.5553 -0.8316
vn -0.0000 0.1841 -0.9829
vn 0.8316 0.5553 -0.0000
vn -0.8316 0.5553 -0.0000
vn 0.9829 0.1841 -0.0000
vn -0.0000 -1.0000 -0.0000
vt 0.966797 -0.966797
vt 0.966797 6.517578
vt 0.000000 6.517578
vt 0.000000 -0.966797
vt 7.953125 -0.966797
vt 8.951172 6.519531
vt 8.951172 -0.966797
vt 7.953125 6.519531
vt 0.000000 2.152344
vt 0.966797 2.152344
vt 10.947266 2.152344
vt 10.947266 -0.966797
vt 9.949219 2.152344
vt 9.949219 -0.966797
vt 1.964844 -0.218750
vt 1.216797 3.773438
vt 0.468750 -0.218750
vt 0.466797 -0.218750
vt 2.464844 -0.966797
vt 2.462891 -0.966797
vt 0.134766 1.861328
vt 0.468750 1.861328
vt 0.468750 2.193359
vt 0.134766 2.193359
vt 0.966797 -0.982422
vt 0.000000 0.000000
vt 0.000000 -0.982422
vt 0.966797 0.000000
s 1
usemtl Material_0.105
f 10881/2749/1274 10882/2750/1274 10883/2751/1274
f 10884/2749/1274 10885/2751/1274 10886/2752/1274
f 10887/2752/1275 10888/2751/1275 10889/2750/1275
f 10890/2752/1275 10891/2750/1275 10892/2749/1275
f 10893/2753/1276 10894/2754/1276 10895/2755/1276
f 10896/2753/1276 10897/2756/1276 10898/2754/1276
f 10899/2755/1277 10900/2754/1277 10901/2756/1277
f 10902/2755/1277 10903/2756/1277 10904/2753/1277
f 10905/2749/1274 10906/2752/1274 10907/2757/1274
f 10908/2758/1274 10909/2749/1274 10910/2757/1274
f 10911/2757/1275 10912/2752/1275 10913/2758/1275
f 10914/2752/1275 10915/2749/1275 10916/2758/1275
f 10917/2759/1276 10918/2760/1276 10919/2761/1276
f 10920/2760/1276 10921/2762/1276 10922/2761/1276
f 10923/2762/1277 10924/2760/1277 10925/2759/1277
f 10926/2761/1277 10927/2762/1277 10928/2759/1277
usemtl Material_1.105
f 10929/2763/1278 10930/2764/1278 10931/2765/1278
f 10932/2752/1279 10933/2763/1279 10934/2766/1279
f 10935/2752/1279 10936/2767/1279 10937/2763/1279
f 10938/2764/1280 10939/2765/1280 10940/2763/1280
f 10941/2752/1281 10942/2767/1281 10943/2763/1281
f 10944/2752/1281 10945/2763/1281 10946/2765/1281
f 10947/2764/1282 10948/2765/1282 10949/2763/1282
f 10950/2752/1283 10951/2767/1283 10952/2765/1283
f 10953/2767/1283 10954/2763/1283 10955/2765/1283
f 10956/2763/1284 10957/2765/1284 10958/2752/1284
f 10959/2763/1284 10960/2752/1284 10961/2768/1284
f 10962/2763/1285 10963/2764/1285 10964/2765/1285
f 10965/2769/1286 10966/2770/1286 10967/2771/1286
f 10968/2769/1286 10969/2771/1286 10970/2772/1286
usemtl Material_3.105
f 10971/2773/1274 10972/2774/1274 10973/2775/1274
f 10974/2773/1274 10975/2776/1274 10972/2774/1274
f 10976/2775/1275 10977/2776/1275 10978/2773/1275
f 10979/2775/1275 10980/2774/1275 10981/2776/1275
f 10982/2773/1277 10983/2774/1277 10984/2775/1277
f 10985/2773/1277 10986/2776/1277 10983/2774/1277
f 10987/2775/1276 10988/2776/1276 10989/2773/1276
f 10990/2775/1276 10991/2774/1276 10992/2776/1276
o node.099
v 213.942368 7.340806 -176.422455
v 213.942368 28.893099 -176.422455
v 216.819275 28.893099 -176.422455
v 213.942368 7.340806 -176.422455
v 216.819275 28.893099 -176.422455
v 216.819275 7.340806 -176.422455
v 216.819275 7.340806 -173.545547
v 216.819275 28.893099 -173.545547
v 213.942368 28.893099 -173.545547
v 216.819275 7.340806 -173.545547
v 213.942368 28.893099 -173.545547
v 213.942368 7.340806 -173.545547
v 216.819275 7.340806 -176.422455
v 216.819275 28.893099 -173.545547
v 216.819275 7.340806 -173.545547
v 216.819275 7.340806 -176.422455
v 216.819275 28.893099 -176.422455
v 216.819275 28.893099 -173.545547
v 213.942368 7.340806 -173.545547
v 213.942368 28.893099 -173.545547
v 213.942368 28.893099 -176.422455
v 213.942368 7.340806 -173.545547
v 213.942368 28.893099 -176.422455
v 213.942368 7.340806 -176.422455
v 216.819275 -1.640780 -176.422455
v 213.942368 -1.640780 -176.422455
v 213.942368 7.340806 -176.422455
v 216.819275 7.340806 -176.422455
v 216.819275 -1.640780 -176.422455
v 213.942368 7.340806 -176.422455
v 213.942368 7.340806 -173.545547
v 213.942368 -1.640779 -173.545547
v 216.819275 7.340806 -173.545547
v 213.942368 -1.640779 -173.545547
v 216.819275 -1.640779 -173.545547
v 216.819275 7.340806 -173.545547
v 216.819275 7.340806 -173.545547
v 216.819275 -1.640779 -173.545547
v 216.819275 7.340806 -176.422455
v 216.819275 -1.640779 -173.545547
v 216.819275 -1.640780 -176.422455
v 216.819275 7.340806 -176.422455
v 213.942368 -1.640780 -176.422455
v 213.942368 -1.640779 -173.545547
v 213.942368 7.340806 -173.545547
v 213.942368 7.340806 -176.422455
v 213.942368 -1.640780 -176.422455
v 213.942368 7.340806 -173.545547
v 214.303741 33.562820 -173.906921
v 215.380829 39.313141 -174.984009
v 214.303741 33.562820 -176.061096
v 213.584503 32.485733 -173.187683
v 216.457916 33.562820 -173.906921
v 214.303741 33.562820 -173.906921
v 213.584503 32.485733 -173.187683
v 217.177139 32.485733 -173.187683
v 216.457916 33.562820 -173.906921
v 215.380829 39.313141 -174.984009
v 214.303741 33.562820 -173.906921
v 216.457916 33.562820 -173.906921
v 217.177139 32.485733 -176.780319
v 213.584503 32.485733 -176.780319
v 214.303741 33.562820 -176.061096
v 217.177139 32.485733 -176.780319
v 214.303741 33.562820 -176.061096
v 216.457916 33.562820 -176.061096
v 215.380829 39.313141 -174.984009
v 216.457916 33.562820 -176.061096
v 214.303741 33.562820 -176.061096
v 217.177139 32.485733 -173.187683
v 217.177139 32.485733 -176.780319
v 216.457916 33.562820 -173.906921
v 217.177139 32.485733 -176.780319
v 216.457916 33.562820 -176.061096
v 216.457916 33.562820 -173.906921
v 214.303741 33.562820 -173.906921
v 214.303741 33.562820 -176.061096
v 213.584503 32.485733 -176.780319
v 214.303741 33.562820 -173.906921
v 213.584503 32.485733 -176.780319
v 213.584503 32.485733 -173.187683
v 216.457916 33.562820 -176.061096
v 215.380829 39.313141 -174.984009
v 216.457916 33.562820 -173.906921
v 213.584503 32.485733 -176.780319
v 217.177139 32.485733 -176.780319
v 217.177139 32.485733 -173.187683
v 213.584503 32.485733 -176.780319
v 217.177139 32.485733 -173.187683
v 213.584503 32.485733 -173.187683
v 213.942368 28.893099 -176.422455
v 216.819275 32.485733 -176.422455
v 216.819275 28.893099 -176.422455
v 213.942368 28.893099 -176.422455
v 213.942368 32.485733 -176.422455
v 216.819275 28.893099 -173.545547
v 213.942368 32.485733 -173.545547
v 213.942368 28.893099 -173.545547
v 216.819275 28.893099 -173.545547
v 216.819275 32.485733 -173.545547
v 213.942368 32.485733 -173.545547
v 213.942368 28.893099 -173.545547
v 213.942368 32.485733 -176.422455
v 213.942368 28.893099 -176.422455
v 213.942368 28.893099 -173.545547
v 213.942368 32.485733 -173.545547
v 216.819275 28.893099 -176.422455
v 216.819275 32.485733 -173.545547
v 216.819275 28.893099 -173.545547
v 216.819275 28.893099 -176.422455
v 216.819275 32.485733 -176.422455
v 216.819275 32.485733 -173.545547
vn -0.0000 -0.0000 -1.0000
vn -0.0000 -0.0000 1.0000
vn 1.0000 -0.0000 -0.0000
vn -1.0000 -0.0000 -0.0000
vn -0.9829 0.1841 -0.0000
vn -0.0000 0.5553 0.8316
vn -0.0000 0.1841 0.9829
vn -0.0000 0.5553 -0.8316
vn -0.0000 0.1841 -0.9829
vn 0.8316 0.5553 -0.0000
vn -0.8316 0.5553 -0.0000
vn 0.9829 0.1841 -0.0000
vn -0.0000 -1.0000 -0.0000
vt 0.966797 -0.966797
vt 0.966797 6.517578
vt 0.000000 6.517578
vt 0.000000 -0.966797
vt 7.953125 -0.966797
vt 8.951172 6.519531
vt 8.951172 -0.966797
vt 7.953125 6.519531
vt 0.000000 2.152344
vt 0.966797 2.152344
vt 10.947266 2.152344
vt 10.947266 -0.966797
vt 9.949219 2.152344
vt 9.949219 -0.966797
vt 1.964844 -0.218750
vt 1.216797 3.773438
vt 0.468750 -0.218750
vt 0.466797 -0.218750
vt 2.464844 -0.966797
vt 2.462891 -0.966797
vt 0.134766 1.861328
vt 0.468750 1.861328
vt 0.468750 2.193359
vt 0.134766 2.193359
vt 0.966797 -0.982422
vt 0.000000 0.000000
vt 0.000000 -0.982422
vt 0.966797 0.000000
s 1
usemtl Material_0.106
f 10993/2777/1287 10994/2778/1287 10995/2779/1287
f 10996/2777/1287 10997/2779/1287 10998/2780/1287
f 10999/2780/1288 11000/2779/1288 11001/2778/1288
f 11002/2780/1288 11003/2778/1288 11004/2777/1288
f 11005/2781/1289 11006/2782/1289 11007/2783/1289
f 11008/2781/1289 11009/2784/1289 11010/2782/1289
f 11011/2783/1290 11012/2782/1290 11013/2784/1290
f 11014/2783/1290 11015/2784/1290 11016/2781/1290
f 11017/2777/1287 11018/2780/1287 11019/2785/1287
f 11020/2786/1287 11021/2777/1287 11022/2785/1287
f 11023/2785/1288 11024/2780/1288 11025/2786/1288
f 11026/2780/1288 11027/2777/1288 11028/2786/1288
f 11029/2787/1289 11030/2788/1289 11031/2789/1289
f 11032/2788/1289 11033/2790/1289 11034/2789/1289
f 11035/2790/1290 11036/2788/1290 11037/2787/1290
f 11038/2789/1290 11039/2790/1290 11040/2787/1290
usemtl Material_1.106
f 11041/2791/1291 11042/2792/1291 11043/2793/1291
f 11044/2780/1292 11045/2791/1292 11046/2794/1292
f 11047/2780/1292 11048/2795/1292 11049/2791/1292
f 11050/2792/1293 11051/2793/1293 11052/2791/1293
f 11053/2780/1294 11054/2795/1294 11055/2791/1294
f 11056/2780/1294 11057/2791/1294 11058/2793/1294
f 11059/2792/1295 11060/2793/1295 11061/2791/1295
f 11062/2780/1296 11063/2795/1296 11064/2793/1296
f 11065/2795/1296 11066/2791/1296 11067/2793/1296
f 11068/2791/1297 11069/2793/1297 11070/2780/1297
f 11071/2791/1297 11072/2780/1297 11073/2796/1297
f 11074/2791/1298 11075/2792/1298 11076/2793/1298
f 11077/2797/1299 11078/2798/1299 11079/2799/1299
f 11080/2797/1299 11081/2799/1299 11082/2800/1299
usemtl Material_3.106
f 11083/2801/1287 11084/2802/1287 11085/2803/1287
f 11086/2801/1287 11087/2804/1287 11084/2802/1287
f 11088/2803/1288 11089/2804/1288 11090/2801/1288
f 11091/2803/1288 11092/2802/1288 11093/2804/1288
f 11094/2801/1290 11095/2802/1290 11096/2803/1290
f 11097/2801/1290 11098/2804/1290 11095/2802/1290
f 11099/2803/1289 11100/2804/1289 11101/2801/1289
f 11102/2803/1289 11103/2802/1289 11104/2804/1289
o node.100
v 206.094101 7.340806 -176.422455
v 206.094101 28.893099 -176.422455
v 208.971008 28.893099 -176.422455
v 206.094101 7.340806 -176.422455
v 208.971008 28.893099 -176.422455
v 208.971008 7.340806 -176.422455
v 208.971008 7.340806 -173.545547
v 208.971008 28.893099 -173.545547
v 206.094101 28.893099 -173.545547
v 208.971008 7.340806 -173.545547
v 206.094101 28.893099 -173.545547
v 206.094101 7.340806 -173.545547
v 208.971008 7.340806 -176.422455
v 208.971008 28.893099 -173.545547
v 208.971008 7.340806 -173.545547
v 208.971008 7.340806 -176.422455
v 208.971008 28.893099 -176.422455
v 208.971008 28.893099 -173.545547
v 206.094101 7.340806 -173.545547
v 206.094101 28.893099 -173.545547
v 206.094101 28.893099 -176.422455
v 206.094101 7.340806 -173.545547
v 206.094101 28.893099 -176.422455
v 206.094101 7.340806 -176.422455
v 208.971008 -1.640780 -176.422455
v 206.094101 -1.640780 -176.422455
v 206.094101 7.340806 -176.422455
v 208.971008 7.340806 -176.422455
v 208.971008 -1.640780 -176.422455
v 206.094101 7.340806 -176.422455
v 206.094101 7.340806 -173.545547
v 206.094101 -1.640779 -173.545547
v 208.971008 7.340806 -173.545547
v 206.094101 -1.640779 -173.545547
v 208.971008 -1.640779 -173.545547
v 208.971008 7.340806 -173.545547
v 208.971008 7.340806 -173.545547
v 208.971008 -1.640779 -173.545547
v 208.971008 7.340806 -176.422455
v 208.971008 -1.640779 -173.545547
v 208.971008 -1.640780 -176.422455
v 208.971008 7.340806 -176.422455
v 206.094101 -1.640780 -176.422455
v 206.094101 -1.640779 -173.545547
v 206.094101 7.340806 -173.545547
v 206.094101 7.340806 -176.422455
v 206.094101 -1.640780 -176.422455
v 206.094101 7.340806 -173.545547
v 206.455475 33.562820 -173.906921
v 207.532562 39.313141 -174.984009
v 206.455475 33.562820 -176.061096
v 205.736237 32.485733 -173.187683
v 208.609650 33.562820 -173.906921
v 206.455475 33.562820 -173.906921
v 205.736237 32.485733 -173.187683
v 209.328873 32.485733 -173.187683
v 208.609650 33.562820 -173.906921
v 207.532562 39.313141 -174.984009
v 206.455475 33.562820 -173.906921
v 208.609650 33.562820 -173.906921
v 209.328873 32.485733 -176.780319
v 205.736237 32.485733 -176.780319
v 206.455475 33.562820 -176.061096
v 209.328873 32.485733 -176.780319
v 206.455475 33.562820 -176.061096
v 208.609650 33.562820 -176.061096
v 207.532562 39.313141 -174.984009
v 208.609650 33.562820 -176.061096
v 206.455475 33.562820 -176.061096
v 209.328873 32.485733 -173.187683
v 209.328873 32.485733 -176.780319
v 208.609650 33.562820 -173.906921
v 209.328873 32.485733 -176.780319
v 208.609650 33.562820 -176.061096
v 208.609650 33.562820 -173.906921
v 206.455475 33.562820 -173.906921
v 206.455475 33.562820 -176.061096
v 205.736237 32.485733 -176.780319
v 206.455475 33.562820 -173.906921
v 205.736237 32.485733 -176.780319
v 205.736237 32.485733 -173.187683
v 208.609650 33.562820 -176.061096
v 207.532562 39.313141 -174.984009
v 208.609650 33.562820 -173.906921
v 205.736237 32.485733 -176.780319
v 209.328873 32.485733 -176.780319
v 209.328873 32.485733 -173.187683
v 205.736237 32.485733 -176.780319
v 209.328873 32.485733 -173.187683
v 205.736237 32.485733 -173.187683
v 206.094101 28.893099 -176.422455
v 208.971008 32.485733 -176.422455
v 208.971008 28.893099 -176.422455
v 206.094101 28.893099 -176.422455
v 206.094101 32.485733 -176.422455
v 208.971008 28.893099 -173.545547
v 206.094101 32.485733 -173.545547
v 206.094101 28.893099 -173.545547
v 208.971008 28.893099 -173.545547
v 208.971008 32.485733 -173.545547
v 206.094101 32.485733 -173.545547
v 206.094101 28.893099 -173.545547
v 206.094101 32.485733 -176.422455
v 206.094101 28.893099 -176.422455
v 206.094101 28.893099 -173.545547
v 206.094101 32.485733 -173.545547
v 208.971008 28.893099 -176.422455
v 208.971008 32.485733 -173.545547
v 208.971008 28.893099 -173.545547
v 208.971008 28.893099 -176.422455
v 208.971008 32.485733 -176.422455
v 208.971008 32.485733 -173.545547
vn -0.0000 -0.0000 -1.0000
vn -0.0000 -0.0000 1.0000
vn 1.0000 -0.0000 -0.0000
vn -1.0000 -0.0000 -0.0000
vn -0.9829 0.1841 -0.0000
vn -0.0000 0.5553 0.8316
vn -0.0000 0.1841 0.9829
vn -0.0000 0.5553 -0.8316
vn -0.0000 0.1841 -0.9829
vn 0.8316 0.5553 -0.0000
vn -0.8316 0.5553 -0.0000
vn 0.9829 0.1841 -0.0000
vn -0.0000 -1.0000 -0.0000
vt 0.966797 -0.966797
vt 0.966797 6.517578
vt 0.000000 6.517578
vt 0.000000 -0.966797
vt 7.953125 -0.966797
vt 8.951172 6.519531
vt 8.951172 -0.966797
vt 7.953125 6.519531
vt 0.000000 2.152344
vt 0.966797 2.152344
vt 10.947266 2.152344
vt 10.947266 -0.966797
vt 9.949219 2.152344
vt 9.949219 -0.966797
vt 1.964844 -0.218750
vt 1.216797 3.773438
vt 0.468750 -0.218750
vt 0.466797 -0.218750
vt 2.464844 -0.966797
vt 2.462891 -0.966797
vt 0.134766 1.861328
vt 0.468750 1.861328
vt 0.468750 2.193359
vt 0.134766 2.193359
vt 0.966797 -0.982422
vt 0.000000 0.000000
vt 0.000000 -0.982422
vt 0.966797 0.000000
s 1
usemtl Material_0.107
f 11105/2805/1300 11106/2806/1300 11107/2807/1300
f 11108/2805/1300 11109/2807/1300 11110/2808/1300
f 11111/2808/1301 11112/2807/1301 11113/2806/1301
f 11114/2808/1301 11115/2806/1301 11116/2805/1301
f 11117/2809/1302 11118/2810/1302 11119/2811/1302
f 11120/2809/1302 11121/2812/1302 11122/2810/1302
f 11123/2811/1303 11124/2810/1303 11125/2812/1303
f 11126/2811/1303 11127/2812/1303 11128/2809/1303
f 11129/2805/1300 11130/2808/1300 11131/2813/1300
f 11132/2814/1300 11133/2805/1300 11134/2813/1300
f 11135/2813/1301 11136/2808/1301 11137/2814/1301
f 11138/2808/1301 11139/2805/1301 11140/2814/1301
f 11141/2815/1302 11142/2816/1302 11143/2817/1302
f 11144/2816/1302 11145/2818/1302 11146/2817/1302
f 11147/2818/1303 11148/2816/1303 11149/2815/1303
f 11150/2817/1303 11151/2818/1303 11152/2815/1303
usemtl Material_1.107
f 11153/2819/1304 11154/2820/1304 11155/2821/1304
f 11156/2808/1305 11157/2819/1305 11158/2822/1305
f 11159/2808/1305 11160/2823/1305 11161/2819/1305
f 11162/2820/1306 11163/2821/1306 11164/2819/1306
f 11165/2808/1307 11166/2823/1307 11167/2819/1307
f 11168/2808/1307 11169/2819/1307 11170/2821/1307
f 11171/2820/1308 11172/2821/1308 11173/2819/1308
f 11174/2808/1309 11175/2823/1309 11176/2821/1309
f 11177/2823/1309 11178/2819/1309 11179/2821/1309
f 11180/2819/1310 11181/2821/1310 11182/2808/1310
f 11183/2819/1310 11184/2808/1310 11185/2824/1310
f 11186/2819/1311 11187/2820/1311 11188/2821/1311
f 11189/2825/1312 11190/2826/1312 11191/2827/1312
f 11192/2825/1312 11193/2827/1312 11194/2828/1312
usemtl Material_3.107
f 11195/2829/1300 11196/2830/1300 11197/2831/1300
f 11198/2829/1300 11199/2832/1300 11196/2830/1300
f 11200/2831/1301 11201/2832/1301 11202/2829/1301
f 11203/2831/1301 11204/2830/1301 11205/2832/1301
f 11206/2829/1303 11207/2830/1303 11208/2831/1303
f 11209/2829/1303 11210/2832/1303 11207/2830/1303
f 11211/2831/1302 11212/2832/1302 11213/2829/1302
f 11214/2831/1302 11215/2830/1302 11216/2832/1302
o node.101
v 199.576950 7.340806 -176.422455
v 199.576950 28.893099 -176.422455
v 202.453857 28.893099 -176.422455
v 199.576950 7.340806 -176.422455
v 202.453857 28.893099 -176.422455
v 202.453857 7.340806 -176.422455
v 202.453857 7.340806 -173.545547
v 202.453857 28.893099 -173.545547
v 199.576950 28.893099 -173.545547
v 202.453857 7.340806 -173.545547
v 199.576950 28.893099 -173.545547
v 199.576950 7.340806 -173.545547
v 202.453857 7.340806 -176.422455
v 202.453857 28.893099 -173.545547
v 202.453857 7.340806 -173.545547
v 202.453857 7.340806 -176.422455
v 202.453857 28.893099 -176.422455
v 202.453857 28.893099 -173.545547
v 199.576950 7.340806 -173.545547
v 199.576950 28.893099 -173.545547
v 199.576950 28.893099 -176.422455
v 199.576950 7.340806 -173.545547
v 199.576950 28.893099 -176.422455
v 199.576950 7.340806 -176.422455
v 202.453857 -1.640780 -176.422455
v 199.576950 -1.640780 -176.422455
v 199.576950 7.340806 -176.422455
v 202.453857 7.340806 -176.422455
v 202.453857 -1.640780 -176.422455
v 199.576950 7.340806 -176.422455
v 199.576950 7.340806 -173.545547
v 199.576950 -1.640779 -173.545547
v 202.453857 7.340806 -173.545547
v 199.576950 -1.640779 -173.545547
v 202.453857 -1.640779 -173.545547
v 202.453857 7.340806 -173.545547
v 202.453857 7.340806 -173.545547
v 202.453857 -1.640779 -173.545547
v 202.453857 7.340806 -176.422455
v 202.453857 -1.640779 -173.545547
v 202.453857 -1.640780 -176.422455
v 202.453857 7.340806 -176.422455
v 199.576950 -1.640780 -176.422455
v 199.576950 -1.640779 -173.545547
v 199.576950 7.340806 -173.545547
v 199.576950 7.340806 -176.422455
v 199.576950 -1.640780 -176.422455
v 199.576950 7.340806 -173.545547
v 199.938324 33.562820 -173.906921
v 201.015411 39.313141 -174.984009
v 199.938324 33.562820 -176.061096
v 199.219086 32.485733 -173.187683
v 202.092499 33.562820 -173.906921
v 199.938324 33.562820 -173.906921
v 199.219086 32.485733 -173.187683
v 202.811722 32.485733 -173.187683
v 202.092499 33.562820 -173.906921
v 201.015411 39.313141 -174.984009
v 199.938324 33.562820 -173.906921
v 202.092499 33.562820 -173.906921
v 202.811722 32.485733 -176.780319
v 199.219086 32.485733 -176.780319
v 199.938324 33.562820 -176.061096
v 202.811722 32.485733 -176.780319
v 199.938324 33.562820 -176.061096
v 202.092499 33.562820 -176.061096
v 201.015411 39.313141 -174.984009
v 202.092499 33.562820 -176.061096
v 199.938324 33.562820 -176.061096
v 202.811722 32.485733 -173.187683
v 202.811722 32.485733 -176.780319
v 202.092499 33.562820 -173.906921
v 202.811722 32.485733 -176.780319
v 202.092499 33.562820 -176.061096
v 202.092499 33.562820 -173.906921
v 199.938324 33.562820 -173.906921
v 199.938324 33.562820 -176.061096
v 199.219086 32.485733 -176.780319
v 199.938324 33.562820 -173.906921
v 199.219086 32.485733 -176.780319
v 199.219086 32.485733 -173.187683
v 202.092499 33.562820 -176.061096
v 201.015411 39.313141 -174.984009
v 202.092499 33.562820 -173.906921
v 199.219086 32.485733 -176.780319
v 202.811722 32.485733 -176.780319
v 202.811722 32.485733 -173.187683
v 199.219086 32.485733 -176.780319
v 202.811722 32.485733 -173.187683
v 199.219086 32.485733 -173.187683
v 199.576950 28.893099 -176.422455
v 202.453857 32.485733 -176.422455
v 202.453857 28.893099 -176.422455
v 199.576950 28.893099 -176.422455
v 199.576950 32.485733 -176.422455
v 202.453857 28.893099 -173.545547
v 199.576950 32.485733 -173.545547
v 199.576950 28.893099 -173.545547
v 202.453857 28.893099 -173.545547
v 202.453857 32.485733 -173.545547
v 199.576950 32.485733 -173.545547
v 199.576950 28.893099 -173.545547
v 199.576950 32.485733 -176.422455
v 199.576950 28.893099 -176.422455
v 199.576950 28.893099 -173.545547
v 199.576950 32.485733 -173.545547
v 202.453857 28.893099 -176.422455
v 202.453857 32.485733 -173.545547
v 202.453857 28.893099 -173.545547
v 202.453857 28.893099 -176.422455
v 202.453857 32.485733 -176.422455
v 202.453857 32.485733 -173.545547
vn -0.0000 -0.0000 -1.0000
vn -0.0000 -0.0000 1.0000
vn 1.0000 -0.0000 -0.0000
vn -1.0000 -0.0000 -0.0000
vn -0.9829 0.1841 -0.0000
vn -0.0000 0.5553 0.8316
vn -0.0000 0.1841 0.9829
vn -0.0000 0.5553 -0.8316
vn -0.0000 0.1841 -0.9829
vn 0.8316 0.5553 -0.0000
vn -0.8316 0.5553 -0.0000
vn 0.9829 0.1841 -0.0000
vn -0.0000 -1.0000 -0.0000
vt 0.966797 -0.966797
vt 0.966797 6.517578
vt 0.000000 6.517578
vt 0.000000 -0.966797
vt 7.953125 -0.966797
vt 8.951172 6.519531
vt 8.951172 -0.966797
vt 7.953125 6.519531
vt 0.000000 2.152344
vt 0.966797 2.152344
vt 10.947266 2.152344
vt 10.947266 -0.966797
vt 9.949219 2.152344
vt 9.949219 -0.966797
vt 1.964844 -0.218750
vt 1.216797 3.773438
vt 0.468750 -0.218750
vt 0.466797 -0.218750
vt 2.464844 -0.966797
vt 2.462891 -0.966797
vt 0.134766 1.861328
vt 0.468750 1.861328
vt 0.468750 2.193359
vt 0.134766 2.193359
vt 0.966797 -0.982422
vt 0.000000 0.000000
vt 0.000000 -0.982422
vt 0.966797 0.000000
s 1
usemtl Material_0.108
f 11217/2833/1313 11218/2834/1313 11219/2835/1313
f 11220/2833/1313 11221/2835/1313 11222/2836/1313
f 11223/2836/1314 11224/2835/1314 11225/2834/1314
f 11226/2836/1314 11227/2834/1314 11228/2833/1314
f 11229/2837/1315 11230/2838/1315 11231/2839/1315
f 11232/2837/1315 11233/2840/1315 11234/2838/1315
f 11235/2839/1316 11236/2838/1316 11237/2840/1316
f 11238/2839/1316 11239/2840/1316 11240/2837/1316
f 11241/2833/1313 11242/2836/1313 11243/2841/1313
f 11244/2842/1313 11245/2833/1313 11246/2841/1313
f 11247/2841/1314 11248/2836/1314 11249/2842/1314
f 11250/2836/1314 11251/2833/1314 11252/2842/1314
f 11253/2843/1315 11254/2844/1315 11255/2845/1315
f 11256/2844/1315 11257/2846/1315 11258/2845/1315
f 11259/2846/1316 11260/2844/1316 11261/2843/1316
f 11262/2845/1316 11263/2846/1316 11264/2843/1316
usemtl Material_1.108
f 11265/2847/1317 11266/2848/1317 11267/2849/1317
f 11268/2836/1318 11269/2847/1318 11270/2850/1318
f 11271/2836/1318 11272/2851/1318 11273/2847/1318
f 11274/2848/1319 11275/2849/1319 11276/2847/1319
f 11277/2836/1320 11278/2851/1320 11279/2847/1320
f 11280/2836/1320 11281/2847/1320 11282/2849/1320
f 11283/2848/1321 11284/2849/1321 11285/2847/1321
f 11286/2836/1322 11287/2851/1322 11288/2849/1322
f 11289/2851/1322 11290/2847/1322 11291/2849/1322
f 11292/2847/1323 11293/2849/1323 11294/2836/1323
f 11295/2847/1323 11296/2836/1323 11297/2852/1323
f 11298/2847/1324 11299/2848/1324 11300/2849/1324
f 11301/2853/1325 11302/2854/1325 11303/2855/1325
f 11304/2853/1325 11305/2855/1325 11306/2856/1325
usemtl Material_3.108
f 11307/2857/1313 11308/2858/1313 11309/2859/1313
f 11310/2857/1313 11311/2860/1313 11308/2858/1313
f 11312/2859/1314 11313/2860/1314 11314/2857/1314
f 11315/2859/1314 11316/2858/1314 11317/2860/1314
f 11318/2857/1316 11319/2858/1316 11320/2859/1316
f 11321/2857/1316 11322/2860/1316 11319/2858/1316
f 11323/2859/1315 11324/2860/1315 11325/2857/1315
f 11326/2859/1315 11327/2858/1315 11328/2860/1315
o node.102
v 192.450089 7.340806 -176.422470
v 192.450089 28.893099 -176.422470
v 195.326996 28.893099 -176.422470
v 192.450089 7.340806 -176.422470
v 195.326996 28.893099 -176.422470
v 195.326996 7.340806 -176.422470
v 195.326996 7.340806 -173.545563
v 195.326996 28.893099 -173.545563
v 192.450089 28.893099 -173.545563
v 195.326996 7.340806 -173.545563
v 192.450089 28.893099 -173.545563
v 192.450089 7.340806 -173.545563
v 195.326996 7.340806 -176.422470
v 195.326996 28.893099 -173.545563
v 195.326996 7.340806 -173.545563
v 195.326996 7.340806 -176.422470
v 195.326996 28.893099 -176.422470
v 195.326996 28.893099 -173.545563
v 192.450089 7.340806 -173.545563
v 192.450089 28.893099 -173.545563
v 192.450089 28.893099 -176.422470
v 192.450089 7.340806 -173.545563
v 192.450089 28.893099 -176.422470
v 192.450089 7.340806 -176.422470
v 195.326996 -1.640780 -176.422470
v 192.450089 -1.640780 -176.422470
v 192.450089 7.340806 -176.422470
v 195.326996 7.340806 -176.422470
v 195.326996 -1.640780 -176.422470
v 192.450089 7.340806 -176.422470
v 192.450089 7.340806 -173.545563
v 192.450089 -1.640779 -173.545563
v 195.326996 7.340806 -173.545563
v 192.450089 -1.640779 -173.545563
v 195.326996 -1.640779 -173.545563
v 195.326996 7.340806 -173.545563
v 195.326996 7.340806 -173.545563
v 195.326996 -1.640779 -173.545563
v 195.326996 7.340806 -176.422470
v 195.326996 -1.640779 -173.545563
v 195.326996 -1.640780 -176.422470
v 195.326996 7.340806 -176.422470
v 192.450089 -1.640780 -176.422470
v 192.450089 -1.640779 -173.545563
v 192.450089 7.340806 -173.545563
v 192.450089 7.340806 -176.422470
v 192.450089 -1.640780 -176.422470
v 192.450089 7.340806 -173.545563
v 192.811462 33.562820 -173.906937
v 193.888550 39.313141 -174.984024
v 192.811462 33.562820 -176.061111
v 192.092224 32.485733 -173.187698
v 194.965637 33.562820 -173.906937
v 192.811462 33.562820 -173.906937
v 192.092224 32.485733 -173.187698
v 195.684860 32.485733 -173.187698
v 194.965637 33.562820 -173.906937
v 193.888550 39.313141 -174.984024
v 192.811462 33.562820 -173.906937
v 194.965637 33.562820 -173.906937
v 195.684860 32.485733 -176.780334
v 192.092224 32.485733 -176.780334
v 192.811462 33.562820 -176.061111
v 195.684860 32.485733 -176.780334
v 192.811462 33.562820 -176.061111
v 194.965637 33.562820 -176.061111
v 193.888550 39.313141 -174.984024
v 194.965637 33.562820 -176.061111
v 192.811462 33.562820 -176.061111
v 195.684860 32.485733 -173.187698
v 195.684860 32.485733 -176.780334
v 194.965637 33.562820 -173.906937
v 195.684860 32.485733 -176.780334
v 194.965637 33.562820 -176.061111
v 194.965637 33.562820 -173.906937
v 192.811462 33.562820 -173.906937
v 192.811462 33.562820 -176.061111
v 192.092224 32.485733 -176.780334
v 192.811462 33.562820 -173.906937
v 192.092224 32.485733 -176.780334
v 192.092224 32.485733 -173.187698
v 194.965637 33.562820 -176.061111
v 193.888550 39.313141 -174.984024
v 194.965637 33.562820 -173.906937
v 192.092224 32.485733 -176.780334
v 195.684860 32.485733 -176.780334
v 195.684860 32.485733 -173.187698
v 192.092224 32.485733 -176.780334
v 195.684860 32.485733 -173.187698
v 192.092224 32.485733 -173.187698
v 192.450089 28.893099 -176.422470
v 195.326996 32.485733 -176.422470
v 195.326996 28.893099 -176.422470
v 192.450089 28.893099 -176.422470
v 192.450089 32.485733 -176.422470
v 195.326996 28.893099 -173.545563
v 192.450089 32.485733 -173.545563
v 192.450089 28.893099 -173.545563
v 195.326996 28.893099 -173.545563
v 195.326996 32.485733 -173.545563
v 192.450089 32.485733 -173.545563
v 192.450089 28.893099 -173.545563
v 192.450089 32.485733 -176.422470
v 192.450089 28.893099 -176.422470
v 192.450089 28.893099 -173.545563
v 192.450089 32.485733 -173.545563
v 195.326996 28.893099 -176.422470
v 195.326996 32.485733 -173.545563
v 195.326996 28.893099 -173.545563
v 195.326996 28.893099 -176.422470
v 195.326996 32.485733 -176.422470
v 195.326996 32.485733 -173.545563
vn -0.0000 -0.0000 -1.0000
vn -0.0000 -0.0000 1.0000
vn 1.0000 -0.0000 -0.0000
vn -1.0000 -0.0000 -0.0000
vn -0.9829 0.1841 -0.0000
vn -0.0000 0.5553 0.8316
vn -0.0000 0.1841 0.9829
vn -0.0000 0.5553 -0.8316
vn -0.0000 0.1841 -0.9829
vn 0.8316 0.5553 -0.0000
vn -0.8316 0.5553 -0.0000
vn 0.9829 0.1841 -0.0000
vn -0.0000 -1.0000 -0.0000
vt 0.966797 -0.966797
vt 0.966797 6.517578
vt 0.000000 6.517578
vt 0.000000 -0.966797
vt 7.953125 -0.966797
vt 8.951172 6.519531
vt 8.951172 -0.966797
vt 7.953125 6.519531
vt 0.000000 2.152344
vt 0.966797 2.152344
vt 10.947266 2.152344
vt 10.947266 -0.966797
vt 9.949219 2.152344
vt 9.949219 -0.966797
vt 1.964844 -0.218750
vt 1.216797 3.773438
vt 0.468750 -0.218750
vt 0.466797 -0.218750
vt 2.464844 -0.966797
vt 2.462891 -0.966797
vt 0.134766 1.861328
vt 0.468750 1.861328
vt 0.468750 2.193359
vt 0.134766 2.193359
vt 0.966797 -0.982422
vt 0.000000 0.000000
vt 0.000000 -0.982422
vt 0.966797 0.000000
s 1
usemtl Material_0.109
f 11329/2861/1326 11330/2862/1326 11331/2863/1326
f 11332/2861/1326 11333/2863/1326 11334/2864/1326
f 11335/2864/1327 11336/2863/1327 11337/2862/1327
f 11338/2864/1327 11339/2862/1327 11340/2861/1327
f 11341/2865/1328 11342/2866/1328 11343/2867/1328
f 11344/2865/1328 11345/2868/1328 11346/2866/1328
f 11347/2867/1329 11348/2866/1329 11349/2868/1329
f 11350/2867/1329 11351/2868/1329 11352/2865/1329
f 11353/2861/1326 11354/2864/1326 11355/2869/1326
f 11356/2870/1326 11357/2861/1326 11358/2869/1326
f 11359/2869/1327 11360/2864/1327 11361/2870/1327
f 11362/2864/1327 11363/2861/1327 11364/2870/1327
f 11365/2871/1328 11366/2872/1328 11367/2873/1328
f 11368/2872/1328 11369/2874/1328 11370/2873/1328
f 11371/2874/1329 11372/2872/1329 11373/2871/1329
f 11374/2873/1329 11375/2874/1329 11376/2871/1329
usemtl Material_1.109
f 11377/2875/1330 11378/2876/1330 11379/2877/1330
f 11380/2864/1331 11381/2875/1331 11382/2878/1331
f 11383/2864/1331 11384/2879/1331 11385/2875/1331
f 11386/2876/1332 11387/2877/1332 11388/2875/1332
f 11389/2864/1333 11390/2879/1333 11391/2875/1333
f 11392/2864/1333 11393/2875/1333 11394/2877/1333
f 11395/2876/1334 11396/2877/1334 11397/2875/1334
f 11398/2864/1335 11399/2879/1335 11400/2877/1335
f 11401/2879/1335 11402/2875/1335 11403/2877/1335
f 11404/2875/1336 11405/2877/1336 11406/2864/1336
f 11407/2875/1336 11408/2864/1336 11409/2880/1336
f 11410/2875/1337 11411/2876/1337 11412/2877/1337
f 11413/2881/1338 11414/2882/1338 11415/2883/1338
f 11416/2881/1338 11417/2883/1338 11418/2884/1338
usemtl Material_3.109
f 11419/2885/1326 11420/2886/1326 11421/2887/1326
f 11422/2885/1326 11423/2888/1326 11420/2886/1326
f 11424/2887/1327 11425/2888/1327 11426/2885/1327
f 11427/2887/1327 11428/2886/1327 11429/2888/1327
f 11430/2885/1329 11431/2886/1329 11432/2887/1329
f 11433/2885/1329 11434/2888/1329 11431/2886/1329
f 11435/2887/1328 11436/2888/1328 11437/2885/1328
f 11438/2887/1328 11439/2886/1328 11440/2888/1328
o node.103
v 185.469101 7.340806 -176.422470
v 185.469101 28.893099 -176.422470
v 188.346008 28.893099 -176.422470
v 185.469101 7.340806 -176.422470
v 188.346008 28.893099 -176.422470
v 188.346008 7.340806 -176.422470
v 188.346008 7.340806 -173.545563
v 188.346008 28.893099 -173.545563
v 185.469101 28.893099 -173.545563
v 188.346008 7.340806 -173.545563
v 185.469101 28.893099 -173.545563
v 185.469101 7.340806 -173.545563
v 188.346008 7.340806 -176.422470
v 188.346008 28.893099 -173.545563
v 188.346008 7.340806 -173.545563
v 188.346008 7.340806 -176.422470
v 188.346008 28.893099 -176.422470
v 188.346008 28.893099 -173.545563
v 185.469101 7.340806 -173.545563
v 185.469101 28.893099 -173.545563
v 185.469101 28.893099 -176.422470
v 185.469101 7.340806 -173.545563
v 185.469101 28.893099 -176.422470
v 185.469101 7.340806 -176.422470
v 188.346008 -1.640780 -176.422470
v 185.469101 -1.640780 -176.422470
v 185.469101 7.340806 -176.422470
v 188.346008 7.340806 -176.422470
v 188.346008 -1.640780 -176.422470
v 185.469101 7.340806 -176.422470
v 185.469101 7.340806 -173.545563
v 185.469101 -1.640779 -173.545563
v 188.346008 7.340806 -173.545563
v 185.469101 -1.640779 -173.545563
v 188.346008 -1.640779 -173.545563
v 188.346008 7.340806 -173.545563
v 188.346008 7.340806 -173.545563
v 188.346008 -1.640779 -173.545563
v 188.346008 7.340806 -176.422470
v 188.346008 -1.640779 -173.545563
v 188.346008 -1.640780 -176.422470
v 188.346008 7.340806 -176.422470
v 185.469101 -1.640780 -176.422470
v 185.469101 -1.640779 -173.545563
v 185.469101 7.340806 -173.545563
v 185.469101 7.340806 -176.422470
v 185.469101 -1.640780 -176.422470
v 185.469101 7.340806 -173.545563
v 185.830475 33.562820 -173.906937
v 186.907562 39.313141 -174.984024
v 185.830475 33.562820 -176.061111
v 185.111237 32.485733 -173.187698
v 187.984650 33.562820 -173.906937
v 185.830475 33.562820 -173.906937
v 185.111237 32.485733 -173.187698
v 188.703873 32.485733 -173.187698
v 187.984650 33.562820 -173.906937
v 186.907562 39.313141 -174.984024
v 185.830475 33.562820 -173.906937
v 187.984650 33.562820 -173.906937
v 188.703873 32.485733 -176.780334
v 185.111237 32.485733 -176.780334
v 185.830475 33.562820 -176.061111
v 188.703873 32.485733 -176.780334
v 185.830475 33.562820 -176.061111
v 187.984650 33.562820 -176.061111
v 186.907562 39.313141 -174.984024
v 187.984650 33.562820 -176.061111
v 185.830475 33.562820 -176.061111
v 188.703873 32.485733 -173.187698
v 188.703873 32.485733 -176.780334
v 187.984650 33.562820 -173.906937
v 188.703873 32.485733 -176.780334
v 187.984650 33.562820 -176.061111
v 187.984650 33.562820 -173.906937
v 185.830475 33.562820 -173.906937
v 185.830475 33.562820 -176.061111
v 185.111237 32.485733 -176.780334
v 185.830475 33.562820 -173.906937
v 185.111237 32.485733 -176.780334
v 185.111237 32.485733 -173.187698
v 187.984650 33.562820 -176.061111
v 186.907562 39.313141 -174.984024
v 187.984650 33.562820 -173.906937
v 185.111237 32.485733 -176.780334
v 188.703873 32.485733 -176.780334
v 188.703873 32.485733 -173.187698
v 185.111237 32.485733 -176.780334
v 188.703873 32.485733 -173.187698
v 185.111237 32.485733 -173.187698
v 185.469101 28.893099 -176.422470
v 188.346008 32.485733 -176.422470
v 188.346008 28.893099 -176.422470
v 185.469101 28.893099 -176.422470
v 185.469101 32.485733 -176.422470
v 188.346008 28.893099 -173.545563
v 185.469101 32.485733 -173.545563
v 185.469101 28.893099 -173.545563
v 188.346008 28.893099 -173.545563
v 188.346008 32.485733 -173.545563
v 185.469101 32.485733 -173.545563
v 185.469101 28.893099 -173.545563
v 185.469101 32.485733 -176.422470
v 185.469101 28.893099 -176.422470
v 185.469101 28.893099 -173.545563
v 185.469101 32.485733 -173.545563
v 188.346008 28.893099 -176.422470
v 188.346008 32.485733 -173.545563
v 188.346008 28.893099 -173.545563
v 188.346008 28.893099 -176.422470
v 188.346008 32.485733 -176.422470
v 188.346008 32.485733 -173.545563
vn -0.0000 -0.0000 -1.0000
vn -0.0000 -0.0000 1.0000
vn 1.0000 -0.0000 -0.0000
vn -1.0000 -0.0000 -0.0000
vn -0.9829 0.1841 -0.0000
vn -0.0000 0.5553 0.8316
vn -0.0000 0.1841 0.9829
vn -0.0000 0.5553 -0.8316
vn -0.0000 0.1841 -0.9829
vn 0.8316 0.5553 -0.0000
vn -0.8316 0.5553 -0.0000
vn 0.9829 0.1841 -0.0000
vn -0.0000 -1.0000 -0.0000
vt 0.966797 -0.966797
vt 0.966797 6.517578
vt 0.000000 6.517578
vt 0.000000 -0.966797
vt 7.953125 -0.966797
vt 8.951172 6.519531
vt 8.951172 -0.966797
vt 7.953125 6.519531
vt 0.000000 2.152344
vt 0.966797 2.152344
vt 10.947266 2.152344
vt 10.947266 -0.966797
vt 9.949219 2.152344
vt 9.949219 -0.966797
vt 1.964844 -0.218750
vt 1.216797 3.773438
vt 0.468750 -0.218750
vt 0.466797 -0.218750
vt 2.464844 -0.966797
vt 2.462891 -0.966797
vt 0.134766 1.861328
vt 0.468750 1.861328
vt 0.468750 2.193359
vt 0.134766 2.193359
vt 0.966797 -0.982422
vt 0.000000 0.000000
vt 0.000000 -0.982422
vt 0.966797 0.000000
s 1
usemtl Material_0.110
f 11441/2889/1339 11442/2890/1339 11443/2891/1339
f 11444/2889/1339 11445/2891/1339 11446/2892/1339
f 11447/2892/1340 11448/2891/1340 11449/2890/1340
f 11450/2892/1340 11451/2890/1340 11452/2889/1340
f 11453/2893/1341 11454/2894/1341 11455/2895/1341
f 11456/2893/1341 11457/2896/1341 11458/2894/1341
f 11459/2895/1342 11460/2894/1342 11461/2896/1342
f 11462/2895/1342 11463/2896/1342 11464/2893/1342
f 11465/2889/1339 11466/2892/1339 11467/2897/1339
f 11468/2898/1339 11469/2889/1339 11470/2897/1339
f 11471/2897/1340 11472/2892/1340 11473/2898/1340
f 11474/2892/1340 11475/2889/1340 11476/2898/1340
f 11477/2899/1341 11478/2900/1341 11479/2901/1341
f 11480/2900/1341 11481/2902/1341 11482/2901/1341
f 11483/2902/1342 11484/2900/1342 11485/2899/1342
f 11486/2901/1342 11487/2902/1342 11488/2899/1342
usemtl Material_1.110
f 11489/2903/1343 11490/2904/1343 11491/2905/1343
f 11492/2892/1344 11493/2903/1344 11494/2906/1344
f 11495/2892/1344 11496/2907/1344 11497/2903/1344
f 11498/2904/1345 11499/2905/1345 11500/2903/1345
f 11501/2892/1346 11502/2907/1346 11503/2903/1346
f 11504/2892/1346 11505/2903/1346 11506/2905/1346
f 11507/2904/1347 11508/2905/1347 11509/2903/1347
f 11510/2892/1348 11511/2907/1348 11512/2905/1348
f 11513/2907/1348 11514/2903/1348 11515/2905/1348
f 11516/2903/1349 11517/2905/1349 11518/2892/1349
f 11519/2903/1349 11520/2892/1349 11521/2908/1349
f 11522/2903/1350 11523/2904/1350 11524/2905/1350
f 11525/2909/1351 11526/2910/1351 11527/2911/1351
f 11528/2909/1351 11529/2911/1351 11530/2912/1351
usemtl Material_3.110
f 11531/2913/1339 11532/2914/1339 11533/2915/1339
f 11534/2913/1339 11535/2916/1339 11532/2914/1339
f 11536/2915/1340 11537/2916/1340 11538/2913/1340
f 11539/2915/1340 11540/2914/1340 11541/2916/1340
f 11542/2913/1342 11543/2914/1342 11544/2915/1342
f 11545/2913/1342 11546/2916/1342 11543/2914/1342
f 11547/2915/1341 11548/2916/1341 11549/2913/1341
f 11550/2915/1341 11551/2914/1341 11552/2916/1341
o node.104
v 178.469742 7.340806 -176.422470
v 178.469742 28.893099 -176.422470
v 181.346649 28.893099 -176.422470
v 178.469742 7.340806 -176.422470
v 181.346649 28.893099 -176.422470
v 181.346649 7.340806 -176.422470
v 181.346649 7.340806 -173.545563
v 181.346649 28.893099 -173.545563
v 178.469742 28.893099 -173.545563
v 181.346649 7.340806 -173.545563
v 178.469742 28.893099 -173.545563
v 178.469742 7.340806 -173.545563
v 181.346649 7.340806 -176.422470
v 181.346649 28.893099 -173.545563
v 181.346649 7.340806 -173.545563
v 181.346649 7.340806 -176.422470
v 181.346649 28.893099 -176.422470
v 181.346649 28.893099 -173.545563
v 178.469742 7.340806 -173.545563
v 178.469742 28.893099 -173.545563
v 178.469742 28.893099 -176.422470
v 178.469742 7.340806 -173.545563
v 178.469742 28.893099 -176.422470
v 178.469742 7.340806 -176.422470
v 181.346649 -1.640780 -176.422470
v 178.469742 -1.640780 -176.422470
v 178.469742 7.340806 -176.422470
v 181.346649 7.340806 -176.422470
v 181.346649 -1.640780 -176.422470
v 178.469742 7.340806 -176.422470
v 178.469742 7.340806 -173.545563
v 178.469742 -1.640779 -173.545563
v 181.346649 7.340806 -173.545563
v 178.469742 -1.640779 -173.545563
v 181.346649 -1.640779 -173.545563
v 181.346649 7.340806 -173.545563
v 181.346649 7.340806 -173.545563
v 181.346649 -1.640779 -173.545563
v 181.346649 7.340806 -176.422470
v 181.346649 -1.640779 -173.545563
v 181.346649 -1.640780 -176.422470
v 181.346649 7.340806 -176.422470
v 178.469742 -1.640780 -176.422470
v 178.469742 -1.640779 -173.545563
v 178.469742 7.340806 -173.545563
v 178.469742 7.340806 -176.422470
v 178.469742 -1.640780 -176.422470
v 178.469742 7.340806 -173.545563
v 178.831116 33.562820 -173.906937
v 179.908203 39.313141 -174.984024
v 178.831116 33.562820 -176.061111
v 178.111877 32.485733 -173.187698
v 180.985291 33.562820 -173.906937
v 178.831116 33.562820 -173.906937
v 178.111877 32.485733 -173.187698
v 181.704514 32.485733 -173.187698
v 180.985291 33.562820 -173.906937
v 179.908203 39.313141 -174.984024
v 178.831116 33.562820 -173.906937
v 180.985291 33.562820 -173.906937
v 181.704514 32.485733 -176.780334
v 178.111877 32.485733 -176.780334
v 178.831116 33.562820 -176.061111
v 181.704514 32.485733 -176.780334
v 178.831116 33.562820 -176.061111
v 180.985291 33.562820 -176.061111
v 179.908203 39.313141 -174.984024
v 180.985291 33.562820 -176.061111
v 178.831116 33.562820 -176.061111
v 181.704514 32.485733 -173.187698
v 181.704514 32.485733 -176.780334
v 180.985291 33.562820 -173.906937
v 181.704514 32.485733 -176.780334
v 180.985291 33.562820 -176.061111
v 180.985291 33.562820 -173.906937
v 178.831116 33.562820 -173.906937
v 178.831116 33.562820 -176.061111
v 178.111877 32.485733 -176.780334
v 178.831116 33.562820 -173.906937
v 178.111877 32.485733 -176.780334
v 178.111877 32.485733 -173.187698
v 180.985291 33.562820 -176.061111
v 179.908203 39.313141 -174.984024
v 180.985291 33.562820 -173.906937
v 178.111877 32.485733 -176.780334
v 181.704514 32.485733 -176.780334
v 181.704514 32.485733 -173.187698
v 178.111877 32.485733 -176.780334
v 181.704514 32.485733 -173.187698
v 178.111877 32.485733 -173.187698
v 178.469742 28.893099 -176.422470
v 181.346649 32.485733 -176.422470
v 181.346649 28.893099 -176.422470
v 178.469742 28.893099 -176.422470
v 178.469742 32.485733 -176.422470
v 181.346649 28.893099 -173.545563
v 178.469742 32.485733 -173.545563
v 178.469742 28.893099 -173.545563
v 181.346649 28.893099 -173.545563
v 181.346649 32.485733 -173.545563
v 178.469742 32.485733 -173.545563
v 178.469742 28.893099 -173.545563
v 178.469742 32.485733 -176.422470
v 178.469742 28.893099 -176.422470
v 178.469742 28.893099 -173.545563
v 178.469742 32.485733 -173.545563
v 181.346649 28.893099 -176.422470
v 181.346649 32.485733 -173.545563
v 181.346649 28.893099 -173.545563
v 181.346649 28.893099 -176.422470
v 181.346649 32.485733 -176.422470
v 181.346649 32.485733 -173.545563
vn -0.0000 -0.0000 -1.0000
vn -0.0000 -0.0000 1.0000
vn 1.0000 -0.0000 -0.0000
vn -1.0000 -0.0000 -0.0000
vn -0.9829 0.1841 -0.0000
vn -0.0000 0.5553 0.8316
vn -0.0000 0.1841 0.9829
vn -0.0000 0.5553 -0.8316
vn -0.0000 0.1841 -0.9829
vn 0.8316 0.5553 -0.0000
vn -0.8316 0.5553 -0.0000
vn 0.9829 0.1841 -0.0000
vn -0.0000 -1.0000 -0.0000
vt 0.966797 -0.966797
vt 0.966797 6.517578
vt 0.000000 6.517578
vt 0.000000 -0.966797
vt 7.953125 -0.966797
vt 8.951172 6.519531
vt 8.951172 -0.966797
vt 7.953125 6.519531
vt 0.000000 2.152344
vt 0.966797 2.152344
vt 10.947266 2.152344
vt 10.947266 -0.966797
vt 9.949219 2.152344
vt 9.949219 -0.966797
vt 1.964844 -0.218750
vt 1.216797 3.773438
vt 0.468750 -0.218750
vt 0.466797 -0.218750
vt 2.464844 -0.966797
vt 2.462891 -0.966797
vt 0.134766 1.861328
vt 0.468750 1.861328
vt 0.468750 2.193359
vt 0.134766 2.193359
vt 0.966797 -0.982422
vt 0.000000 0.000000
vt 0.000000 -0.982422
vt 0.966797 0.000000
s 1
usemtl Material_0.111
f 11553/2917/1352 11554/2918/1352 11555/2919/1352
f 11556/2917/1352 11557/2919/1352 11558/2920/1352
f 11559/2920/1353 11560/2919/1353 11561/2918/1353
f 11562/2920/1353 11563/2918/1353 11564/2917/1353
f 11565/2921/1354 11566/2922/1354 11567/2923/1354
f 11568/2921/1354 11569/2924/1354 11570/2922/1354
f 11571/2923/1355 11572/2922/1355 11573/2924/1355
f 11574/2923/1355 11575/2924/1355 11576/2921/1355
f 11577/2917/1352 11578/2920/1352 11579/2925/1352
f 11580/2926/1352 11581/2917/1352 11582/2925/1352
f 11583/2925/1353 11584/2920/1353 11585/2926/1353
f 11586/2920/1353 11587/2917/1353 11588/2926/1353
f 11589/2927/1354 11590/2928/1354 11591/2929/1354
f 11592/2928/1354 11593/2930/1354 11594/2929/1354
f 11595/2930/1355 11596/2928/1355 11597/2927/1355
f 11598/2929/1355 11599/2930/1355 11600/2927/1355
usemtl Material_1.111
f 11601/2931/1356 11602/2932/1356 11603/2933/1356
f 11604/2920/1357 11605/2931/1357 11606/2934/1357
f 11607/2920/1357 11608/2935/1357 11609/2931/1357
f 11610/2932/1358 11611/2933/1358 11612/2931/1358
f 11613/2920/1359 11614/2935/1359 11615/2931/1359
f 11616/2920/1359 11617/2931/1359 11618/2933/1359
f 11619/2932/1360 11620/2933/1360 11621/2931/1360
f 11622/2920/1361 11623/2935/1361 11624/2933/1361
f 11625/2935/1361 11626/2931/1361 11627/2933/1361
f 11628/2931/1362 11629/2933/1362 11630/2920/1362
f 11631/2931/1362 11632/2920/1362 11633/2936/1362
f 11634/2931/1363 11635/2932/1363 11636/2933/1363
f 11637/2937/1364 11638/2938/1364 11639/2939/1364
f 11640/2937/1364 11641/2939/1364 11642/2940/1364
usemtl Material_3.111
f 11643/2941/1352 11644/2942/1352 11645/2943/1352
f 11646/2941/1352 11647/2944/1352 11644/2942/1352
f 11648/2943/1353 11649/2944/1353 11650/2941/1353
f 11651/2943/1353 11652/2942/1353 11653/2944/1353
f 11654/2941/1355 11655/2942/1355 11656/2943/1355
f 11657/2941/1355 11658/2944/1355 11655/2942/1355
f 11659/2943/1354 11660/2944/1354 11661/2941/1354
f 11662/2943/1354 11663/2942/1354 11664/2944/1354
o node.105
v 171.844040 7.340806 -176.422455
v 171.844040 28.893099 -176.422455
v 174.720947 28.893099 -176.422455
v 171.844040 7.340806 -176.422455
v 174.720947 28.893099 -176.422455
v 174.720947 7.340806 -176.422455
v 174.720947 7.340806 -173.545547
v 174.720947 28.893099 -173.545547
v 171.844040 28.893099 -173.545547
v 174.720947 7.340806 -173.545547
v 171.844040 28.893099 -173.545547
v 171.844040 7.340806 -173.545547
v 174.720947 7.340806 -176.422455
v 174.720947 28.893099 -173.545547
v 174.720947 7.340806 -173.545547
v 174.720947 7.340806 -176.422455
v 174.720947 28.893099 -176.422455
v 174.720947 28.893099 -173.545547
v 171.844040 7.340806 -173.545547
v 171.844040 28.893099 -173.545547
v 171.844040 28.893099 -176.422455
v 171.844040 7.340806 -173.545547
v 171.844040 28.893099 -176.422455
v 171.844040 7.340806 -176.422455
v 174.720947 -1.640780 -176.422455
v 171.844040 -1.640780 -176.422455
v 171.844040 7.340806 -176.422455
v 174.720947 7.340806 -176.422455
v 174.720947 -1.640780 -176.422455
v 171.844040 7.340806 -176.422455
v 171.844040 7.340806 -173.545547
v 171.844040 -1.640779 -173.545547
v 174.720947 7.340806 -173.545547
v 171.844040 -1.640779 -173.545547
v 174.720947 -1.640779 -173.545547
v 174.720947 7.340806 -173.545547
v 174.720947 7.340806 -173.545547
v 174.720947 -1.640779 -173.545547
v 174.720947 7.340806 -176.422455
v 174.720947 -1.640779 -173.545547
v 174.720947 -1.640780 -176.422455
v 174.720947 7.340806 -176.422455
v 171.844040 -1.640780 -176.422455
v 171.844040 -1.640779 -173.545547
v 171.844040 7.340806 -173.545547
v 171.844040 7.340806 -176.422455
v 171.844040 -1.640780 -176.422455
v 171.844040 7.340806 -173.545547
v 172.205414 33.562820 -173.906921
v 173.282501 39.313141 -174.984009
v 172.205414 33.562820 -176.061096
v 171.486176 32.485733 -173.187683
v 174.359589 33.562820 -173.906921
v 172.205414 33.562820 -173.906921
v 171.486176 32.485733 -173.187683
v 175.078812 32.485733 -173.187683
v 174.359589 33.562820 -173.906921
v 173.282501 39.313141 -174.984009
v 172.205414 33.562820 -173.906921
v 174.359589 33.562820 -173.906921
v 175.078812 32.485733 -176.780319
v 171.486176 32.485733 -176.780319
v 172.205414 33.562820 -176.061096
v 175.078812 32.485733 -176.780319
v 172.205414 33.562820 -176.061096
v 174.359589 33.562820 -176.061096
v 173.282501 39.313141 -174.984009
v 174.359589 33.562820 -176.061096
v 172.205414 33.562820 -176.061096
v 175.078812 32.485733 -173.187683
v 175.078812 32.485733 -176.780319
v 174.359589 33.562820 -173.906921
v 175.078812 32.485733 -176.780319
v 174.359589 33.562820 -176.061096
v 174.359589 33.562820 -173.906921
v 172.205414 33.562820 -173.906921
v 172.205414 33.562820 -176.061096
v 171.486176 32.485733 -176.780319
v 172.205414 33.562820 -173.906921
v 171.486176 32.485733 -176.780319
v 171.486176 32.485733 -173.187683
v 174.359589 33.562820 -176.061096
v 173.282501 39.313141 -174.984009
v 174.359589 33.562820 -173.906921
v 171.486176 32.485733 -176.780319
v 175.078812 32.485733 -176.780319
v 175.078812 32.485733 -173.187683
v 171.486176 32.485733 -176.780319
v 175.078812 32.485733 -173.187683
v 171.486176 32.485733 -173.187683
v 171.844040 28.893099 -176.422455
v 174.720947 32.485733 -176.422455
v 174.720947 28.893099 -176.422455
v 171.844040 28.893099 -176.422455
v 171.844040 32.485733 -176.422455
v 174.720947 28.893099 -173.545547
v 171.844040 32.485733 -173.545547
v 171.844040 28.893099 -173.545547
v 174.720947 28.893099 -173.545547
v 174.720947 32.485733 -173.545547
v 171.844040 32.485733 -173.545547
v 171.844040 28.893099 -173.545547
v 171.844040 32.485733 -176.422455
v 171.844040 28.893099 -176.422455
v 171.844040 28.893099 -173.545547
v 171.844040 32.485733 -173.545547
v 174.720947 28.893099 -176.422455
v 174.720947 32.485733 -173.545547
v 174.720947 28.893099 -173.545547
v 174.720947 28.893099 -176.422455
v 174.720947 32.485733 -176.422455
v 174.720947 32.485733 -173.545547
vn -0.0000 -0.0000 -1.0000
vn -0.0000 -0.0000 1.0000
vn 1.0000 -0.0000 -0.0000
vn -1.0000 -0.0000 -0.0000
vn -0.9829 0.1841 -0.0000
vn -0.0000 0.5553 0.8316
vn -0.0000 0.1841 0.9829
vn -0.0000 0.5553 -0.8316
vn -0.0000 0.1841 -0.9829
vn 0.8316 0.5553 -0.0000
vn -0.8316 0.5553 -0.0000
vn 0.9829 0.1841 -0.0000
vn -0.0000 -1.0000 -0.0000
vt 0.966797 -0.966797
vt 0.966797 6.517578
vt 0.000000 6.517578
vt 0.000000 -0.966797
vt 7.953125 -0.966797
vt 8.951172 6.519531
vt 8.951172 -0.966797
vt 7.953125 6.519531
vt 0.000000 2.152344
vt 0.966797 2.152344
vt 10.947266 2.152344
vt 10.947266 -0.966797
vt 9.949219 2.152344
vt 9.949219 -0.966797
vt 1.964844 -0.218750
vt 1.216797 3.773438
vt 0.468750 -0.218750
vt 0.466797 -0.218750
vt 2.464844 -0.966797
vt 2.462891 -0.966797
vt 0.134766 1.861328
vt 0.468750 1.861328
vt 0.468750 2.193359
vt 0.134766 2.193359
vt 0.966797 -0.982422
vt 0.000000 0.000000
vt 0.000000 -0.982422
vt 0.966797 0.000000
s 1
usemtl Material_0.112
f 11665/2945/1365 11666/2946/1365 11667/2947/1365
f 11668/2945/1365 11669/2947/1365 11670/2948/1365
f 11671/2948/1366 11672/2947/1366 11673/2946/1366
f 11674/2948/1366 11675/2946/1366 11676/2945/1366
f 11677/2949/1367 11678/2950/1367 11679/2951/1367
f 11680/2949/1367 11681/2952/1367 11682/2950/1367
f 11683/2951/1368 11684/2950/1368 11685/2952/1368
f 11686/2951/1368 11687/2952/1368 11688/2949/1368
f 11689/2945/1365 11690/2948/1365 11691/2953/1365
f 11692/2954/1365 11693/2945/1365 11694/2953/1365
f 11695/2953/1366 11696/2948/1366 11697/2954/1366
f 11698/2948/1366 11699/2945/1366 11700/2954/1366
f 11701/2955/1367 11702/2956/1367 11703/2957/1367
f 11704/2956/1367 11705/2958/1367 11706/2957/1367
f 11707/2958/1368 11708/2956/1368 11709/2955/1368
f 11710/2957/1368 11711/2958/1368 11712/2955/1368
usemtl Material_1.112
f 11713/2959/1369 11714/2960/1369 11715/2961/1369
f 11716/2948/1370 11717/2959/1370 11718/2962/1370
f 11719/2948/1370 11720/2963/1370 11721/2959/1370
f 11722/2960/1371 11723/2961/1371 11724/2959/1371
f 11725/2948/1372 11726/2963/1372 11727/2959/1372
f 11728/2948/1372 11729/2959/1372 11730/2961/1372
f 11731/2960/1373 11732/2961/1373 11733/2959/1373
f 11734/2948/1374 11735/2963/1374 11736/2961/1374
f 11737/2963/1374 11738/2959/1374 11739/2961/1374
f 11740/2959/1375 11741/2961/1375 11742/2948/1375
f 11743/2959/1375 11744/2948/1375 11745/2964/1375
f 11746/2959/1376 11747/2960/1376 11748/2961/1376
f 11749/2965/1377 11750/2966/1377 11751/2967/1377
f 11752/2965/1377 11753/2967/1377 11754/2968/1377
usemtl Material_3.112
f 11755/2969/1365 11756/2970/1365 11757/2971/1365
f 11758/2969/1365 11759/2972/1365 11756/2970/1365
f 11760/2971/1366 11761/2972/1366 11762/2969/1366
f 11763/2971/1366 11764/2970/1366 11765/2972/1366
f 11766/2969/1368 11767/2970/1368 11768/2971/1368
f 11769/2969/1368 11770/2972/1368 11767/2970/1368
f 11771/2971/1367 11772/2972/1367 11773/2969/1367
f 11774/2971/1367 11775/2970/1367 11776/2972/1367
o Cube.002
v 157.161819 0.160107 -159.831024
v 157.161819 5.828139 -159.831024
v 157.161819 0.160107 -168.909180
v 157.161819 5.828139 -168.909180
v 267.970123 0.160107 -159.831024
v 267.970123 5.828139 -159.831024
v 267.970123 0.160107 -168.909180
v 267.970123 5.828139 -168.909180
vn -1.0000 -0.0000 -0.0000
vn -0.0000 -0.0000 -1.0000
vn 1.0000 -0.0000 -0.0000
vn -0.0000 -0.0000 1.0000
vn -0.0000 -1.0000 -0.0000
vn -0.0000 1.0000 -0.0000
vt 0.000000 0.000000
vt 1.000000 0.000000
vt 1.000000 1.000000
vt 0.000000 1.000000
vt 0.000000 -4.886743
vt 1.000000 -4.886743
vt 1.000000 5.886743
vt 0.000000 5.886743
vt 0.000000 -5.708642
vt 1.000000 -5.708642
vt 1.000000 6.708642
vt 0.000000 6.708642
vt -11.978818 -0.413834
vt 12.978818 -0.413834
vt 12.978818 1.413834
vt -11.978818 1.413834
s 0
usemtl Material.003
f 11777/2973/1378 11778/2974/1378 11780/2975/1378 11779/2976/1378
f 11779/2977/1379 11780/2978/1379 11784/2979/1379 11783/2980/1379
f 11783/2973/1380 11784/2974/1380 11782/2975/1380 11781/2976/1380
f 11781/2981/1381 11782/2982/1381 11778/2983/1381 11777/2984/1381
f 11779/2985/1382 11783/2986/1382 11781/2987/1382 11777/2988/1382
f 11784/2985/1383 11780/2986/1383 11778/2987/1383 11782/2988/1383
o Cube.003
v 297.461304 19.155010 -159.831024
v 297.461304 24.823044 -159.831024
v 297.461304 19.155010 -168.909180
v 297.461304 24.823044 -168.909180
v 408.269592 19.155010 -159.831024
v 408.269592 24.823044 -159.831024
v 408.269592 19.155010 -168.909180
v 408.269592 24.823044 -168.909180
vn -1.0000 -0.0000 -0.0000
vn -0.0000 -0.0000 -1.0000
vn 1.0000 -0.0000 -0.0000
vn -0.0000 -0.0000 1.0000
vn -0.0000 -1.0000 -0.0000
vn -0.0000 1.0000 -0.0000
vt 0.000000 0.000000
vt 1.000000 0.000000
vt 1.000000 1.000000
vt 0.000000 1.000000
vt 0.000000 -4.886743
vt 1.000000 -4.886743
vt 1.000000 5.886743
vt 0.000000 5.886743
vt 0.000000 -5.708642
vt 1.000000 -5.708642
vt 1.000000 6.708642
vt 0.000000 6.708642
vt -11.978818 -0.413834
vt 12.978818 -0.413834
vt 12.978818 1.413834
vt -11.978818 1.413834
s 0
usemtl Material.004
f 11785/2989/1384 11786/2990/1384 11788/2991/1384 11787/2992/1384
f 11787/2993/1385 11788/2994/1385 11792/2995/1385 11791/2996/1385
f 11791/2989/1386 11792/2990/1386 11790/2991/1386 11789/2992/1386
f 11789/2997/1387 11790/2998/1387 11786/2999/1387 11785/3000/1387
f 11787/3001/1388 11791/3002/1388 11789/3003/1388 11785/3004/1388
f 11792/3001/1389 11788/3002/1389 11786/3003/1389 11790/3004/1389
o node.106
v 301.030609 7.340806 -176.510468
v 301.030609 28.893099 -176.510468
v 303.907532 28.893099 -176.510468
v 301.030609 7.340806 -176.510468
v 303.907532 28.893099 -176.510468
v 303.907532 7.340806 -176.510468
v 303.907532 7.340806 -173.633560
v 303.907532 28.893099 -173.633560
v 301.030609 28.893099 -173.633560
v 303.907532 7.340806 -173.633560
v 301.030609 28.893099 -173.633560
v 301.030609 7.340806 -173.633560
v 303.907532 7.340806 -176.510468
v 303.907532 28.893099 -173.633560
v 303.907532 7.340806 -173.633560
v 303.907532 7.340806 -176.510468
v 303.907532 28.893099 -176.510468
v 303.907532 28.893099 -173.633560
v 301.030609 7.340806 -173.633560
v 301.030609 28.893099 -173.633560
v 301.030609 28.893099 -176.510468
v 301.030609 7.340806 -173.633560
v 301.030609 28.893099 -176.510468
v 301.030609 7.340806 -176.510468
v 303.907532 -1.640780 -176.510468
v 301.030609 -1.640780 -176.510468
v 301.030609 7.340806 -176.510468
v 303.907532 7.340806 -176.510468
v 303.907532 -1.640780 -176.510468
v 301.030609 7.340806 -176.510468
v 301.030609 7.340806 -173.633560
v 301.030609 -1.640779 -173.633560
v 303.907532 7.340806 -173.633560
v 301.030609 -1.640779 -173.633560
v 303.907532 -1.640779 -173.633560
v 303.907532 7.340806 -173.633560
v 303.907532 7.340806 -173.633560
v 303.907532 -1.640779 -173.633560
v 303.907532 7.340806 -176.510468
v 303.907532 -1.640779 -173.633560
v 303.907532 -1.640780 -176.510468
v 303.907532 7.340806 -176.510468
v 301.030609 -1.640780 -176.510468
v 301.030609 -1.640779 -173.633560
v 301.030609 7.340806 -173.633560
v 301.030609 7.340806 -176.510468
v 301.030609 -1.640780 -176.510468
v 301.030609 7.340806 -173.633560
v 301.391998 33.562820 -173.994934
v 302.469086 39.313141 -175.072021
v 301.391998 33.562820 -176.149109
v 300.672760 32.485733 -173.275696
v 303.546173 33.562820 -173.994934
v 301.391998 33.562820 -173.994934
v 300.672760 32.485733 -173.275696
v 304.265411 32.485733 -173.275696
v 303.546173 33.562820 -173.994934
v 302.469086 39.313141 -175.072021
v 301.391998 33.562820 -173.994934
v 303.546173 33.562820 -173.994934
v 304.265411 32.485733 -176.868332
v 300.672760 32.485733 -176.868332
v 301.391998 33.562820 -176.149109
v 304.265411 32.485733 -176.868332
v 301.391998 33.562820 -176.149109
v 303.546173 33.562820 -176.149109
v 302.469086 39.313141 -175.072021
v 303.546173 33.562820 -176.149109
v 301.391998 33.562820 -176.149109
v 304.265411 32.485733 -173.275696
v 304.265411 32.485733 -176.868332
v 303.546173 33.562820 -173.994934
v 304.265411 32.485733 -176.868332
v 303.546173 33.562820 -176.149109
v 303.546173 33.562820 -173.994934
v 301.391998 33.562820 -173.994934
v 301.391998 33.562820 -176.149109
v 300.672760 32.485733 -176.868332
v 301.391998 33.562820 -173.994934
v 300.672760 32.485733 -176.868332
v 300.672760 32.485733 -173.275696
v 303.546173 33.562820 -176.149109
v 302.469086 39.313141 -175.072021
v 303.546173 33.562820 -173.994934
v 300.672760 32.485733 -176.868332
v 304.265411 32.485733 -176.868332
v 304.265411 32.485733 -173.275696
v 300.672760 32.485733 -176.868332
v 304.265411 32.485733 -173.275696
v 300.672760 32.485733 -173.275696
v 301.030609 28.893099 -176.510468
v 303.907532 32.485733 -176.510468
v 303.907532 28.893099 -176.510468
v 301.030609 28.893099 -176.510468
v 301.030609 32.485733 -176.510468
v 303.907532 28.893099 -173.633560
v 301.030609 32.485733 -173.633560
v 301.030609 28.893099 -173.633560
v 303.907532 28.893099 -173.633560
v 303.907532 32.485733 -173.633560
v 301.030609 32.485733 -173.633560
v 301.030609 28.893099 -173.633560
v 301.030609 32.485733 -176.510468
v 301.030609 28.893099 -176.510468
v 301.030609 28.893099 -173.633560
v 301.030609 32.485733 -173.633560
v 303.907532 28.893099 -176.510468
v 303.907532 32.485733 -173.633560
v 303.907532 28.893099 -173.633560
v 303.907532 28.893099 -176.510468
v 303.907532 32.485733 -176.510468
v 303.907532 32.485733 -173.633560
vn -0.0000 -0.0000 -1.0000
vn -0.0000 -0.0000 1.0000
vn 1.0000 -0.0000 -0.0000
vn -1.0000 -0.0000 -0.0000
vn -0.9829 0.1841 -0.0000
vn -0.0000 0.5553 0.8316
vn -0.0000 0.1841 0.9829
vn -0.0000 0.5553 -0.8316
vn -0.0000 0.1841 -0.9829
vn 0.8316 0.5553 -0.0000
vn -0.8316 0.5553 -0.0000
vn 0.9829 0.1841 -0.0000
vn -0.0000 -1.0000 -0.0000
vt 0.966797 -0.966797
vt 0.966797 6.517578
vt 0.000000 6.517578
vt 0.000000 -0.966797
vt 7.953125 -0.966797
vt 8.951172 6.519531
vt 8.951172 -0.966797
vt 7.953125 6.519531
vt 0.000000 2.152344
vt 0.966797 2.152344
vt 10.947266 2.152344
vt 10.947266 -0.966797
vt 9.949219 2.152344
vt 9.949219 -0.966797
vt 1.964844 -0.218750
vt 1.216797 3.773438
vt 0.468750 -0.218750
vt 0.466797 -0.218750
vt 2.464844 -0.966797
vt 2.462891 -0.966797
vt 0.134766 1.861328
vt 0.468750 1.861328
vt 0.468750 2.193359
vt 0.134766 2.193359
vt 0.966797 -0.982422
vt 0.000000 0.000000
vt 0.000000 -0.982422
vt 0.966797 0.000000
s 1
usemtl Material_0.113
f 11793/3005/1390 11794/3006/1390 11795/3007/1390
f 11796/3005/1390 11797/3007/1390 11798/3008/1390
f 11799/3008/1391 11800/3007/1391 11801/3006/1391
f 11802/3008/1391 11803/3006/1391 11804/3005/1391
f 11805/3009/1392 11806/3010/1392 11807/3011/1392
f 11808/3009/1392 11809/3012/1392 11810/3010/1392
f 11811/3011/1393 11812/3010/1393 11813/3012/1393
f 11814/3011/1393 11815/3012/1393 11816/3009/1393
f 11817/3005/1390 11818/3008/1390 11819/3013/1390
f 11820/3014/1390 11821/3005/1390 11822/3013/1390
f 11823/3013/1391 11824/3008/1391 11825/3014/1391
f 11826/3008/1391 11827/3005/1391 11828/3014/1391
f 11829/3015/1392 11830/3016/1392 11831/3017/1392
f 11832/3016/1392 11833/3018/1392 11834/3017/1392
f 11835/3018/1393 11836/3016/1393 11837/3015/1393
f 11838/3017/1393 11839/3018/1393 11840/3015/1393
usemtl Material_1.113
f 11841/3019/1394 11842/3020/1394 11843/3021/1394
f 11844/3008/1395 11845/3019/1395 11846/3022/1395
f 11847/3008/1395 11848/3023/1395 11849/3019/1395
f 11850/3020/1396 11851/3021/1396 11852/3019/1396
f 11853/3008/1397 11854/3023/1397 11855/3019/1397
f 11856/3008/1397 11857/3019/1397 11858/3021/1397
f 11859/3020/1398 11860/3021/1398 11861/3019/1398
f 11862/3008/1399 11863/3023/1399 11864/3021/1399
f 11865/3023/1399 11866/3019/1399 11867/3021/1399
f 11868/3019/1400 11869/3021/1400 11870/3008/1400
f 11871/3019/1400 11872/3008/1400 11873/3024/1400
f 11874/3019/1401 11875/3020/1401 11876/3021/1401
f 11877/3025/1402 11878/3026/1402 11879/3027/1402
f 11880/3025/1402 11881/3027/1402 11882/3028/1402
usemtl Material_3.113
f 11883/3029/1390 11884/3030/1390 11885/3031/1390
f 11886/3029/1390 11887/3032/1390 11884/3030/1390
f 11888/3031/1391 11889/3032/1391 11890/3029/1391
f 11891/3031/1391 11892/3030/1391 11893/3032/1391
f 11894/3029/1393 11895/3030/1393 11896/3031/1393
f 11897/3029/1393 11898/3032/1393 11895/3030/1393
f 11899/3031/1392 11900/3032/1392 11901/3029/1392
f 11902/3031/1392 11903/3030/1392 11904/3032/1392
o node.107
v 315.912292 7.340806 -176.510468
v 315.912292 28.893099 -176.510468
v 318.789215 28.893099 -176.510468
v 315.912292 7.340806 -176.510468
v 318.789215 28.893099 -176.510468
v 318.789215 7.340806 -176.510468
v 318.789215 7.340806 -173.633560
v 318.789215 28.893099 -173.633560
v 315.912292 28.893099 -173.633560
v 318.789215 7.340806 -173.633560
v 315.912292 28.893099 -173.633560
v 315.912292 7.340806 -173.633560
v 318.789215 7.340806 -176.510468
v 318.789215 28.893099 -173.633560
v 318.789215 7.340806 -173.633560
v 318.789215 7.340806 -176.510468
v 318.789215 28.893099 -176.510468
v 318.789215 28.893099 -173.633560
v 315.912292 7.340806 -173.633560
v 315.912292 28.893099 -173.633560
v 315.912292 28.893099 -176.510468
v 315.912292 7.340806 -173.633560
v 315.912292 28.893099 -176.510468
v 315.912292 7.340806 -176.510468
v 318.789215 -1.640780 -176.510468
v 315.912292 -1.640780 -176.510468
v 315.912292 7.340806 -176.510468
v 318.789215 7.340806 -176.510468
v 318.789215 -1.640780 -176.510468
v 315.912292 7.340806 -176.510468
v 315.912292 7.340806 -173.633560
v 315.912292 -1.640779 -173.633560
v 318.789215 7.340806 -173.633560
v 315.912292 -1.640779 -173.633560
v 318.789215 -1.640779 -173.633560
v 318.789215 7.340806 -173.633560
v 318.789215 7.340806 -173.633560
v 318.789215 -1.640779 -173.633560
v 318.789215 7.340806 -176.510468
v 318.789215 -1.640779 -173.633560
v 318.789215 -1.640780 -176.510468
v 318.789215 7.340806 -176.510468
v 315.912292 -1.640780 -176.510468
v 315.912292 -1.640779 -173.633560
v 315.912292 7.340806 -173.633560
v 315.912292 7.340806 -176.510468
v 315.912292 -1.640780 -176.510468
v 315.912292 7.340806 -173.633560
v 316.273682 33.562820 -173.994934
v 317.350769 39.313141 -175.072021
v 316.273682 33.562820 -176.149109
v 315.554443 32.485733 -173.275696
v 318.427856 33.562820 -173.994934
v 316.273682 33.562820 -173.994934
v 315.554443 32.485733 -173.275696
v 319.147095 32.485733 -173.275696
v 318.427856 33.562820 -173.994934
v 317.350769 39.313141 -175.072021
v 316.273682 33.562820 -173.994934
v 318.427856 33.562820 -173.994934
v 319.147095 32.485733 -176.868332
v 315.554443 32.485733 -176.868332
v 316.273682 33.562820 -176.149109
v 319.147095 32.485733 -176.868332
v 316.273682 33.562820 -176.149109
v 318.427856 33.562820 -176.149109
v 317.350769 39.313141 -175.072021
v 318.427856 33.562820 -176.149109
v 316.273682 33.562820 -176.149109
v 319.147095 32.485733 -173.275696
v 319.147095 32.485733 -176.868332
v 318.427856 33.562820 -173.994934
v 319.147095 32.485733 -176.868332
v 318.427856 33.562820 -176.149109
v 318.427856 33.562820 -173.994934
v 316.273682 33.562820 -173.994934
v 316.273682 33.562820 -176.149109
v 315.554443 32.485733 -176.868332
v 316.273682 33.562820 -173.994934
v 315.554443 32.485733 -176.868332
v 315.554443 32.485733 -173.275696
v 318.427856 33.562820 -176.149109
v 317.350769 39.313141 -175.072021
v 318.427856 33.562820 -173.994934
v 315.554443 32.485733 -176.868332
v 319.147095 32.485733 -176.868332
v 319.147095 32.485733 -173.275696
v 315.554443 32.485733 -176.868332
v 319.147095 32.485733 -173.275696
v 315.554443 32.485733 -173.275696
v 315.912292 28.893099 -176.510468
v 318.789215 32.485733 -176.510468
v 318.789215 28.893099 -176.510468
v 315.912292 28.893099 -176.510468
v 315.912292 32.485733 -176.510468
v 318.789215 28.893099 -173.633560
v 315.912292 32.485733 -173.633560
v 315.912292 28.893099 -173.633560
v 318.789215 28.893099 -173.633560
v 318.789215 32.485733 -173.633560
v 315.912292 32.485733 -173.633560
v 315.912292 28.893099 -173.633560
v 315.912292 32.485733 -176.510468
v 315.912292 28.893099 -176.510468
v 315.912292 28.893099 -173.633560
v 315.912292 32.485733 -173.633560
v 318.789215 28.893099 -176.510468
v 318.789215 32.485733 -173.633560
v 318.789215 28.893099 -173.633560
v 318.789215 28.893099 -176.510468
v 318.789215 32.485733 -176.510468
v 318.789215 32.485733 -173.633560
vn -0.0000 -0.0000 -1.0000
vn -0.0000 -0.0000 1.0000
vn 1.0000 -0.0000 -0.0000
vn -1.0000 -0.0000 -0.0000
vn -0.9829 0.1841 -0.0000
vn -0.0000 0.5553 0.8316
vn -0.0000 0.1841 0.9829
vn -0.0000 0.5553 -0.8316
vn -0.0000 0.1841 -0.9829
vn 0.8316 0.5553 -0.0000
vn -0.8316 0.5553 -0.0000
vn 0.9829 0.1841 -0.0000
vn -0.0000 -1.0000 -0.0000
vt 0.966797 -0.966797
vt 0.966797 6.517578
vt 0.000000 6.517578
vt 0.000000 -0.966797
vt 7.953125 -0.966797
vt 8.951172 6.519531
vt 8.951172 -0.966797
vt 7.953125 6.519531
vt 0.000000 2.152344
vt 0.966797 2.152344
vt 10.947266 2.152344
vt 10.947266 -0.966797
vt 9.949219 2.152344
vt 9.949219 -0.966797
vt 1.964844 -0.218750
vt 1.216797 3.773438
vt 0.468750 -0.218750
vt 0.466797 -0.218750
vt 2.464844 -0.966797
vt 2.462891 -0.966797
vt 0.134766 1.861328
vt 0.468750 1.861328
vt 0.468750 2.193359
vt 0.134766 2.193359
vt 0.966797 -0.982422
vt 0.000000 0.000000
vt 0.000000 -0.982422
vt 0.966797 0.000000
s 1
usemtl Material_0.114
f 11905/3033/1403 11906/3034/1403 11907/3035/1403
f 11908/3033/1403 11909/3035/1403 11910/3036/1403
f 11911/3036/1404 11912/3035/1404 11913/3034/1404
f 11914/3036/1404 11915/3034/1404 11916/3033/1404
f 11917/3037/1405 11918/3038/1405 11919/3039/1405
f 11920/3037/1405 11921/3040/1405 11922/3038/1405
f 11923/3039/1406 11924/3038/1406 11925/3040/1406
f 11926/3039/1406 11927/3040/1406 11928/3037/1406
f 11929/3033/1403 11930/3036/1403 11931/3041/1403
f 11932/3042/1403 11933/3033/1403 11934/3041/1403
f 11935/3041/1404 11936/3036/1404 11937/3042/1404
f 11938/3036/1404 11939/3033/1404 11940/3042/1404
f 11941/3043/1405 11942/3044/1405 11943/3045/1405
f 11944/3044/1405 11945/3046/1405 11946/3045/1405
f 11947/3046/1406 11948/3044/1406 11949/3043/1406
f 11950/3045/1406 11951/3046/1406 11952/3043/1406
usemtl Material_1.114
f 11953/3047/1407 11954/3048/1407 11955/3049/1407
f 11956/3036/1408 11957/3047/1408 11958/3050/1408
f 11959/3036/1408 11960/3051/1408 11961/3047/1408
f 11962/3048/1409 11963/3049/1409 11964/3047/1409
f 11965/3036/1410 11966/3051/1410 11967/3047/1410
f 11968/3036/1410 11969/3047/1410 11970/3049/1410
f 11971/3048/1411 11972/3049/1411 11973/3047/1411
f 11974/3036/1412 11975/3051/1412 11976/3049/1412
f 11977/3051/1412 11978/3047/1412 11979/3049/1412
f 11980/3047/1413 11981/3049/1413 11982/3036/1413
f 11983/3047/1413 11984/3036/1413 11985/3052/1413
f 11986/3047/1414 11987/3048/1414 11988/3049/1414
f 11989/3053/1415 11990/3054/1415 11991/3055/1415
f 11992/3053/1415 11993/3055/1415 11994/3056/1415
usemtl Material_3.114
f 11995/3057/1403 11996/3058/1403 11997/3059/1403
f 11998/3057/1403 11999/3060/1403 11996/3058/1403
f 12000/3059/1404 12001/3060/1404 12002/3057/1404
f 12003/3059/1404 12004/3058/1404 12005/3060/1404
f 12006/3057/1406 12007/3058/1406 12008/3059/1406
f 12009/3057/1406 12010/3060/1406 12007/3058/1406
f 12011/3059/1405 12012/3060/1405 12013/3057/1405
f 12014/3059/1405 12015/3058/1405 12016/3060/1405
o node.108
v 332.992249 7.340806 -176.510468
v 332.992249 28.893099 -176.510468
v 335.869171 28.893099 -176.510468
v 332.992249 7.340806 -176.510468
v 335.869171 28.893099 -176.510468
v 335.869171 7.340806 -176.510468
v 335.869171 7.340806 -173.633560
v 335.869171 28.893099 -173.633560
v 332.992249 28.893099 -173.633560
v 335.869171 7.340806 -173.633560
v 332.992249 28.893099 -173.633560
v 332.992249 7.340806 -173.633560
v 335.869171 7.340806 -176.510468
v 335.869171 28.893099 -173.633560
v 335.869171 7.340806 -173.633560
v 335.869171 7.340806 -176.510468
v 335.869171 28.893099 -176.510468
v 335.869171 28.893099 -173.633560
v 332.992249 7.340806 -173.633560
v 332.992249 28.893099 -173.633560
v 332.992249 28.893099 -176.510468
v 332.992249 7.340806 -173.633560
v 332.992249 28.893099 -176.510468
v 332.992249 7.340806 -176.510468
v 335.869171 -1.640780 -176.510468
v 332.992249 -1.640780 -176.510468
v 332.992249 7.340806 -176.510468
v 335.869171 7.340806 -176.510468
v 335.869171 -1.640780 -176.510468
v 332.992249 7.340806 -176.510468
v 332.992249 7.340806 -173.633560
v 332.992249 -1.640779 -173.633560
v 335.869171 7.340806 -173.633560
v 332.992249 -1.640779 -173.633560
v 335.869171 -1.640779 -173.633560
v 335.869171 7.340806 -173.633560
v 335.869171 7.340806 -173.633560
v 335.869171 -1.640779 -173.633560
v 335.869171 7.340806 -176.510468
v 335.869171 -1.640779 -173.633560
v 335.869171 -1.640780 -176.510468
v 335.869171 7.340806 -176.510468
v 332.992249 -1.640780 -176.510468
v 332.992249 -1.640779 -173.633560
v 332.992249 7.340806 -173.633560
v 332.992249 7.340806 -176.510468
v 332.992249 -1.640780 -176.510468
v 332.992249 7.340806 -173.633560
v 333.353638 33.562820 -173.994934
v 334.430725 39.313141 -175.072021
v 333.353638 33.562820 -176.149109
v 332.634399 32.485733 -173.275696
v 335.507812 33.562820 -173.994934
v 333.353638 33.562820 -173.994934
v 332.634399 32.485733 -173.275696
v 336.227051 32.485733 -173.275696
v 335.507812 33.562820 -173.994934
v 334.430725 39.313141 -175.072021
v 333.353638 33.562820 -173.994934
v 335.507812 33.562820 -173.994934
v 336.227051 32.485733 -176.868332
v 332.634399 32.485733 -176.868332
v 333.353638 33.562820 -176.149109
v 336.227051 32.485733 -176.868332
v 333.353638 33.562820 -176.149109
v 335.507812 33.562820 -176.149109
v 334.430725 39.313141 -175.072021
v 335.507812 33.562820 -176.149109
v 333.353638 33.562820 -176.149109
v 336.227051 32.485733 -173.275696
v 336.227051 32.485733 -176.868332
v 335.507812 33.562820 -173.994934
v 336.227051 32.485733 -176.868332
v 335.507812 33.562820 -176.149109
v 335.507812 33.562820 -173.994934
v 333.353638 33.562820 -173.994934
v 333.353638 33.562820 -176.149109
v 332.634399 32.485733 -176.868332
v 333.353638 33.562820 -173.994934
v 332.634399 32.485733 -176.868332
v 332.634399 32.485733 -173.275696
v 335.507812 33.562820 -176.149109
v 334.430725 39.313141 -175.072021
v 335.507812 33.562820 -173.994934
v 332.634399 32.485733 -176.868332
v 336.227051 32.485733 -176.868332
v 336.227051 32.485733 -173.275696
v 332.634399 32.485733 -176.868332
v 336.227051 32.485733 -173.275696
v 332.634399 32.485733 -173.275696
v 332.992249 28.893099 -176.510468
v 335.869171 32.485733 -176.510468
v 335.869171 28.893099 -176.510468
v 332.992249 28.893099 -176.510468
v 332.992249 32.485733 -176.510468
v 335.869171 28.893099 -173.633560
v 332.992249 32.485733 -173.633560
v 332.992249 28.893099 -173.633560
v 335.869171 28.893099 -173.633560
v 335.869171 32.485733 -173.633560
v 332.992249 32.485733 -173.633560
v 332.992249 28.893099 -173.633560
v 332.992249 32.485733 -176.510468
v 332.992249 28.893099 -176.510468
v 332.992249 28.893099 -173.633560
v 332.992249 32.485733 -173.633560
v 335.869171 28.893099 -176.510468
v 335.869171 32.485733 -173.633560
v 335.869171 28.893099 -173.633560
v 335.869171 28.893099 -176.510468
v 335.869171 32.485733 -176.510468
v 335.869171 32.485733 -173.633560
vn -0.0000 -0.0000 -1.0000
vn -0.0000 -0.0000 1.0000
vn 1.0000 -0.0000 -0.0000
vn -1.0000 -0.0000 -0.0000
vn -0.9829 0.1841 -0.0000
vn -0.0000 0.5553 0.8316
vn -0.0000 0.1841 0.9829
vn -0.0000 0.5553 -0.8316
vn -0.0000 0.1841 -0.9829
vn 0.8316 0.5553 -0.0000
vn -0.8316 0.5553 -0.0000
vn 0.9829 0.1841 -0.0000
vn -0.0000 -1.0000 -0.0000
vt 0.966797 -0.966797
vt 0.966797 6.517578
vt 0.000000 6.517578
vt 0.000000 -0.966797
vt 7.953125 -0.966797
vt 8.951172 6.519531
vt 8.951172 -0.966797
vt 7.953125 6.519531
vt 0.000000 2.152344
vt 0.966797 2.152344
vt 10.947266 2.152344
vt 10.947266 -0.966797
vt 9.949219 2.152344
vt 9.949219 -0.966797
vt 1.964844 -0.218750
vt 1.216797 3.773438
vt 0.468750 -0.218750
vt 0.466797 -0.218750
vt 2.464844 -0.966797
vt 2.462891 -0.966797
vt 0.134766 1.861328
vt 0.468750 1.861328
vt 0.468750 2.193359
vt 0.134766 2.193359
vt 0.966797 -0.982422
vt 0.000000 0.000000
vt 0.000000 -0.982422
vt 0.966797 0.000000
s 1
usemtl Material_0.115
f 12017/3061/1416 12018/3062/1416 12019/3063/1416
f 12020/3061/1416 12021/3063/1416 12022/3064/1416
f 12023/3064/1417 12024/3063/1417 12025/3062/1417
f 12026/3064/1417 12027/3062/1417 12028/3061/1417
f 12029/3065/1418 12030/3066/1418 12031/3067/1418
f 12032/3065/1418 12033/3068/1418 12034/3066/1418
f 12035/3067/1419 12036/3066/1419 12037/3068/1419
f 12038/3067/1419 12039/3068/1419 12040/3065/1419
f 12041/3061/1416 12042/3064/1416 12043/3069/1416
f 12044/3070/1416 12045/3061/1416 12046/3069/1416
f 12047/3069/1417 12048/3064/1417 12049/3070/1417
f 12050/3064/1417 12051/3061/1417 12052/3070/1417
f 12053/3071/1418 12054/3072/1418 12055/3073/1418
f 12056/3072/1418 12057/3074/1418 12058/3073/1418
f 12059/3074/1419 12060/3072/1419 12061/3071/1419
f 12062/3073/1419 12063/3074/1419 12064/3071/1419
usemtl Material_1.115
f 12065/3075/1420 12066/3076/1420 12067/3077/1420
f 12068/3064/1421 12069/3075/1421 12070/3078/1421
f 12071/3064/1421 12072/3079/1421 12073/3075/1421
f 12074/3076/1422 12075/3077/1422 12076/3075/1422
f 12077/3064/1423 12078/3079/1423 12079/3075/1423
f 12080/3064/1423 12081/3075/1423 12082/3077/1423
f 12083/3076/1424 12084/3077/1424 12085/3075/1424
f 12086/3064/1425 12087/3079/1425 12088/3077/1425
f 12089/3079/1425 12090/3075/1425 12091/3077/1425
f 12092/3075/1426 12093/3077/1426 12094/3064/1426
f 12095/3075/1426 12096/3064/1426 12097/3080/1426
f 12098/3075/1427 12099/3076/1427 12100/3077/1427
f 12101/3081/1428 12102/3082/1428 12103/3083/1428
f 12104/3081/1428 12105/3083/1428 12106/3084/1428
usemtl Material_3.115
f 12107/3085/1416 12108/3086/1416 12109/3087/1416
f 12110/3085/1416 12111/3088/1416 12108/3086/1416
f 12112/3087/1417 12113/3088/1417 12114/3085/1417
f 12115/3087/1417 12116/3086/1417 12117/3088/1417
f 12118/3085/1419 12119/3086/1419 12120/3087/1419
f 12121/3085/1419 12122/3088/1419 12119/3086/1419
f 12123/3087/1418 12124/3088/1418 12125/3085/1418
f 12126/3087/1418 12127/3086/1418 12128/3088/1418
o node.109
v 352.159454 7.340806 -176.510468
v 352.159454 28.893099 -176.510468
v 355.036377 28.893099 -176.510468
v 352.159454 7.340806 -176.510468
v 355.036377 28.893099 -176.510468
v 355.036377 7.340806 -176.510468
v 355.036377 7.340806 -173.633560
v 355.036377 28.893099 -173.633560
v 352.159454 28.893099 -173.633560
v 355.036377 7.340806 -173.633560
v 352.159454 28.893099 -173.633560
v 352.159454 7.340806 -173.633560
v 355.036377 7.340806 -176.510468
v 355.036377 28.893099 -173.633560
v 355.036377 7.340806 -173.633560
v 355.036377 7.340806 -176.510468
v 355.036377 28.893099 -176.510468
v 355.036377 28.893099 -173.633560
v 352.159454 7.340806 -173.633560
v 352.159454 28.893099 -173.633560
v 352.159454 28.893099 -176.510468
v 352.159454 7.340806 -173.633560
v 352.159454 28.893099 -176.510468
v 352.159454 7.340806 -176.510468
v 355.036377 -1.640780 -176.510468
v 352.159454 -1.640780 -176.510468
v 352.159454 7.340806 -176.510468
v 355.036377 7.340806 -176.510468
v 355.036377 -1.640780 -176.510468
v 352.159454 7.340806 -176.510468
v 352.159454 7.340806 -173.633560
v 352.159454 -1.640779 -173.633560
v 355.036377 7.340806 -173.633560
v 352.159454 -1.640779 -173.633560
v 355.036377 -1.640779 -173.633560
v 355.036377 7.340806 -173.633560
v 355.036377 7.340806 -173.633560
v 355.036377 -1.640779 -173.633560
v 355.036377 7.340806 -176.510468
v 355.036377 -1.640779 -173.633560
v 355.036377 -1.640780 -176.510468
v 355.036377 7.340806 -176.510468
v 352.159454 -1.640780 -176.510468
v 352.159454 -1.640779 -173.633560
v 352.159454 7.340806 -173.633560
v 352.159454 7.340806 -176.510468
v 352.159454 -1.640780 -176.510468
v 352.159454 7.340806 -173.633560
v 352.520844 33.562820 -173.994934
v 353.597931 39.313141 -175.072021
v 352.520844 33.562820 -176.149109
v 351.801605 32.485733 -173.275696
v 354.675018 33.562820 -173.994934
v 352.520844 33.562820 -173.994934
v 351.801605 32.485733 -173.275696
v 355.394257 32.485733 -173.275696
v 354.675018 33.562820 -173.994934
v 353.597931 39.313141 -175.072021
v 352.520844 33.562820 -173.994934
v 354.675018 33.562820 -173.994934
v 355.394257 32.485733 -176.868332
v 351.801605 32.485733 -176.868332
v 352.520844 33.562820 -176.149109
v 355.394257 32.485733 -176.868332
v 352.520844 33.562820 -176.149109
v 354.675018 33.562820 -176.149109
v 353.597931 39.313141 -175.072021
v 354.675018 33.562820 -176.149109
v 352.520844 33.562820 -176.149109
v 355.394257 32.485733 -173.275696
v 355.394257 32.485733 -176.868332
v 354.675018 33.562820 -173.994934
v 355.394257 32.485733 -176.868332
v 354.675018 33.562820 -176.149109
v 354.675018 33.562820 -173.994934
v 352.520844 33.562820 -173.994934
v 352.520844 33.562820 -176.149109
v 351.801605 32.485733 -176.868332
v 352.520844 33.562820 -173.994934
v 351.801605 32.485733 -176.868332
v 351.801605 32.485733 -173.275696
v 354.675018 33.562820 -176.149109
v 353.597931 39.313141 -175.072021
v 354.675018 33.562820 -173.994934
v 351.801605 32.485733 -176.868332
v 355.394257 32.485733 -176.868332
v 355.394257 32.485733 -173.275696
v 351.801605 32.485733 -176.868332
v 355.394257 32.485733 -173.275696
v 351.801605 32.485733 -173.275696
v 352.159454 28.893099 -176.510468
v 355.036377 32.485733 -176.510468
v 355.036377 28.893099 -176.510468
v 352.159454 28.893099 -176.510468
v 352.159454 32.485733 -176.510468
v 355.036377 28.893099 -173.633560
v 352.159454 32.485733 -173.633560
v 352.159454 28.893099 -173.633560
v 355.036377 28.893099 -173.633560
v 355.036377 32.485733 -173.633560
v 352.159454 32.485733 -173.633560
v 352.159454 28.893099 -173.633560
v 352.159454 32.485733 -176.510468
v 352.159454 28.893099 -176.510468
v 352.159454 28.893099 -173.633560
v 352.159454 32.485733 -173.633560
v 355.036377 28.893099 -176.510468
v 355.036377 32.485733 -173.633560
v 355.036377 28.893099 -173.633560
v 355.036377 28.893099 -176.510468
v 355.036377 32.485733 -176.510468
v 355.036377 32.485733 -173.633560
vn -0.0000 -0.0000 -1.0000
vn -0.0000 -0.0000 1.0000
vn 1.0000 -0.0000 -0.0000
vn -1.0000 -0.0000 -0.0000
vn -0.9829 0.1841 -0.0000
vn -0.0000 0.5553 0.8316
vn -0.0000 0.1841 0.9829
vn -0.0000 0.5553 -0.8316
vn -0.0000 0.1841 -0.9829
vn 0.8316 0.5553 -0.0000
vn -0.8316 0.5553 -0.0000
vn 0.9829 0.1841 -0.0000
vn -0.0000 -1.0000 -0.0000
vt 0.966797 -0.966797
vt 0.966797 6.517578
vt 0.000000 6.517578
vt 0.000000 -0.966797
vt 7.953125 -0.966797
vt 8.951172 6.519531
vt 8.951172 -0.966797
vt 7.953125 6.519531
vt 0.000000 2.152344
vt 0.966797 2.152344
vt 10.947266 2.152344
vt 10.947266 -0.966797
vt 9.949219 2.152344
vt 9.949219 -0.966797
vt 1.964844 -0.218750
vt 1.216797 3.773438
vt 0.468750 -0.218750
vt 0.466797 -0.218750
vt 2.464844 -0.966797
vt 2.462891 -0.966797
vt 0.134766 1.861328
vt 0.468750 1.861328
vt 0.468750 2.193359
vt 0.134766 2.193359
vt 0.966797 -0.982422
vt 0.000000 0.000000
vt 0.000000 -0.982422
vt 0.966797 0.000000
s 1
usemtl Material_0.116
f 12129/3089/1429 12130/3090/1429 12131/3091/1429
f 12132/3089/1429 12133/3091/1429 12134/3092/1429
f 12135/3092/1430 12136/3091/1430 12137/3090/1430
f 12138/3092/1430 12139/3090/1430 12140/3089/1430
f 12141/3093/1431 12142/3094/1431 12143/3095/1431
f 12144/3093/1431 12145/3096/1431 12146/3094/1431
f 12147/3095/1432 12148/3094/1432 12149/3096/1432
f 12150/3095/1432 12151/3096/1432 12152/3093/1432
f 12153/3089/1429 12154/3092/1429 12155/3097/1429
f 12156/3098/1429 12157/3089/1429 12158/3097/1429
f 12159/3097/1430 12160/3092/1430 12161/3098/1430
f 12162/3092/1430 12163/3089/1430 12164/3098/1430
f 12165/3099/1431 12166/3100/1431 12167/3101/1431
f 12168/3100/1431 12169/3102/1431 12170/3101/1431
f 12171/3102/1432 12172/3100/1432 12173/3099/1432
f 12174/3101/1432 12175/3102/1432 12176/3099/1432
usemtl Material_1.116
f 12177/3103/1433 12178/3104/1433 12179/3105/1433
f 12180/3092/1434 12181/3103/1434 12182/3106/1434
f 12183/3092/1434 12184/3107/1434 12185/3103/1434
f 12186/3104/1435 12187/3105/1435 12188/3103/1435
f 12189/3092/1436 12190/3107/1436 12191/3103/1436
f 12192/3092/1436 12193/3103/1436 12194/3105/1436
f 12195/3104/1437 12196/3105/1437 12197/3103/1437
f 12198/3092/1438 12199/3107/1438 12200/3105/1438
f 12201/3107/1438 12202/3103/1438 12203/3105/1438
f 12204/3103/1439 12205/3105/1439 12206/3092/1439
f 12207/3103/1439 12208/3092/1439 12209/3108/1439
f 12210/3103/1440 12211/3104/1440 12212/3105/1440
f 12213/3109/1441 12214/3110/1441 12215/3111/1441
f 12216/3109/1441 12217/3111/1441 12218/3112/1441
usemtl Material_3.116
f 12219/3113/1429 12220/3114/1429 12221/3115/1429
f 12222/3113/1429 12223/3116/1429 12220/3114/1429
f 12224/3115/1430 12225/3116/1430 12226/3113/1430
f 12227/3115/1430 12228/3114/1430 12229/3116/1430
f 12230/3113/1432 12231/3114/1432 12232/3115/1432
f 12233/3113/1432 12234/3116/1432 12231/3114/1432
f 12235/3115/1431 12236/3116/1431 12237/3113/1431
f 12238/3115/1431 12239/3114/1431 12240/3116/1431
o node.110
v 372.427979 7.340806 -176.510468
v 372.427979 28.893099 -176.510468
v 375.304901 28.893099 -176.510468
v 372.427979 7.340806 -176.510468
v 375.304901 28.893099 -176.510468
v 375.304901 7.340806 -176.510468
v 375.304901 7.340806 -173.633560
v 375.304901 28.893099 -173.633560
v 372.427979 28.893099 -173.633560
v 375.304901 7.340806 -173.633560
v 372.427979 28.893099 -173.633560
v 372.427979 7.340806 -173.633560
v 375.304901 7.340806 -176.510468
v 375.304901 28.893099 -173.633560
v 375.304901 7.340806 -173.633560
v 375.304901 7.340806 -176.510468
v 375.304901 28.893099 -176.510468
v 375.304901 28.893099 -173.633560
v 372.427979 7.340806 -173.633560
v 372.427979 28.893099 -173.633560
v 372.427979 28.893099 -176.510468
v 372.427979 7.340806 -173.633560
v 372.427979 28.893099 -176.510468
v 372.427979 7.340806 -176.510468
v 375.304901 -1.640780 -176.510468
v 372.427979 -1.640780 -176.510468
v 372.427979 7.340806 -176.510468
v 375.304901 7.340806 -176.510468
v 375.304901 -1.640780 -176.510468
v 372.427979 7.340806 -176.510468
v 372.427979 7.340806 -173.633560
v 372.427979 -1.640779 -173.633560
v 375.304901 7.340806 -173.633560
v 372.427979 -1.640779 -173.633560
v 375.304901 -1.640779 -173.633560
v 375.304901 7.340806 -173.633560
v 375.304901 7.340806 -173.633560
v 375.304901 -1.640779 -173.633560
v 375.304901 7.340806 -176.510468
v 375.304901 -1.640779 -173.633560
v 375.304901 -1.640780 -176.510468
v 375.304901 7.340806 -176.510468
v 372.427979 -1.640780 -176.510468
v 372.427979 -1.640779 -173.633560
v 372.427979 7.340806 -173.633560
v 372.427979 7.340806 -176.510468
v 372.427979 -1.640780 -176.510468
v 372.427979 7.340806 -173.633560
v 372.789368 33.562820 -173.994934
v 373.866455 39.313141 -175.072021
v 372.789368 33.562820 -176.149109
v 372.070129 32.485733 -173.275696
v 374.943542 33.562820 -173.994934
v 372.789368 33.562820 -173.994934
v 372.070129 32.485733 -173.275696
v 375.662781 32.485733 -173.275696
v 374.943542 33.562820 -173.994934
v 373.866455 39.313141 -175.072021
v 372.789368 33.562820 -173.994934
v 374.943542 33.562820 -173.994934
v 375.662781 32.485733 -176.868332
v 372.070129 32.485733 -176.868332
v 372.789368 33.562820 -176.149109
v 375.662781 32.485733 -176.868332
v 372.789368 33.562820 -176.149109
v 374.943542 33.562820 -176.149109
v 373.866455 39.313141 -175.072021
v 374.943542 33.562820 -176.149109
v 372.789368 33.562820 -176.149109
v 375.662781 32.485733 -173.275696
v 375.662781 32.485733 -176.868332
v 374.943542 33.562820 -173.994934
v 375.662781 32.485733 -176.868332
v 374.943542 33.562820 -176.149109
v 374.943542 33.562820 -173.994934
v 372.789368 33.562820 -173.994934
v 372.789368 33.562820 -176.149109
v 372.070129 32.485733 -176.868332
v 372.789368 33.562820 -173.994934
v 372.070129 32.485733 -176.868332
v 372.070129 32.485733 -173.275696
v 374.943542 33.562820 -176.149109
v 373.866455 39.313141 -175.072021
v 374.943542 33.562820 -173.994934
v 372.070129 32.485733 -176.868332
v 375.662781 32.485733 -176.868332
v 375.662781 32.485733 -173.275696
v 372.070129 32.485733 -176.868332
v 375.662781 32.485733 -173.275696
v 372.070129 32.485733 -173.275696
v 372.427979 28.893099 -176.510468
v 375.304901 32.485733 -176.510468
v 375.304901 28.893099 -176.510468
v 372.427979 28.893099 -176.510468
v 372.427979 32.485733 -176.510468
v 375.304901 28.893099 -173.633560
v 372.427979 32.485733 -173.633560
v 372.427979 28.893099 -173.633560
v 375.304901 28.893099 -173.633560
v 375.304901 32.485733 -173.633560
v 372.427979 32.485733 -173.633560
v 372.427979 28.893099 -173.633560
v 372.427979 32.485733 -176.510468
v 372.427979 28.893099 -176.510468
v 372.427979 28.893099 -173.633560
v 372.427979 32.485733 -173.633560
v 375.304901 28.893099 -176.510468
v 375.304901 32.485733 -173.633560
v 375.304901 28.893099 -173.633560
v 375.304901 28.893099 -176.510468
v 375.304901 32.485733 -176.510468
v 375.304901 32.485733 -173.633560
vn -0.0000 -0.0000 -1.0000
vn -0.0000 -0.0000 1.0000
vn 1.0000 -0.0000 -0.0000
vn -1.0000 -0.0000 -0.0000
vn -0.9829 0.1841 -0.0000
vn -0.0000 0.5553 0.8316
vn -0.0000 0.1841 0.9829
vn -0.0000 0.5553 -0.8316
vn -0.0000 0.1841 -0.9829
vn 0.8316 0.5553 -0.0000
vn -0.8316 0.5553 -0.0000
vn 0.9829 0.1841 -0.0000
vn -0.0000 -1.0000 -0.0000
vt 0.966797 -0.966797
vt 0.966797 6.517578
vt 0.000000 6.517578
vt 0.000000 -0.966797
vt 7.953125 -0.966797
vt 8.951172 6.519531
vt 8.951172 -0.966797
vt 7.953125 6.519531
vt 0.000000 2.152344
vt 0.966797 2.152344
vt 10.947266 2.152344
vt 10.947266 -0.966797
vt 9.949219 2.152344
vt 9.949219 -0.966797
vt 1.964844 -0.218750
vt 1.216797 3.773438
vt 0.468750 -0.218750
vt 0.466797 -0.218750
vt 2.464844 -0.966797
vt 2.462891 -0.966797
vt 0.134766 1.861328
vt 0.468750 1.861328
vt 0.468750 2.193359
vt 0.134766 2.193359
vt 0.966797 -0.982422
vt 0.000000 0.000000
vt 0.000000 -0.982422
vt 0.966797 0.000000
s 1
usemtl Material_0.117
f 12241/3117/1442 12242/3118/1442 12243/3119/1442
f 12244/3117/1442 12245/3119/1442 12246/3120/1442
f 12247/3120/1443 12248/3119/1443 12249/3118/1443
f 12250/3120/1443 12251/3118/1443 12252/3117/1443
f 12253/3121/1444 12254/3122/1444 12255/3123/1444
f 12256/3121/1444 12257/3124/1444 12258/3122/1444
f 12259/3123/1445 12260/3122/1445 12261/3124/1445
f 12262/3123/1445 12263/3124/1445 12264/3121/1445
f 12265/3117/1442 12266/3120/1442 12267/3125/1442
f 12268/3126/1442 12269/3117/1442 12270/3125/1442
f 12271/3125/1443 12272/3120/1443 12273/3126/1443
f 12274/3120/1443 12275/3117/1443 12276/3126/1443
f 12277/3127/1444 12278/3128/1444 12279/3129/1444
f 12280/3128/1444 12281/3130/1444 12282/3129/1444
f 12283/3130/1445 12284/3128/1445 12285/3127/1445
f 12286/3129/1445 12287/3130/1445 12288/3127/1445
usemtl Material_1.117
f 12289/3131/1446 12290/3132/1446 12291/3133/1446
f 12292/3120/1447 12293/3131/1447 12294/3134/1447
f 12295/3120/1447 12296/3135/1447 12297/3131/1447
f 12298/3132/1448 12299/3133/1448 12300/3131/1448
f 12301/3120/1449 12302/3135/1449 12303/3131/1449
f 12304/3120/1449 12305/3131/1449 12306/3133/1449
f 12307/3132/1450 12308/3133/1450 12309/3131/1450
f 12310/3120/1451 12311/3135/1451 12312/3133/1451
f 12313/3135/1451 12314/3131/1451 12315/3133/1451
f 12316/3131/1452 12317/3133/1452 12318/3120/1452
f 12319/3131/1452 12320/3120/1452 12321/3136/1452
f 12322/3131/1453 12323/3132/1453 12324/3133/1453
f 12325/3137/1454 12326/3138/1454 12327/3139/1454
f 12328/3137/1454 12329/3139/1454 12330/3140/1454
usemtl Material_3.117
f 12331/3141/1442 12332/3142/1442 12333/3143/1442
f 12334/3141/1442 12335/3144/1442 12332/3142/1442
f 12336/3143/1443 12337/3144/1443 12338/3141/1443
f 12339/3143/1443 12340/3142/1443 12341/3144/1443
f 12342/3141/1445 12343/3142/1445 12344/3143/1445
f 12345/3141/1445 12346/3144/1445 12343/3142/1445
f 12347/3143/1444 12348/3144/1444 12349/3141/1444
f 12350/3143/1444 12351/3142/1444 12352/3144/1444
o node.111
v 372.427979 7.340806 -161.517395
v 372.427979 28.893099 -161.517395
v 375.304901 28.893099 -161.517395
v 372.427979 7.340806 -161.517395
v 375.304901 28.893099 -161.517395
v 375.304901 7.340806 -161.517395
v 375.304901 7.340806 -158.640488
v 375.304901 28.893099 -158.640488
v 372.427979 28.893099 -158.640488
v 375.304901 7.340806 -158.640488
v 372.427979 28.893099 -158.640488
v 372.427979 7.340806 -158.640488
v 375.304901 7.340806 -161.517395
v 375.304901 28.893099 -158.640488
v 375.304901 7.340806 -158.640488
v 375.304901 7.340806 -161.517395
v 375.304901 28.893099 -161.517395
v 375.304901 28.893099 -158.640488
v 372.427979 7.340806 -158.640488
v 372.427979 28.893099 -158.640488
v 372.427979 28.893099 -161.517395
v 372.427979 7.340806 -158.640488
v 372.427979 28.893099 -161.517395
v 372.427979 7.340806 -161.517395
v 375.304901 -1.640780 -161.517395
v 372.427979 -1.640780 -161.517395
v 372.427979 7.340806 -161.517395
v 375.304901 7.340806 -161.517395
v 375.304901 -1.640780 -161.517395
v 372.427979 7.340806 -161.517395
v 372.427979 7.340806 -158.640488
v 372.427979 -1.640779 -158.640488
v 375.304901 7.340806 -158.640488
v 372.427979 -1.640779 -158.640488
v 375.304901 -1.640779 -158.640488
v 375.304901 7.340806 -158.640488
v 375.304901 7.340806 -158.640488
v 375.304901 -1.640779 -158.640488
v 375.304901 7.340806 -161.517395
v 375.304901 -1.640779 -158.640488
v 375.304901 -1.640780 -161.517395
v 375.304901 7.340806 -161.517395
v 372.427979 -1.640780 -161.517395
v 372.427979 -1.640779 -158.640488
v 372.427979 7.340806 -158.640488
v 372.427979 7.340806 -161.517395
v 372.427979 -1.640780 -161.517395
v 372.427979 7.340806 -158.640488
v 372.789368 33.562820 -159.001862
v 373.866455 39.313141 -160.078949
v 372.789368 33.562820 -161.156036
v 372.070129 32.485733 -158.282623
v 374.943542 33.562820 -159.001862
v 372.789368 33.562820 -159.001862
v 372.070129 32.485733 -158.282623
v 375.662781 32.485733 -158.282623
v 374.943542 33.562820 -159.001862
v 373.866455 39.313141 -160.078949
v 372.789368 33.562820 -159.001862
v 374.943542 33.562820 -159.001862
v 375.662781 32.485733 -161.875259
v 372.070129 32.485733 -161.875259
v 372.789368 33.562820 -161.156036
v 375.662781 32.485733 -161.875259
v 372.789368 33.562820 -161.156036
v 374.943542 33.562820 -161.156036
v 373.866455 39.313141 -160.078949
v 374.943542 33.562820 -161.156036
v 372.789368 33.562820 -161.156036
v 375.662781 32.485733 -158.282623
v 375.662781 32.485733 -161.875259
v 374.943542 33.562820 -159.001862
v 375.662781 32.485733 -161.875259
v 374.943542 33.562820 -161.156036
v 374.943542 33.562820 -159.001862
v 372.789368 33.562820 -159.001862
v 372.789368 33.562820 -161.156036
v 372.070129 32.485733 -161.875259
v 372.789368 33.562820 -159.001862
v 372.070129 32.485733 -161.875259
v 372.070129 32.485733 -158.282623
v 374.943542 33.562820 -161.156036
v 373.866455 39.313141 -160.078949
v 374.943542 33.562820 -159.001862
v 372.070129 32.485733 -161.875259
v 375.662781 32.485733 -161.875259
v 375.662781 32.485733 -158.282623
v 372.070129 32.485733 -161.875259
v 375.662781 32.485733 -158.282623
v 372.070129 32.485733 -158.282623
v 372.427979 28.893099 -161.517395
v 375.304901 32.485733 -161.517395
v 375.304901 28.893099 -161.517395
v 372.427979 28.893099 -161.517395
v 372.427979 32.485733 -161.517395
v 375.304901 28.893099 -158.640488
v 372.427979 32.485733 -158.640488
v 372.427979 28.893099 -158.640488
v 375.304901 28.893099 -158.640488
v 375.304901 32.485733 -158.640488
v 372.427979 32.485733 -158.640488
v 372.427979 28.893099 -158.640488
v 372.427979 32.485733 -161.517395
v 372.427979 28.893099 -161.517395
v 372.427979 28.893099 -158.640488
v 372.427979 32.485733 -158.640488
v 375.304901 28.893099 -161.517395
v 375.304901 32.485733 -158.640488
v 375.304901 28.893099 -158.640488
v 375.304901 28.893099 -161.517395
v 375.304901 32.485733 -161.517395
v 375.304901 32.485733 -158.640488
vn -0.0000 -0.0000 -1.0000
vn -0.0000 -0.0000 1.0000
vn 1.0000 -0.0000 -0.0000
vn -1.0000 -0.0000 -0.0000
vn -0.9829 0.1841 -0.0000
vn -0.0000 0.5553 0.8316
vn -0.0000 0.1841 0.9829
vn -0.0000 0.5553 -0.8316
vn -0.0000 0.1841 -0.9829
vn 0.8316 0.5553 -0.0000
vn -0.8316 0.5553 -0.0000
vn 0.9829 0.1841 -0.0000
vn -0.0000 -1.0000 -0.0000
vt 0.966797 -0.966797
vt 0.966797 6.517578
vt 0.000000 6.517578
vt 0.000000 -0.966797
vt 7.953125 -0.966797
vt 8.951172 6.519531
vt 8.951172 -0.966797
vt 7.953125 6.519531
vt 0.000000 2.152344
vt 0.966797 2.152344
vt 10.947266 2.152344
vt 10.947266 -0.966797
vt 9.949219 2.152344
vt 9.949219 -0.966797
vt 1.964844 -0.218750
vt 1.216797 3.773438
vt 0.468750 -0.218750
vt 0.466797 -0.218750
vt 2.464844 -0.966797
vt 2.462891 -0.966797
vt 0.134766 1.861328
vt 0.468750 1.861328
vt 0.468750 2.193359
vt 0.134766 2.193359
vt 0.966797 -0.982422
vt 0.000000 0.000000
vt 0.000000 -0.982422
vt 0.966797 0.000000
s 1
usemtl Material_0.118
f 12353/3145/1455 12354/3146/1455 12355/3147/1455
f 12356/3145/1455 12357/3147/1455 12358/3148/1455
f 12359/3148/1456 12360/3147/1456 12361/3146/1456
f 12362/3148/1456 12363/3146/1456 12364/3145/1456
f 12365/3149/1457 12366/3150/1457 12367/3151/1457
f 12368/3149/1457 12369/3152/1457 12370/3150/1457
f 12371/3151/1458 12372/3150/1458 12373/3152/1458
f 12374/3151/1458 12375/3152/1458 12376/3149/1458
f 12377/3145/1455 12378/3148/1455 12379/3153/1455
f 12380/3154/1455 12381/3145/1455 12382/3153/1455
f 12383/3153/1456 12384/3148/1456 12385/3154/1456
f 12386/3148/1456 12387/3145/1456 12388/3154/1456
f 12389/3155/1457 12390/3156/1457 12391/3157/1457
f 12392/3156/1457 12393/3158/1457 12394/3157/1457
f 12395/3158/1458 12396/3156/1458 12397/3155/1458
f 12398/3157/1458 12399/3158/1458 12400/3155/1458
usemtl Material_1.118
f 12401/3159/1459 12402/3160/1459 12403/3161/1459
f 12404/3148/1460 12405/3159/1460 12406/3162/1460
f 12407/3148/1460 12408/3163/1460 12409/3159/1460
f 12410/3160/1461 12411/3161/1461 12412/3159/1461
f 12413/3148/1462 12414/3163/1462 12415/3159/1462
f 12416/3148/1462 12417/3159/1462 12418/3161/1462
f 12419/3160/1463 12420/3161/1463 12421/3159/1463
f 12422/3148/1464 12423/3163/1464 12424/3161/1464
f 12425/3163/1464 12426/3159/1464 12427/3161/1464
f 12428/3159/1465 12429/3161/1465 12430/3148/1465
f 12431/3159/1465 12432/3148/1465 12433/3164/1465
f 12434/3159/1466 12435/3160/1466 12436/3161/1466
f 12437/3165/1467 12438/3166/1467 12439/3167/1467
f 12440/3165/1467 12441/3167/1467 12442/3168/1467
usemtl Material_3.118
f 12443/3169/1455 12444/3170/1455 12445/3171/1455
f 12446/3169/1455 12447/3172/1455 12444/3170/1455
f 12448/3171/1456 12449/3172/1456 12450/3169/1456
f 12451/3171/1456 12452/3170/1456 12453/3172/1456
f 12454/3169/1458 12455/3170/1458 12456/3171/1458
f 12457/3169/1458 12458/3172/1458 12455/3170/1458
f 12459/3171/1457 12460/3172/1457 12461/3169/1457
f 12462/3171/1457 12463/3170/1457 12464/3172/1457
o node.112
v 352.159454 7.340806 -161.517395
v 352.159454 28.893099 -161.517395
v 355.036377 28.893099 -161.517395
v 352.159454 7.340806 -161.517395
v 355.036377 28.893099 -161.517395
v 355.036377 7.340806 -161.517395
v 355.036377 7.340806 -158.640488
v 355.036377 28.893099 -158.640488
v 352.159454 28.893099 -158.640488
v 355.036377 7.340806 -158.640488
v 352.159454 28.893099 -158.640488
v 352.159454 7.340806 -158.640488
v 355.036377 7.340806 -161.517395
v 355.036377 28.893099 -158.640488
v 355.036377 7.340806 -158.640488
v 355.036377 7.340806 -161.517395
v 355.036377 28.893099 -161.517395
v 355.036377 28.893099 -158.640488
v 352.159454 7.340806 -158.640488
v 352.159454 28.893099 -158.640488
v 352.159454 28.893099 -161.517395
v 352.159454 7.340806 -158.640488
v 352.159454 28.893099 -161.517395
v 352.159454 7.340806 -161.517395
v 355.036377 -1.640780 -161.517395
v 352.159454 -1.640780 -161.517395
v 352.159454 7.340806 -161.517395
v 355.036377 7.340806 -161.517395
v 355.036377 -1.640780 -161.517395
v 352.159454 7.340806 -161.517395
v 352.159454 7.340806 -158.640488
v 352.159454 -1.640779 -158.640488
v 355.036377 7.340806 -158.640488
v 352.159454 -1.640779 -158.640488
v 355.036377 -1.640779 -158.640488
v 355.036377 7.340806 -158.640488
v 355.036377 7.340806 -158.640488
v 355.036377 -1.640779 -158.640488
v 355.036377 7.340806 -161.517395
v 355.036377 -1.640779 -158.640488
v 355.036377 -1.640780 -161.517395
v 355.036377 7.340806 -161.517395
v 352.159454 -1.640780 -161.517395
v 352.159454 -1.640779 -158.640488
v 352.159454 7.340806 -158.640488
v 352.159454 7.340806 -161.517395
v 352.159454 -1.640780 -161.517395
v 352.159454 7.340806 -158.640488
v 352.520844 33.562820 -159.001862
v 353.597931 39.313141 -160.078949
v 352.520844 33.562820 -161.156036
v 351.801605 32.485733 -158.282623
v 354.675018 33.562820 -159.001862
v 352.520844 33.562820 -159.001862
v 351.801605 32.485733 -158.282623
v 355.394257 32.485733 -158.282623
v 354.675018 33.562820 -159.001862
v 353.597931 39.313141 -160.078949
v 352.520844 33.562820 -159.001862
v 354.675018 33.562820 -159.001862
v 355.394257 32.485733 -161.875259
v 351.801605 32.485733 -161.875259
v 352.520844 33.562820 -161.156036
v 355.394257 32.485733 -161.875259
v 352.520844 33.562820 -161.156036
v 354.675018 33.562820 -161.156036
v 353.597931 39.313141 -160.078949
v 354.675018 33.562820 -161.156036
v 352.520844 33.562820 -161.156036
v 355.394257 32.485733 -158.282623
v 355.394257 32.485733 -161.875259
v 354.675018 33.562820 -159.001862
v 355.394257 32.485733 -161.875259
v 354.675018 33.562820 -161.156036
v 354.675018 33.562820 -159.001862
v 352.520844 33.562820 -159.001862
v 352.520844 33.562820 -161.156036
v 351.801605 32.485733 -161.875259
v 352.520844 33.562820 -159.001862
v 351.801605 32.485733 -161.875259
v 351.801605 32.485733 -158.282623
v 354.675018 33.562820 -161.156036
v 353.597931 39.313141 -160.078949
v 354.675018 33.562820 -159.001862
v 351.801605 32.485733 -161.875259
v 355.394257 32.485733 -161.875259
v 355.394257 32.485733 -158.282623
v 351.801605 32.485733 -161.875259
v 355.394257 32.485733 -158.282623
v 351.801605 32.485733 -158.282623
v 352.159454 28.893099 -161.517395
v 355.036377 32.485733 -161.517395
v 355.036377 28.893099 -161.517395
v 352.159454 28.893099 -161.517395
v 352.159454 32.485733 -161.517395
v 355.036377 28.893099 -158.640488
v 352.159454 32.485733 -158.640488
v 352.159454 28.893099 -158.640488
v 355.036377 28.893099 -158.640488
v 355.036377 32.485733 -158.640488
v 352.159454 32.485733 -158.640488
v 352.159454 28.893099 -158.640488
v 352.159454 32.485733 -161.517395
v 352.159454 28.893099 -161.517395
v 352.159454 28.893099 -158.640488
v 352.159454 32.485733 -158.640488
v 355.036377 28.893099 -161.517395
v 355.036377 32.485733 -158.640488
v 355.036377 28.893099 -158.640488
v 355.036377 28.893099 -161.517395
v 355.036377 32.485733 -161.517395
v 355.036377 32.485733 -158.640488
vn -0.0000 -0.0000 -1.0000
vn -0.0000 -0.0000 1.0000
vn 1.0000 -0.0000 -0.0000
vn -1.0000 -0.0000 -0.0000
vn -0.9829 0.1841 -0.0000
vn -0.0000 0.5553 0.8316
vn -0.0000 0.1841 0.9829
vn -0.0000 0.5553 -0.8316
vn -0.0000 0.1841 -0.9829
vn 0.8316 0.5553 -0.0000
vn -0.8316 0.5553 -0.0000
vn 0.9829 0.1841 -0.0000
vn -0.0000 -1.0000 -0.0000
vt 0.966797 -0.966797
vt 0.966797 6.517578
vt 0.000000 6.517578
vt 0.000000 -0.966797
vt 7.953125 -0.966797
vt 8.951172 6.519531
vt 8.951172 -0.966797
vt 7.953125 6.519531
vt 0.000000 2.152344
vt 0.966797 2.152344
vt 10.947266 2.152344
vt 10.947266 -0.966797
vt 9.949219 2.152344
vt 9.949219 -0.966797
vt 1.964844 -0.218750
vt 1.216797 3.773438
vt 0.468750 -0.218750
vt 0.466797 -0.218750
vt 2.464844 -0.966797
vt 2.462891 -0.966797
vt 0.134766 1.861328
vt 0.468750 1.861328
vt 0.468750 2.193359
vt 0.134766 2.193359
vt 0.966797 -0.982422
vt 0.000000 0.000000
vt 0.000000 -0.982422
vt 0.966797 0.000000
s 1
usemtl Material_0.119
f 12465/3173/1468 12466/3174/1468 12467/3175/1468
f 12468/3173/1468 12469/3175/1468 12470/3176/1468
f 12471/3176/1469 12472/3175/1469 12473/3174/1469
f 12474/3176/1469 12475/3174/1469 12476/3173/1469
f 12477/3177/1470 12478/3178/1470 12479/3179/1470
f 12480/3177/1470 12481/3180/1470 12482/3178/1470
f 12483/3179/1471 12484/3178/1471 12485/3180/1471
f 12486/3179/1471 12487/3180/1471 12488/3177/1471
f 12489/3173/1468 12490/3176/1468 12491/3181/1468
f 12492/3182/1468 12493/3173/1468 12494/3181/1468
f 12495/3181/1469 12496/3176/1469 12497/3182/1469
f 12498/3176/1469 12499/3173/1469 12500/3182/1469
f 12501/3183/1470 12502/3184/1470 12503/3185/1470
f 12504/3184/1470 12505/3186/1470 12506/3185/1470
f 12507/3186/1471 12508/3184/1471 12509/3183/1471
f 12510/3185/1471 12511/3186/1471 12512/3183/1471
usemtl Material_1.119
f 12513/3187/1472 12514/3188/1472 12515/3189/1472
f 12516/3176/1473 12517/3187/1473 12518/3190/1473
f 12519/3176/1473 12520/3191/1473 12521/3187/1473
f 12522/3188/1474 12523/3189/1474 12524/3187/1474
f 12525/3176/1475 12526/3191/1475 12527/3187/1475
f 12528/3176/1475 12529/3187/1475 12530/3189/1475
f 12531/3188/1476 12532/3189/1476 12533/3187/1476
f 12534/3176/1477 12535/3191/1477 12536/3189/1477
f 12537/3191/1477 12538/3187/1477 12539/3189/1477
f 12540/3187/1478 12541/3189/1478 12542/3176/1478
f 12543/3187/1478 12544/3176/1478 12545/3192/1478
f 12546/3187/1479 12547/3188/1479 12548/3189/1479
f 12549/3193/1480 12550/3194/1480 12551/3195/1480
f 12552/3193/1480 12553/3195/1480 12554/3196/1480
usemtl Material_3.119
f 12555/3197/1468 12556/3198/1468 12557/3199/1468
f 12558/3197/1468 12559/3200/1468 12556/3198/1468
f 12560/3199/1469 12561/3200/1469 12562/3197/1469
f 12563/3199/1469 12564/3198/1469 12565/3200/1469
f 12566/3197/1471 12567/3198/1471 12568/3199/1471
f 12569/3197/1471 12570/3200/1471 12567/3198/1471
f 12571/3199/1470 12572/3200/1470 12573/3197/1470
f 12574/3199/1470 12575/3198/1470 12576/3200/1470
o node.113
v 332.992249 7.340806 -161.517395
v 332.992249 28.893099 -161.517395
v 335.869171 28.893099 -161.517395
v 332.992249 7.340806 -161.517395
v 335.869171 28.893099 -161.517395
v 335.869171 7.340806 -161.517395
v 335.869171 7.340806 -158.640488
v 335.869171 28.893099 -158.640488
v 332.992249 28.893099 -158.640488
v 335.869171 7.340806 -158.640488
v 332.992249 28.893099 -158.640488
v 332.992249 7.340806 -158.640488
v 335.869171 7.340806 -161.517395
v 335.869171 28.893099 -158.640488
v 335.869171 7.340806 -158.640488
v 335.869171 7.340806 -161.517395
v 335.869171 28.893099 -161.517395
v 335.869171 28.893099 -158.640488
v 332.992249 7.340806 -158.640488
v 332.992249 28.893099 -158.640488
v 332.992249 28.893099 -161.517395
v 332.992249 7.340806 -158.640488
v 332.992249 28.893099 -161.517395
v 332.992249 7.340806 -161.517395
v 335.869171 -1.640780 -161.517395
v 332.992249 -1.640780 -161.517395
v 332.992249 7.340806 -161.517395
v 335.869171 7.340806 -161.517395
v 335.869171 -1.640780 -161.517395
v 332.992249 7.340806 -161.517395
v 332.992249 7.340806 -158.640488
v 332.992249 -1.640779 -158.640488
v 335.869171 7.340806 -158.640488
v 332.992249 -1.640779 -158.640488
v 335.869171 -1.640779 -158.640488
v 335.869171 7.340806 -158.640488
v 335.869171 7.340806 -158.640488
v 335.869171 -1.640779 -158.640488
v 335.869171 7.340806 -161.517395
v 335.869171 -1.640779 -158.640488
v 335.869171 -1.640780 -161.517395
v 335.869171 7.340806 -161.517395
v 332.992249 -1.640780 -161.517395
v 332.992249 -1.640779 -158.640488
v 332.992249 7.340806 -158.640488
v 332.992249 7.340806 -161.517395
v 332.992249 -1.640780 -161.517395
v 332.992249 7.340806 -158.640488
v 333.353638 33.562820 -159.001862
v 334.430725 39.313141 -160.078949
v 333.353638 33.562820 -161.156036
v 332.634399 32.485733 -158.282623
v 335.507812 33.562820 -159.001862
v 333.353638 33.562820 -159.001862
v 332.634399 32.485733 -158.282623
v 336.227051 32.485733 -158.282623
v 335.507812 33.562820 -159.001862
v 334.430725 39.313141 -160.078949
v 333.353638 33.562820 -159.001862
v 335.507812 33.562820 -159.001862
v 336.227051 32.485733 -161.875259
v 332.634399 32.485733 -161.875259
v 333.353638 33.562820 -161.156036
v 336.227051 32.485733 -161.875259
v 333.353638 33.562820 -161.156036
v 335.507812 33.562820 -161.156036
v 334.430725 39.313141 -160.078949
v 335.507812 33.562820 -161.156036
v 333.353638 33.562820 -161.156036
v 336.227051 32.485733 -158.282623
v 336.227051 32.485733 -161.875259
v 335.507812 33.562820 -159.001862
v 336.227051 32.485733 -161.875259
v 335.507812 33.562820 -161.156036
v 335.507812 33.562820 -159.001862
v 333.353638 33.562820 -159.001862
v 333.353638 33.562820 -161.156036
v 332.634399 32.485733 -161.875259
v 333.353638 33.562820 -159.001862
v 332.634399 32.485733 -161.875259
v 332.634399 32.485733 -158.282623
v 335.507812 33.562820 -161.156036
v 334.430725 39.313141 -160.078949
v 335.507812 33.562820 -159.001862
v 332.634399 32.485733 -161.875259
v 336.227051 32.485733 -161.875259
v 336.227051 32.485733 -158.282623
v 332.634399 32.485733 -161.875259
v 336.227051 32.485733 -158.282623
v 332.634399 32.485733 -158.282623
v 332.992249 28.893099 -161.517395
v 335.869171 32.485733 -161.517395
v 335.869171 28.893099 -161.517395
v 332.992249 28.893099 -161.517395
v 332.992249 32.485733 -161.517395
v 335.869171 28.893099 -158.640488
v 332.992249 32.485733 -158.640488
v 332.992249 28.893099 -158.640488
v 335.869171 28.893099 -158.640488
v 335.869171 32.485733 -158.640488
v 332.992249 32.485733 -158.640488
v 332.992249 28.893099 -158.640488
v 332.992249 32.485733 -161.517395
v 332.992249 28.893099 -161.517395
v 332.992249 28.893099 -158.640488
v 332.992249 32.485733 -158.640488
v 335.869171 28.893099 -161.517395
v 335.869171 32.485733 -158.640488
v 335.869171 28.893099 -158.640488
v 335.869171 28.893099 -161.517395
v 335.869171 32.485733 -161.517395
v 335.869171 32.485733 -158.640488
vn -0.0000 -0.0000 -1.0000
vn -0.0000 -0.0000 1.0000
vn 1.0000 -0.0000 -0.0000
vn -1.0000 -0.0000 -0.0000
vn -0.9829 0.1841 -0.0000
vn -0.0000 0.5553 0.8316
vn -0.0000 0.1841 0.9829
vn -0.0000 0.5553 -0.8316
vn -0.0000 0.1841 -0.9829
vn 0.8316 0.5553 -0.0000
vn -0.8316 0.5553 -0.0000
vn 0.9829 0.1841 -0.0000
vn -0.0000 -1.0000 -0.0000
vt 0.966797 -0.966797
vt 0.966797 6.517578
vt 0.000000 6.517578
vt 0.000000 -0.966797
vt 7.953125 -0.966797
vt 8.951172 6.519531
vt 8.951172 -0.966797
vt 7.953125 6.519531
vt 0.000000 2.152344
vt 0.966797 2.152344
vt 10.947266 2.152344
vt 10.947266 -0.966797
vt 9.949219 2.152344
vt 9.949219 -0.966797
vt 1.964844 -0.218750
vt 1.216797 3.773438
vt 0.468750 -0.218750
vt 0.466797 -0.218750
vt 2.464844 -0.966797
vt 2.462891 -0.966797
vt 0.134766 1.861328
vt 0.468750 1.861328
vt 0.468750 2.193359
vt 0.134766 2.193359
vt 0.966797 -0.982422
vt 0.000000 0.000000
vt 0.000000 -0.982422
vt 0.966797 0.000000
s 1
usemtl Material_0.120
f 12577/3201/1481 12578/3202/1481 12579/3203/1481
f 12580/3201/1481 12581/3203/1481 12582/3204/1481
f 12583/3204/1482 12584/3203/1482 12585/3202/1482
f 12586/3204/1482 12587/3202/1482 12588/3201/1482
f 12589/3205/1483 12590/3206/1483 12591/3207/1483
f 12592/3205/1483 12593/3208/1483 12594/3206/1483
f 12595/3207/1484 12596/3206/1484 12597/3208/1484
f 12598/3207/1484 12599/3208/1484 12600/3205/1484
f 12601/3201/1481 12602/3204/1481 12603/3209/1481
f 12604/3210/1481 12605/3201/1481 12606/3209/1481
f 12607/3209/1482 12608/3204/1482 12609/3210/1482
f 12610/3204/1482 12611/3201/1482 12612/3210/1482
f 12613/3211/1483 12614/3212/1483 12615/3213/1483
f 12616/3212/1483 12617/3214/1483 12618/3213/1483
f 12619/3214/1484 12620/3212/1484 12621/3211/1484
f 12622/3213/1484 12623/3214/1484 12624/3211/1484
usemtl Material_1.120
f 12625/3215/1485 12626/3216/1485 12627/3217/1485
f 12628/3204/1486 12629/3215/1486 12630/3218/1486
f 12631/3204/1486 12632/3219/1486 12633/3215/1486
f 12634/3216/1487 12635/3217/1487 12636/3215/1487
f 12637/3204/1488 12638/3219/1488 12639/3215/1488
f 12640/3204/1488 12641/3215/1488 12642/3217/1488
f 12643/3216/1489 12644/3217/1489 12645/3215/1489
f 12646/3204/1490 12647/3219/1490 12648/3217/1490
f 12649/3219/1490 12650/3215/1490 12651/3217/1490
f 12652/3215/1491 12653/3217/1491 12654/3204/1491
f 12655/3215/1491 12656/3204/1491 12657/3220/1491
f 12658/3215/1492 12659/3216/1492 12660/3217/1492
f 12661/3221/1493 12662/3222/1493 12663/3223/1493
f 12664/3221/1493 12665/3223/1493 12666/3224/1493
usemtl Material_3.120
f 12667/3225/1481 12668/3226/1481 12669/3227/1481
f 12670/3225/1481 12671/3228/1481 12668/3226/1481
f 12672/3227/1482 12673/3228/1482 12674/3225/1482
f 12675/3227/1482 12676/3226/1482 12677/3228/1482
f 12678/3225/1484 12679/3226/1484 12680/3227/1484
f 12681/3225/1484 12682/3228/1484 12679/3226/1484
f 12683/3227/1483 12684/3228/1483 12685/3225/1483
f 12686/3227/1483 12687/3226/1483 12688/3228/1483
o node.114
v 315.912292 7.340806 -161.517395
v 315.912292 28.893099 -161.517395
v 318.789215 28.893099 -161.517395
v 315.912292 7.340806 -161.517395
v 318.789215 28.893099 -161.517395
v 318.789215 7.340806 -161.517395
v 318.789215 7.340806 -158.640488
v 318.789215 28.893099 -158.640488
v 315.912292 28.893099 -158.640488
v 318.789215 7.340806 -158.640488
v 315.912292 28.893099 -158.640488
v 315.912292 7.340806 -158.640488
v 318.789215 7.340806 -161.517395
v 318.789215 28.893099 -158.640488
v 318.789215 7.340806 -158.640488
v 318.789215 7.340806 -161.517395
v 318.789215 28.893099 -161.517395
v 318.789215 28.893099 -158.640488
v 315.912292 7.340806 -158.640488
v 315.912292 28.893099 -158.640488
v 315.912292 28.893099 -161.517395
v 315.912292 7.340806 -158.640488
v 315.912292 28.893099 -161.517395
v 315.912292 7.340806 -161.517395
v 318.789215 -1.640780 -161.517395
v 315.912292 -1.640780 -161.517395
v 315.912292 7.340806 -161.517395
v 318.789215 7.340806 -161.517395
v 318.789215 -1.640780 -161.517395
v 315.912292 7.340806 -161.517395
v 315.912292 7.340806 -158.640488
v 315.912292 -1.640779 -158.640488
v 318.789215 7.340806 -158.640488
v 315.912292 -1.640779 -158.640488
v 318.789215 -1.640779 -158.640488
v 318.789215 7.340806 -158.640488
v 318.789215 7.340806 -158.640488
v 318.789215 -1.640779 -158.640488
v 318.789215 7.340806 -161.517395
v 318.789215 -1.640779 -158.640488
v 318.789215 -1.640780 -161.517395
v 318.789215 7.340806 -161.517395
v 315.912292 -1.640780 -161.517395
v 315.912292 -1.640779 -158.640488
v 315.912292 7.340806 -158.640488
v 315.912292 7.340806 -161.517395
v 315.912292 -1.640780 -161.517395
v 315.912292 7.340806 -158.640488
v 316.273682 33.562820 -159.001862
v 317.350769 39.313141 -160.078949
v 316.273682 33.562820 -161.156036
v 315.554443 32.485733 -158.282623
v 318.427856 33.562820 -159.001862
v 316.273682 33.562820 -159.001862
v 315.554443 32.485733 -158.282623
v 319.147095 32.485733 -158.282623
v 318.427856 33.562820 -159.001862
v 317.350769 39.313141 -160.078949
v 316.273682 33.562820 -159.001862
v 318.427856 33.562820 -159.001862
v 319.147095 32.485733 -161.875259
v 315.554443 32.485733 -161.875259
v 316.273682 33.562820 -161.156036
v 319.147095 32.485733 -161.875259
v 316.273682 33.562820 -161.156036
v 318.427856 33.562820 -161.156036
v 317.350769 39.313141 -160.078949
v 318.427856 33.562820 -161.156036
v 316.273682 33.562820 -161.156036
v 319.147095 32.485733 -158.282623
v 319.147095 32.485733 -161.875259
v 318.427856 33.562820 -159.001862
v 319.147095 32.485733 -161.875259
v 318.427856 33.562820 -161.156036
v 318.427856 33.562820 -159.001862
v 316.273682 33.562820 -159.001862
v 316.273682 33.562820 -161.156036
v 315.554443 32.485733 -161.875259
v 316.273682 33.562820 -159.001862
v 315.554443 32.485733 -161.875259
v 315.554443 32.485733 -158.282623
v 318.427856 33.562820 -161.156036
v 317.350769 39.313141 -160.078949
v 318.427856 33.562820 -159.001862
v 315.554443 32.485733 -161.875259
v 319.147095 32.485733 -161.875259
v 319.147095 32.485733 -158.282623
v 315.554443 32.485733 -161.875259
v 319.147095 32.485733 -158.282623
v 315.554443 32.485733 -158.282623
v 315.912292 28.893099 -161.517395
v 318.789215 32.485733 -161.517395
v 318.789215 28.893099 -161.517395
v 315.912292 28.893099 -161.517395
v 315.912292 32.485733 -161.517395
v 318.789215 28.893099 -158.640488
v 315.912292 32.485733 -158.640488
v 315.912292 28.893099 -158.640488
v 318.789215 28.893099 -158.640488
v 318.789215 32.485733 -158.640488
v 315.912292 32.485733 -158.640488
v 315.912292 28.893099 -158.640488
v 315.912292 32.485733 -161.517395
v 315.912292 28.893099 -161.517395
v 315.912292 28.893099 -158.640488
v 315.912292 32.485733 -158.640488
v 318.789215 28.893099 -161.517395
v 318.789215 32.485733 -158.640488
v 318.789215 28.893099 -158.640488
v 318.789215 28.893099 -161.517395
v 318.789215 32.485733 -161.517395
v 318.789215 32.485733 -158.640488
vn -0.0000 -0.0000 -1.0000
vn -0.0000 -0.0000 1.0000
vn 1.0000 -0.0000 -0.0000
vn -1.0000 -0.0000 -0.0000
vn -0.9829 0.1841 -0.0000
vn -0.0000 0.5553 0.8316
vn -0.0000 0.1841 0.9829
vn -0.0000 0.5553 -0.8316
vn -0.0000 0.1841 -0.9829
vn 0.8316 0.5553 -0.0000
vn -0.8316 0.5553 -0.0000
vn 0.9829 0.1841 -0.0000
vn -0.0000 -1.0000 -0.0000
vt 0.966797 -0.966797
vt 0.966797 6.517578
vt 0.000000 6.517578
vt 0.000000 -0.966797
vt 7.953125 -0.966797
vt 8.951172 6.519531
vt 8.951172 -0.966797
vt 7.953125 6.519531
vt 0.000000 2.152344
vt 0.966797 2.152344
vt 10.947266 2.152344
vt 10.947266 -0.966797
vt 9.949219 2.152344
vt 9.949219 -0.966797
vt 1.964844 -0.218750
vt 1.216797 3.773438
vt 0.468750 -0.218750
vt 0.466797 -0.218750
vt 2.464844 -0.966797
vt 2.462891 -0.966797
vt 0.134766 1.861328
vt 0.468750 1.861328
vt 0.468750 2.193359
vt 0.134766 2.193359
vt 0.966797 -0.982422
vt 0.000000 0.000000
vt 0.000000 -0.982422
vt 0.966797 0.000000
s 1
usemtl Material_0.121
f 12689/3229/1494 12690/3230/1494 12691/3231/1494
f 12692/3229/1494 12693/3231/1494 12694/3232/1494
f 12695/3232/1495 12696/3231/1495 12697/3230/1495
f 12698/3232/1495 12699/3230/1495 12700/3229/1495
f 12701/3233/1496 12702/3234/1496 12703/3235/1496
f 12704/3233/1496 12705/3236/1496 12706/3234/1496
f 12707/3235/1497 12708/3234/1497 12709/3236/1497
f 12710/3235/1497 12711/3236/1497 12712/3233/1497
f 12713/3229/1494 12714/3232/1494 12715/3237/1494
f 12716/3238/1494 12717/3229/1494 12718/3237/1494
f 12719/3237/1495 12720/3232/1495 12721/3238/1495
f 12722/3232/1495 12723/3229/1495 12724/3238/1495
f 12725/3239/1496 12726/3240/1496 12727/3241/1496
f 12728/3240/1496 12729/3242/1496 12730/3241/1496
f 12731/3242/1497 12732/3240/1497 12733/3239/1497
f 12734/3241/1497 12735/3242/1497 12736/3239/1497
usemtl Material_1.121
f 12737/3243/1498 12738/3244/1498 12739/3245/1498
f 12740/3232/1499 12741/3243/1499 12742/3246/1499
f 12743/3232/1499 12744/3247/1499 12745/3243/1499
f 12746/3244/1500 12747/3245/1500 12748/3243/1500
f 12749/3232/1501 12750/3247/1501 12751/3243/1501
f 12752/3232/1501 12753/3243/1501 12754/3245/1501
f 12755/3244/1502 12756/3245/1502 12757/3243/1502
f 12758/3232/1503 12759/3247/1503 12760/3245/1503
f 12761/3247/1503 12762/3243/1503 12763/3245/1503
f 12764/3243/1504 12765/3245/1504 12766/3232/1504
f 12767/3243/1504 12768/3232/1504 12769/3248/1504
f 12770/3243/1505 12771/3244/1505 12772/3245/1505
f 12773/3249/1506 12774/3250/1506 12775/3251/1506
f 12776/3249/1506 12777/3251/1506 12778/3252/1506
usemtl Material_3.121
f 12779/3253/1494 12780/3254/1494 12781/3255/1494
f 12782/3253/1494 12783/3256/1494 12780/3254/1494
f 12784/3255/1495 12785/3256/1495 12786/3253/1495
f 12787/3255/1495 12788/3254/1495 12789/3256/1495
f 12790/3253/1497 12791/3254/1497 12792/3255/1497
f 12793/3253/1497 12794/3256/1497 12791/3254/1497
f 12795/3255/1496 12796/3256/1496 12797/3253/1496
f 12798/3255/1496 12799/3254/1496 12800/3256/1496
o node.115
v 301.030609 7.340806 -161.517395
v 301.030609 28.893099 -161.517395
v 303.907532 28.893099 -161.517395
v 301.030609 7.340806 -161.517395
v 303.907532 28.893099 -161.517395
v 303.907532 7.340806 -161.517395
v 303.907532 7.340806 -158.640488
v 303.907532 28.893099 -158.640488
v 301.030609 28.893099 -158.640488
v 303.907532 7.340806 -158.640488
v 301.030609 28.893099 -158.640488
v 301.030609 7.340806 -158.640488
v 303.907532 7.340806 -161.517395
v 303.907532 28.893099 -158.640488
v 303.907532 7.340806 -158.640488
v 303.907532 7.340806 -161.517395
v 303.907532 28.893099 -161.517395
v 303.907532 28.893099 -158.640488
v 301.030609 7.340806 -158.640488
v 301.030609 28.893099 -158.640488
v 301.030609 28.893099 -161.517395
v 301.030609 7.340806 -158.640488
v 301.030609 28.893099 -161.517395
v 301.030609 7.340806 -161.517395
v 303.907532 -1.640780 -161.517395
v 301.030609 -1.640780 -161.517395
v 301.030609 7.340806 -161.517395
v 303.907532 7.340806 -161.517395
v 303.907532 -1.640780 -161.517395
v 301.030609 7.340806 -161.517395
v 301.030609 7.340806 -158.640488
v 301.030609 -1.640779 -158.640488
v 303.907532 7.340806 -158.640488
v 301.030609 -1.640779 -158.640488
v 303.907532 -1.640779 -158.640488
v 303.907532 7.340806 -158.640488
v 303.907532 7.340806 -158.640488
v 303.907532 -1.640779 -158.640488
v 303.907532 7.340806 -161.517395
v 303.907532 -1.640779 -158.640488
v 303.907532 -1.640780 -161.517395
v 303.907532 7.340806 -161.517395
v 301.030609 -1.640780 -161.517395
v 301.030609 -1.640779 -158.640488
v 301.030609 7.340806 -158.640488
v 301.030609 7.340806 -161.517395
v 301.030609 -1.640780 -161.517395
v 301.030609 7.340806 -158.640488
v 301.391998 33.562820 -159.001862
v 302.469086 39.313141 -160.078949
v 301.391998 33.562820 -161.156036
v 300.672760 32.485733 -158.282623
v 303.546173 33.562820 -159.001862
v 301.391998 33.562820 -159.001862
v 300.672760 32.485733 -158.282623
v 304.265411 32.485733 -158.282623
v 303.546173 33.562820 -159.001862
v 302.469086 39.313141 -160.078949
v 301.391998 33.562820 -159.001862
v 303.546173 33.562820 -159.001862
v 304.265411 32.485733 -161.875259
v 300.672760 32.485733 -161.875259
v 301.391998 33.562820 -161.156036
v 304.265411 32.485733 -161.875259
v 301.391998 33.562820 -161.156036
v 303.546173 33.562820 -161.156036
v 302.469086 39.313141 -160.078949
v 303.546173 33.562820 -161.156036
v 301.391998 33.562820 -161.156036
v 304.265411 32.485733 -158.282623
v 304.265411 32.485733 -161.875259
v 303.546173 33.562820 -159.001862
v 304.265411 32.485733 -161.875259
v 303.546173 33.562820 -161.156036
v 303.546173 33.562820 -159.001862
v 301.391998 33.562820 -159.001862
v 301.391998 33.562820 -161.156036
v 300.672760 32.485733 -161.875259
v 301.391998 33.562820 -159.001862
v 300.672760 32.485733 -161.875259
v 300.672760 32.485733 -158.282623
v 303.546173 33.562820 -161.156036
v 302.469086 39.313141 -160.078949
v 303.546173 33.562820 -159.001862
v 300.672760 32.485733 -161.875259
v 304.265411 32.485733 -161.875259
v 304.265411 32.485733 -158.282623
v 300.672760 32.485733 -161.875259
v 304.265411 32.485733 -158.282623
v 300.672760 32.485733 -158.282623
v 301.030609 28.893099 -161.517395
v 303.907532 32.485733 -161.517395
v 303.907532 28.893099 -161.517395
v 301.030609 28.893099 -161.517395
v 301.030609 32.485733 -161.517395
v 303.907532 28.893099 -158.640488
v 301.030609 32.485733 -158.640488
v 301.030609 28.893099 -158.640488
v 303.907532 28.893099 -158.640488
v 303.907532 32.485733 -158.640488
v 301.030609 32.485733 -158.640488
v 301.030609 28.893099 -158.640488
v 301.030609 32.485733 -161.517395
v 301.030609 28.893099 -161.517395
v 301.030609 28.893099 -158.640488
v 301.030609 32.485733 -158.640488
v 303.907532 28.893099 -161.517395
v 303.907532 32.485733 -158.640488
v 303.907532 28.893099 -158.640488
v 303.907532 28.893099 -161.517395
v 303.907532 32.485733 -161.517395
v 303.907532 32.485733 -158.640488
vn -0.0000 -0.0000 -1.0000
vn -0.0000 -0.0000 1.0000
vn 1.0000 -0.0000 -0.0000
vn -1.0000 -0.0000 -0.0000
vn -0.9829 0.1841 -0.0000
vn -0.0000 0.5553 0.8316
vn -0.0000 0.1841 0.9829
vn -0.0000 0.5553 -0.8316
vn -0.0000 0.1841 -0.9829
vn 0.8316 0.5553 -0.0000
vn -0.8316 0.5553 -0.0000
vn 0.9829 0.1841 -0.0000
vn -0.0000 -1.0000 -0.0000
vt 0.966797 -0.966797
vt 0.966797 6.517578
vt 0.000000 6.517578
vt 0.000000 -0.966797
vt 7.953125 -0.966797
vt 8.951172 6.519531
vt 8.951172 -0.966797
vt 7.953125 6.519531
vt 0.000000 2.152344
vt 0.966797 2.152344
vt 10.947266 2.152344
vt 10.947266 -0.966797
vt 9.949219 2.152344
vt 9.949219 -0.966797
vt 1.964844 -0.218750
vt 1.216797 3.773438
vt 0.468750 -0.218750
vt 0.466797 -0.218750
vt 2.464844 -0.966797
vt 2.462891 -0.966797
vt 0.134766 1.861328
vt 0.468750 1.861328
vt 0.468750 2.193359
vt 0.134766 2.193359
vt 0.966797 -0.982422
vt 0.000000 0.000000
vt 0.000000 -0.982422
vt 0.966797 0.000000
s 1
usemtl Material_0.122
f 12801/3257/1507 12802/3258/1507 12803/3259/1507
f 12804/3257/1507 12805/3259/1507 12806/3260/1507
f 12807/3260/1508 12808/3259/1508 12809/3258/1508
f 12810/3260/1508 12811/3258/1508 12812/3257/1508
f 12813/3261/1509 12814/3262/1509 12815/3263/1509
f 12816/3261/1509 12817/3264/1509 12818/3262/1509
f 12819/3263/1510 12820/3262/1510 12821/3264/1510
f 12822/3263/1510 12823/3264/1510 12824/3261/1510
f 12825/3257/1507 12826/3260/1507 12827/3265/1507
f 12828/3266/1507 12829/3257/1507 12830/3265/1507
f 12831/3265/1508 12832/3260/1508 12833/3266/1508
f 12834/3260/1508 12835/3257/1508 12836/3266/1508
f 12837/3267/1509 12838/3268/1509 12839/3269/1509
f 12840/3268/1509 12841/3270/1509 12842/3269/1509
f 12843/3270/1510 12844/3268/1510 12845/3267/1510
f 12846/3269/1510 12847/3270/1510 12848/3267/1510
usemtl Material_1.122
f 12849/3271/1511 12850/3272/1511 12851/3273/1511
f 12852/3260/1512 12853/3271/1512 12854/3274/1512
f 12855/3260/1512 12856/3275/1512 12857/3271/1512
f 12858/3272/1513 12859/3273/1513 12860/3271/1513
f 12861/3260/1514 12862/3275/1514 12863/3271/1514
f 12864/3260/1514 12865/3271/1514 12866/3273/1514
f 12867/3272/1515 12868/3273/1515 12869/3271/1515
f 12870/3260/1516 12871/3275/1516 12872/3273/1516
f 12873/3275/1516 12874/3271/1516 12875/3273/1516
f 12876/3271/1517 12877/3273/1517 12878/3260/1517
f 12879/3271/1517 12880/3260/1517 12881/3276/1517
f 12882/3271/1518 12883/3272/1518 12884/3273/1518
f 12885/3277/1519 12886/3278/1519 12887/3279/1519
f 12888/3277/1519 12889/3279/1519 12890/3280/1519
usemtl Material_3.122
f 12891/3281/1507 12892/3282/1507 12893/3283/1507
f 12894/3281/1507 12895/3284/1507 12892/3282/1507
f 12896/3283/1508 12897/3284/1508 12898/3281/1508
f 12899/3283/1508 12900/3282/1508 12901/3284/1508
f 12902/3281/1510 12903/3282/1510 12904/3283/1510
f 12905/3281/1510 12906/3284/1510 12903/3282/1510
f 12907/3283/1509 12908/3284/1509 12909/3281/1509
f 12910/3283/1509 12911/3282/1509 12912/3284/1509
